_id,name,organization,driver.name,endpoint
54f419dcd2c4830936e6c82a,UMS,ООО «Universal Mobile Systems»,ums.new,http://172.18.15.170/paynet/paymentserver.php?wsdl
55ae373aea05384bd72e2eaa,Uzonline,АК «Узбектелеком»,uzmobile-bba,https://10.0.202.229:446/KKM_PG_GATE/
5630bc3ae71e91553ab935bf,Sarkor ,СП ООО «Sarkor Telecom»,generic,https://paysystem.sarkor.uz/payme
56c2c000ad5cf0346439c83e,Hostim Uz,СП ООО «Sarkor Telecom»,generic,https://paysystem.sarkor.uz/payme
56e8f2f5e6f46b5c1cbe51cb,Nano Telecom,ООО «NANO TELECOM»,nano-new,https://172.16.0.2:8443/bgbilling/mpsexecuter/21/1
57064988e6f46b5c1cbe6116,ART UZ PROMOTION AGENCY,ООО «ART UZ PROMOTION»,generic,https://myticket.uz/payme
57e905404f634eeea9d63613,mediabay.uz,ООО «Mediabay Asia»,generic,http://46.8.35.12/payme/index.php
5847bdeedacc172a8089fc04,Skyline,ООО «Lit-Tel»,skyline,https://gw.skyline.uz/
58511f74ad153fe5661cacf6,uybor,ООО «Seide International»,generic,https://api.uybor.uz/api/v1/payments/paycom
585bcbe7e084e20c50997928,Uzbektelecom,АК «Узбектелеком»,uzmobile-pstn,https://10.0.202.229:446/KKM_PG_GATE/
5860bc369619aaa94021f424,uybor,ООО «Seide International»,generic,https://avtobor.uz/api/payments_uz/paycom
589315b7afb81c0f68cbe584,Kapital bank,ATB «Kapitalbank»,credits.kapital-api,https://pay.kapital24.uz/JetB2OTPWS/ScriptExecutorWS
5899a92eafb81c0f68cbe58c,Invest-Finans bank,Invest-Finans bank,credits.nci,http://10.255.255.50:18081/isloan
58a2cd5f53d31d12dc4220a7,Davr bank,Davr bank,credits.nci,https://isloan.davrbank.uz/isloan/
58a57b6be271fbf1f0f95c7f,INTEGRITY SOLUTION,"ООО «""INTEGRITY SOLUTION"" MAS`ULIYATI CHEKLANGAN JAMIYAT»",generic,https://itrade.uz/?wc-api=wc_payme
58c6c811a8b7906e1d7a213d,TechnoRenz,ООО «TECHNOUNIT-GROUP MCHJ»,generic,https://pays.4u.uz/
58edd587f507110a78853927,Turon Bank,Turon Bank,turon-bank,http://192.168.7.243:3064/loan-api/loanapi/payme/
5909d164f507110a7885393c,Sarkor TV,СП ООО «Sarkor Telecom»,generic,https://paysystem.sarkor.uz/payme
5912eb516c3596548b4acfa7,topstudent.uz,ЧП «QANDIMOV SULAYMON TILAK O‘G‘LI»,generic,http://topstudent.uz/payme
5947b2dcf507111f98649786,Garant bank,Savdogar Bank,credits.fido,http://192.168.9.21:8080/fb-loan/onlinepay/payme/
59898b8d40d435212801926a,Trastbank,Trastbank,credits.fido,http://192.168.0.241:8080/fb-loan/onlinepay/payme/
59a0167b4e4319d92565b4c5,Кабельное телевидение,ООО «OREOL PLUS TV»,istv,https://31.135.208.6:10444/server.php
59e88cf05edcd7253218424f,MyTaxi,ООО «My Taxi Ops»,generic,https://api.mytaxi.uz/v1/paycom/merchant/driver-refill/
59f9ada61fe08a8d561ce273,APLGO,ООО «ИП ООО APLGO»,generic,https://backoffice.aplgo.com/pay_paycom/
5a00b5171fe08a8d561ce63a,Даракчи,ООО «Darakchi inform servis»,generic,https://api.darakchi.uz/ru/api/v1/payment/payme-merchant/
5a40d625fdc97e44a4923e14,Asakabank,Asakabank,credits.fido,http://172.16.50.85:7007/fb-loan/onlinepay/payme/
5a410a92fdc97e44a4923e16,Universalbank,Universalbank,credits.fido,http://10.48.208.102:8080/fb-loan/onlinepay/payme/
5a7321ef972245917e2fdf03,Hydro Life 18.9,ООО «BILLUR SUV»,generic,https://hydrolife.botagent.uz/payment/paycom
5a7d3d9a972245917e2fe8d0,crediton.uz,ООО «Missiriya Trans Biznes»,generic,https://crediton.uz/payments/payme.php
5a90065cbdf99c00e4231b1b,O`zsanoatqurilishbank,O`zsanoatqurilishbank,credits.fido,http://10.3.48.251/fb-loan/onlinepay/payme/
5ab8f99d7819302eec5d49d9,Ipoteka Bank,Ipoteka bank,credits.asbt,http://10.69.30.1:8080/payme_online/credit
5ad973162b9cc17e5ee1b9f1,ЧП Fortuna Universal Trading,ООО «Fortuna Universal Trading»,generic,https://biolavka.uz/?wc-api=wc_payme
5b1fd0995c641e0e8369c4c3,«ВАҚФ» хайрия жамоат фонди, «ВАҚФ» хайрия жамоат фонди,vaqf-v2,http://api.vaqf.uz/
5b30c6b606e03a5621b04dec,HAMKOR-TV,ЧП «HAMKOR TV»,hamkor-tv,http://31.135.214.120:8083/paycom/paycom.php
5b31f08cc161ccb940856918,Mehrli qo'llar,ООО «Mehrli qo'llar»,generic,https://api.mehrli.uz/v1/paycom
5b42f79cc161ccb940857c17,MyTaxi,ООО «MY TAXI OPS»,generic,https://api.mytaxi.uz/v1/paycom/merchant/order-debts/
5b681721792a651964737ed4,Beeline,ООО «Unitel»,generic,http://37.110.209.217/paycom/
5bb34db52860d7d754f6bdb3,TYS,АО «TEMIRYO'L SUG'URTA»,generic,https://billing.tys.uz/rest/paycom
5bc5d41b489ce62470205e2f,Asia Alliance Bank,Asia Alliance Bank,credits.fido,http://10.11.10.21:7001/fb-loan/onlinepay/payme/
5bdc2a21489ce62470205ed9,Мониторинг платежей,СП ООО «Inspired»,generic,http://172.17.9.197:5689
5c06ba234c82fd456da95399,Akademnashr NMM,ООО «Akademnashr NMM»,generic,https://akademnashr.uz/applications/payme/interface/gateway/payme.php
5c1cc8b8a54c2448098bc2a3,Technotrade,ООО «East-West Engineering»,generic,https://technotrade.uz/?wc-api=Kit_Callback
5c344c9fe6a51ca84399f1d6,Automega Motors,ООО «Automega Motors»,generic,https://avtomega.uz/user/online_payment/paycom/
5c639cf2e6a51ca8439a4b47,TYS,АО «TEMIRYO'L SUG'URTA»,generic,https://billing.tys.uz/rest/paycom
5c7528c7b4db2fbd668878d7,A-net,ООО «OLMALIQ VIKTORIYA»,generic,https://merchant.a-net.uz/internet/api
5ca6617b728484fd322d66e3,ATLANTIS OYL TERMEZ,ЧП «ATLANTIS OYL TERMEZ»,generic,https://dvstart.com/index.php?option=com_rsmembership&paymepayment=1
5d08e2ba253629eb5d35638d,OZIQUZ,ООО «Sunet Technology»,generic,https://oziq-api.websa.tech/api/payme/payment
5d22d726659a204299fbff5d,Сверка MUNIS TBC,Сверка,munis-tbc,http://10.100.115.73/api
5d394cd74574ded53cfeeefd,Qurbonlik.uz,ООО «Yuzming Tabassum»,generic,https://api.qurbonlik.uz/v1/paycom
5d44232174eeb0856924b4c1,Узбектелеком,АО «Узбектелеком»,generic,https://online-order.utc.uz/api/paycom-vn
5d515ef759d0dba25945a817,"""KOINOT-TV"" Интернет провайдер",ООО «KOINOT-TV»,generic,https://paysys.koinot-tv.uz:9443/paysys_check.cgi
5d54f45c59d0dba25945b4c0,DAFNA,ООО «PALISANDR»,generic,https://psapi.megagroup.ru/accounts/54695/notify
5d5a7eb4ef85dc207414fa3b,Штрафы ГУБДД,СП ООО «Inspired»,generic,http://172.17.9.197:5689
5d5e8be42031550a68e20d80,OZIQUZ,ООО «Sunet Technology»,generic,https://tas-ix-vagon.oziquz.ga/api/payme/payment
5d91caff3b466e48e1dc1972,TelecomTV,АК «Узбектелеком»,uzmobile-iptv,https://10.0.202.229:446/KKM_PG_GATE/
5da8498a7a1066cc7fe92807,Softex,ООО «Softex»,generic,https://openstudy.uz/paymeAPI_Softex/index.php
5da84a377a1066cc7fe9280c,Softex,ООО «Softex»,generic,https://aim.uz/paymeAPINewUser_Softex/index.php
5db4253e7a1066cc7fe96446,MARINE HEALTH ,ООО «MARINE HEALTH UZ»,generic,https://my.marinehealth.asia/payme/notify.rpc
5dd268ce859125662514d308,"""O`ZBEKISTON TELEKOMMUNIKATSIYA TARMOQLARINI BOSHQARISH RESPUBLIKA MARKAZI"" DUK",ГУП «РЦУСТУз»,generic,https://publicapi.uzimei.uz/merchantapi
5de4e6ffcb5886ba38ba796b,Sayt.uz,ООО «SAYT INFO»,generic,https://sayt.uz/order/callback/payme.php
5de64b06cb5886ba38ba81ab,Idevelopers,ООО «Innovative developers»,generic,http://idev.uz/?wc-api=wc_payme
5e0495f1e6ae84d13e367d46,REQLAMA,ООО «Qoob Creation»,generic,https://api.reqlama.uz/payme
5e06fd9d7e9d572a0c10d76d,Uzbekistan Airways,"ГУП «""UZBEKISTAN AIRWAYS"" AKSIYADORLIK JAMIYATI»",generic,https://pay.uzairways.com:88/paycom/
5e06fdc17e9d572a0c10d76e,Uzbekistan Airways,"ГУП «""UZBEKISTAN AIRWAYS"" AKSIYADORLIK JAMIYATI»",generic,https://pay.uzairways.com:88/paycom/
5e06fe057e9d572a0c10d76f,Uzbekistan Airways,"ГУП «""UZBEKISTAN AIRWAYS"" AKSIYADORLIK JAMIYATI»",generic,https://promo.uzairways.com:88/paycom/
5e170d61b996f9382f223c49,Orient Finans Bank,Orient Finans Bank,credits.fido,https://fbloan.ofb.uz/fb-loan/onlinepay/payme/
5e2047a17e9d572738eb3de6,Biznesni Rivojlantirish Banki,AKБ «Biznesi Rivojlantirish Banki»,credits.fido,http://172.16.49.56:7779/fb-loan/onlinepay/payme/
5e26d62cee1d825e7c022cf7,АТТО,ООО «AVTOMATLASHTIRILGAN TRANSPORT TO’LOV TIZIMI OPERATORI»,atto,https://payme.atto.uz/v1.0
5e2e8f56b5b59d61023b9cfb,OZIQUZ,ООО «Sunet Technology»,generic,https://lawyer-api.oziquz.ga/api/payme/payment
5e317ac6cb377b664f1843a6,HBL,ООО «Filuet Silk Way Logistics»,generic,https://checkout.myfiluet.com/api/v1/payme
5e32bf75d78b106a670a823f,Best Internet Solution,ООО «BEST INTERNET SOLUTION»,generic,https://api.eskiz.uz/api/payment/payme-callback
5e3bf7e2d78b106a670acb52,web2print,ООО «MICROS PAK»,generic,https://web2print.uz/api/payment/paycom
5e70c1c0d21aed7b658cded3,VISION,"ООО «ООО ""VIP CLASSIC""»",generic,https://api.sessia.com/paycom2
5e86ff057e9d570470c5544a,EVO,ООО Super iMax,evo,http://94.141.64.35:9100/openapi/cs
5e8775b1f404cf625d165bd7,Университет Инха в городе Ташкенте,ННО «Университет Инха в городе Ташкенте»,generic,https://ums.inha.uz/payments/payme-admission
5e8b17dc7e9d5724c0897395,Comnet,ООО «IPLUS»,comnet-internet,https://94.158.48.4/paysys_check.cgi
5e8c58e5f404cf625d16b92f,Sales Doctor,ООО «Sales Doctor Solutions»,generic,https://billing.salesdoc.io/api/payme
5e8de79bf404cf625d16e68f,YaponaMama,ООО «MIKA TRADE»,generic,https://panel.yaponamama.uz/payment/paycom?id=3
5e8de80ff404cf625d16e694,YaponaMama,ООО «A'LOTAOMSERVIS»,generic,https://panel.yaponamama.uz/payment/paycom?id=2
5e8ef22af404cf625d16f675,olcha.uz,ООО «Olcha uz»,generic,https://olcha.uz/payments/paycom
5e99fd507e9d5726ece415d6,East Telecom,ООО «East Telecom»,tps,https://pay.tps.uz/api
5e9d989a9c3d07222822fbc3,BWS,ООО «Starlab»,generic,https://uzsoft.uz/?wc-api=wc_payme
5ec246426420f3660dc8fb9f,PHARMACLICK,ООО «	PHARMACLICK MCHJ XORIJIY KORXONA»,generic,https://pharmaclick.uz/ru/pay/payme.php
5ec427346420f3660dc92729,Университет Инха в городе Ташкенте,ННО «Университет Инха в городе Ташкенте»,generic,https://ums.inha.uz/payments/payme-contract
5ec51db56420f3660dc93ba0,T-NET,ООО «NOVA GROUP»,generic,http://185.211.128.250:1444/paycom_uz.php
5ec529c5a66c1a3017f01c5b,Saderat Bank Credits,ООО Saderat Bank Credits»,credits.asbt,http://10.43.49.1:8080/loan/credit
5ecd3b8a556442016fe5029a,AZIA GOLD MASTER,ЧП «AZIA GOLD»,generic,http://alpha.itscloud.ltd/agm/hs/paycom
5ed2018713438abc38927769,Personal Development Process,ООО «Inflex Inc»,generic,https://online.pdp.uz/payme_api
5ed71f9a13438abc3892d54a,Salom Telecom,ООО «MAXEMEX»,generic,https://bill.salom.uz/payme/
5ed8c8c047a625d646908294,TIM'S,ООО «TIM'S COFFE AND ROASTERY»,generic,https://tims.uz/?wc-api=wc_payme
5ede954047a625d64690ed9e,The Kadirov Group,ООО «The Kadirov Group»,generic,https://api.boshqar.com/api/payments/payme
5ee0e04b47a625d646911ad8,ADelta,ООО «DELTA MIKROKREDIT TASHKILOTI»,generic,https://213.230.126.45/api
5ee9cf67c2a2e8e1604ae8ac,Hujjat.uz,"ООО «""REALSOFT"" MCHJ»",generic,https://api.hujjat.uz/payment/payme
5ef337e1b18e52dd0c1b054e,ARS-INFORM,ООО «ARS-INFORM»,generic,https://merchant.ars.uz/internet/api
5f043df4f4e693d74a13e9e0,Sportshopintashkent,ООО «Sportshopintashkent»,generic,https://psapi.megagroup.ru/accounts/30050/notify
5f157a059c3d0731e01b2ed1,Gals Telecom,ООО «GALS TELEKOM»,generic,https://payme.gals.uz:8080/api/payments/payme
5f157a739c3d0731e01b2ed5,Gals Telecom,ООО «GALS TELEKOM»,generic,https://payme.gals.uz/caeF5aeKaiphah8I/
5f16cc6955be89451f46a9c4,CREATE,ЧП «ANKUDINOV R.V.»,generic,https://createuz.com/?wc-api=wc_payme
5f210b20a8d4d98c2aeb2890,Dr.Web,ООО «TOPVISION»,generic,https://api2.rrpo.uz/api/payments/paycom
5f2a6762c8cb4c256f9ab59b,SUNRISE PHARMA,ООО «LUX SUNRISE PHARMA»,generic,https://colostrum.jamgirov.uz/payme/api/1/
5f31214937c4fb1f68eef788,Ipak Yuli Bank,Ipak Yuli Bank,credits.nci,http://84.54.74.179:5501/isloan
5f3a2de31e72e34c38e0d1a4,CITYNET,ООО «CITYNET»,citynet,https://proxy-citynet/customer_api/callbacks/osmp/payme
5f4638ae1d8bbeb111faf840,Bolajon dunyosi,ННО «Fargona viloyati bolajon dunyosi xayriya jamoat fondi»,generic,https://bolajon.mehrli.uz/v1/paycom
5f5207c41d8bbeb111fbc465,INSPO,ООО «INSPO CARE»,generic,https://inspo.uz/personal/order/notification.php
5f5a56b01d8bbeb111fc5fd9,Mfaktor,ООО «MFaktor»,generic,https://mfaktor.uz/payme_api
5f69a6ee7661eecd07da0882,Национальное Информационное агентство Узбекистана-УзА ,ГУП «Национальное Информационное агентство Узбекистана-УзА»,generic,https://merchant.uza.uz/paycom/default
5f8826288b2a96c6181f3c75,MFaktor,ООО «MFaktor»,generic,https://backend.eduon.uz/api/paycom
5f8ee589740f35d3638a491c,Hostmaster,ООО «NEW LINE SOLUTIONS»,generic,https://paycom.hostmaster.uz/
5f9278074602db363c0911b3,vClouds,"ООО «""Virtual Clouds""»",generic,https://my.vclouds.biz/index.php?loend=true&cmd=callback&module=37
5f9278444602db363c0911b7,vClouds,"ООО «""Virtual Clouds""»",generic,https://m.vclouds.biz/modules/gateways/callback/payme.php
5f9ba53f740f35d3638b0248,Fish and Bread,ООО «Fish and Bread»,generic,https://fab.zoomda.uz:4001/payme/
5fa2557a740f35d3638b68e1,LEADER MEN,ООО «JNS LABS»,generic,http://91.218.231.159:2407/paycom/
5fa4e85980c1382f6432f637,ROSE.UZ,"ООО «ООО ""ROSE MARKET""»",generic,https://rose.uz/payment/payme
5fa8f1c1e938edd006171402,Programmer,ООО «PROGRAMMER UZ»,generic,https://api.programmer.uz/payme
5fac18bde938edd00617503b,ЧАЙКОФ САИД БАРАКА,"ООО «""LA MARZOCCO GROUP""»",generic,https://chk.botagent.uz/payment/paycom?id=1
5fac19a4e938edd006175050,ЧАЙКОФ - НОВОМОСКОВСКАЯ,"ООО «ООО ""SWEET COFFEE""»",generic,https://chk.botagent.uz/payment/paycom?id=2
5fac19f7e938edd00617505a,ЧАЙКОФ - ШОТА РУСТАВЕЛИ,"ООО «ООО ""RUSCOFFEE""»",generic,https://chk.botagent.uz/payment/paycom?id=3
5fbb4d67f8caf1c00e7e9402,Jumanji,ООО «DJUMANDJI»,generic,https://jumanji.uz/paycom/
5fbe38e04602db3f5cb98a10,ZMARKET,ООО «ZAAMIN-MARKET»,generic,https://zmarket.uz/api/v1/payme/init
5fbf98284602db1c688d9b6d,Turon Telecom,ЧП «Turon Media»,generic,https://payment.tn.uz/digital/api
5fbf98544602db1c688d9b72,Turon Telecom,ЧП «Turon Media»,generic,https://payment.tn.uz/hosting/api
5fbf987a4602db1c688d9b76,Cinerama,ЧП «Turon Media»,generic,https://api.cinerama.uz/api/payme/merchant
5fbf989a4602db1c688d9b7a,Turon Telecom,ЧП «Turon Media»,generic,https://payment.tn.uz/internet/api
5fc095bb4602db1c688d9b8a,Netco,ООО «Netka Telekom»,netco,https://apipay.netco.uz/api/paycom/webhook
5fc10ddb4602db17684d3c97,HILOL NASHR  Онлайн-савдо (Универсал),ООО «HILOL NASHR»,generic,https://hilolnashr.uz/index.php?route=extension/payment/paycom/callback
5fc23dd7967998274f7abf6d,Chopar,ООО «PERSPECTIVE COOPERATION BUSINESS»,generic,https://bot.choparpizza.uz/payment/paycom?id=2
5fc23e56967998274f7abf7d,Chopar,ООО «WE MAX CHOPAR»,generic,https://bot.choparpizza.uz/payment/paycom?id=3
5fc4ec5e967998274f7ae6db,NEVA,СП ООО «IST TELEKOM»,generic,http://bitrix.kidya.uz/make_order/payme.php
5fc73c8abebbb556786e873e,IMKON-SUG`URTA,"ООО «ООО ""IMKON-SUG`URTA""»",generic,https://api.imkonsugurta.uz/api/paycom/add
5fca24024602db23286dc63e,FiberNet,"ООО ""NET TELEVISION""",fiber,https://paysys.fibernet.uz/
5fcdce974602db0b8c363f8d,YaponaMama,ООО «SAVDOBOMOND»,generic,https://panel.yaponamama.uz/payment/paycom?id=5
5fdc67a5e88fb9bb61a4e694,Review.uz,ГУП «Центр экономических исследований и реформ  при Администрации Президента Республики Узбекистан»,generic,https://api.review.uz/v1/paycom
5fe1feb752312934ea445949,Кредитное Бюро,"ООО «Кредитное бюро ""Кредитно-информационный аналитический центр""»",generic,http://172.17.9.197:4388
5fe3187b7acf24a8d0572d2b,City Line.uz,"ООО «""CABLE AND MOBILE BEST SERVICE""»",generic,https://cb-ctwf.uz/paysys_check.cgi
5fe460847acf24a8d05745fd,AQUA STAR,ООО «AQUA STAR»,generic,https://aquastar.uz/payme-callback
5ff2d85ec6d91b16f4872bf4,IMAGE TV,ООО «IMAGE TV»,freelink,https://paysys.flink.uz/
5ff2dd3dc6d91b16f4872c10,IMAGE TV,ООО «IMAGE TV»,generic,https://catv.flink.uz/api/paycom/rpc
5ffd4c2e985203a14048dc42,BBQ BURGER,"ООО «ООО ""BARBEQUE BURGER""»",generic,https://bbq.botagent.uz/payment/paycom
5ffd4c6c985203a14048dc52,BBQ BURGER,"ООО «ООО ""BARBEQUE BURGER""»",generic,http://api.bbqburger.uz/v1/billing/payme
5ffef0c64602db0d1087e413,Pick App for Payme,ООО «PICKAPP»,pickapp,https://da2.pickappu.pro:8088/v3/partner/
60055b204602db3638b4db28,ISTV,Inform Service TV,generic,https://31.135.208.6:44311/index.php
60055c3e262b320beb5be67f,Let's Animate,"ООО «ООО ""LET`S ANIMATE""»",generic,https://lets.uz/payment/payme
60056dbc2b6a141db0f2b41d,Anor Bank,Anor Bank,credits.nci,http://172.25.25.207/isloan
6006a38075d4416c5fb73876,DGT,ООО «DANIEL GROUP TELECOM MCHJ»,generic,https://146.120.232.20:9443/paysys_check.cgi
600eb174ae0c256653a048e9,Sharq Telekom,"СП ООО ""Sharq Telekom""",sharq,https://payment.st.uz/payme.php
600fa3eec27d344dd1cc8f98,SIMUS,"СП ООО ""SIMUS""",sharq,https://payment.simus.uz/payme.php
601799952668b113c43f956c,ahost,ООО «SUVAN NET»,generic,https://clients.ahost.uz/modules/gateways/callback/payme/payme.php
6019518c5a08a5dda944b6dd,L2retro,undefined «MAMARAYIMOV BEKZODJON»,generic,https://ma.l2retro.ru/payme.php
601ce1e8b6e5ee22922a4013,SKS,ООО «SERVIS-KOMMUNIKATSIYA SISTEMALARI»,generic,http://proxy-sks-merchant/payme
601d38423b640f425ede1aca,Mikrokreditbank,Mikrokreditbank,credits.fido,http://10.5.48.240:8080/fb-loan/onlinepay/payme/
602390cc22be5158d343db60,"""KAFIL SUG'URTA""","АО «""KAFIL-SUG`URTA""»",generic,https://kafil.uz/api/payment/payme
6026370fe62619df5ff73cfd,APEX INSURANCE,"АО «""APEX  INSURANCE"" AJ»",generic,https://payme.aic.uz/payme
6030d97aa10b214d8d11d400,Softbot,ООО «JNS LABS»,generic,https://app.businessrobotsai.org/api/v1/payme/callback
6034b4a955c3355b27766de2,SOLA,ООО «ASIA WIRELESS GROUP»,sola,https://epay.sola.uz/paynet/uzpaynetserver.php?wsdl
6034b4d655c3355b27766de6,Metro Telecom,"ООО ""INDEPENDENT TELECOM INNOVATIONS""",sola,https://epay.sola.uz/paynet/uzpaynetserver.php?wsdl
6034ee08a10b214d8d1217b2,Hippo,"ООО «ООО ""ART OF BUSINESS ASSISTANCE""»",generic,https://hippo.sog.uz/api/PaymeCallback
6038e6612aa96f0823818287,iTicket.uz,ООО «ITICKET INGURUZ»,generic,https://payment.iticket.uz/payme/callback
603f542d32b9d27ba076f7cf,SUPER1000,"ООО «ООО ""AZ CAPITAL""»",generic,https://api.super1000.uz/payme-webhook/
604b3194b04e9b6f30aa003d,BRITISH COUNCIL,Представительство Британского Совета,british-council,https://rpay.aloqabank.uz:4041/api/v2/payment
604f513348ff0dacb0c1d5d3,YAPONA MAMA - NEXT,ООО «KINGYO»,generic,https://panel.yaponamama.uz/payment/paycom?id=8
604f51aa48ff0dacb0c1d5e8,YaponaMama - Абай,"ООО «ООО ""YAPONAMAMA""»",generic,https://panel.yaponamama.uz/payment/paycom?id=9
604f55a048ff0dacb0c1d6b9,Yaponamama - Мегаполис,ООО «TOSHTAOMSAVDO (NEW)»,generic,https://panel.yaponamama.uz/payment/paycom?id=10
604f563348ff0dacb0c1d6ce,Yaponamama - Шота,"ООО «ООО ""SUSHI FOOD""»",generic,https://panel.yaponamama.uz/payment/paycom?id=1
604f575148ff0dacb0c1d705,YAPONAMAMA - Боткино,ООО «SUSHI MOON (NEW)»,generic,https://panel.yaponamama.uz/payment/paycom?id=4
604fad0348ff0dacb0c1df11,LIFE MOVEMENT,ЧП «ALEKSEYEVA YELENA»,generic,https://lifemovement.uz/module/Payment/Extension/Paycom/index.php
6050692048ff0dacb0c1ebf1,KOLESA,ООО «ИП ООО KOLESA»,generic,https://pay.avtoelon.uz/pay-me/
6050759b60496ed794398759,Caffelito coffee,ООО «Tulkunov Business»,generic,https://caffelito.coffee/?route=extension/payment/payme/callback
6051ef9273214c962badcd37,Olmaliq Viktoriya,"ООО «""OLMALIQ VIKTORIYA"" МЧЖ»",generic,https://merchant.a-net.uz/digital/api
605dde7973214c962baea79e,KFC Uzbekistan,ООО «INTERNATIONAL FOODCHAIN»,generic,https://payme.ifch.uz
606382d873214c962baf0d08,PARFUM GALLERY,"ООО «ООО ""BEGIM""»",generic,https://api.parfumgallery.uz/api/payment/payme
60659aa61403083e188675fa,O'zbekinvest,"АО «КЭИС ""Узбекинвест""»",generic,https://api.insurance.uz/api/payment/e-payme
6065cd951403083e18867e31,LARDI-TRANS,ООО «WORLD-CARGO»,generic,https://api.lardi-trans.com/webhooks/payments/paycom
606d93441403083e18871828,Taxi Real,ЧП «Vodiy Darxon Trans»,generic,https://213.230.68.124:4433/realtaxi/billing/paycom/
606f0979e928245e531c3cd4,SHASHLEEK,ООО «SHASHLEEK»,generic,https://shashleek.botagent.uz/payment/paycom
60753467e928245e531ca47e,SHAFRAN ,"ООО «ЧП ""SOBIR OMAD""»",generic,https://www.restoran-shafran.uz/index.php?route=extension/payment/payme/callback
60813fdbbb26196eba43b92e,"ikarvon,uz","ООО «ЧП ""IKARVON PRO""»",generic,https://ikarvon.uz/paycom-xBrGbjU2RyaNwBY
6086989d7bb924422cdc6ce2,MAXIMUM INCOM,"ООО «ООО ""MAXIMUM INCOM""»",namangan-taksi-servis,http://627c.cloudtaxi.ru:8080/money/check_pay/
6087b3807bb924422cdc7dc3,SPECTR IT,"ООО «""LUSEYA PLYUS""»",spectr-it,https://ex.spi.uz/api/paycom/rpc
6087b3ba7bb924422cdc7dcb,SPECTR IT,"ООО «""LUSEYA PLYUS""»",spectr-it,https://tv.spi.uz/api/paycom
60895cc80670cb7d044bfcbf,Amazing-tennis,"ООО «ООО ""AWESOME TENNIS""»",generic,https://triada.sedo.uz/payme/index.php
60923b5851d5f0862e0c95b8,Savodxon,ЧП «JURAYEV JAVLON»,generic,https://savodxon.uz/payment/payme/
60929ae78ad987025c606476,BBA - Munis - 0213,Государственный Центр Тестирования,munis-testingcenter,http://merchant-proxy-munis-aloqa/munis-api/munisapi/payme
6093882b51d5f0862e0cb58e,TourUZ,ООО «ClimberCA»,generic,https://touruz.com/shop/?wc-api=wc_payme
6093cd6c5d157d44f1e30353,Судебные платежи - Munis - 0205,Судебные платежи,munis-sud,http://merchant-proxy-munis-aloqa/munis-api/munisapi/payme
60adfaa97852bd0ebce27cd3,ARSENAL D,ООО «ARSENAL D МЧЖ»,generic,https://app.webname.uz/www_data/payme/gate.php
60ae21347852bd0ebce28255,in Science,"ООО «ООО ""IN SCIENCE""»",generic,https://inscience.uz/index.php/index/payPaycom
60b4b07f7852bd0ebce2f8d1,Magic City,"ООО «ООО ""STARGATE SYSTEMS""»",generic,https://payment.magiccity.uz/payme
60b886740d44ad636479e40c,YOTO,ООО «YOTO CORP»,generic,https://yotoapp.com/api/v2/merchant/paycom
60bf615b0d44ad63647a8550,ATELTEKS,ООО «ATELTEKS»,generic,https://tvbill.atelteks.uz/paycom
60c1deb50d44ad63647abbd8,Magic City,"ООО «ООО ""STARGATE SYSTEMS""»",park,93.188.81.99
60c302470d44ad63647ad374,FCN FASHION INDUSTRY,"ООО «ООО ""FCN FASHION INDUSTRY""»",generic,https://fcnshop.uz/?wc-api=wc_payme
60c9c898d54cf9fd7ef9a2fb,YOKI,ООО «Akademnashr NMM»,generic,https://akademnashr.uz/?wc-api=wc_payme
60cc965b326c69184f1213e8,RODENA,"ООО «""RODENA"" MChJ»",generic,https://rodena.botagent.uz/payment/paycom
60d46c85e762484da0f277ce,EMU,"ООО «""EXPRESS MAIL UNIVERSAL""»",generic,https://home.courierexe.ru/acq?pl=Payme
60d56b221564ea3d365696b1,Anor Bank Рассрочка,АО «Anor Bank»,anorbank-instalment-v2,http://10.35.48.100:9090
60d5afbf2bb66530d56b3f54,"Astrum ""Bilim-Tech""",ООО «BILIM TECH»,generic,https://pay.4u.uz/
60ddb998e6902277a263444f,Gross Insurance,АО «Страховая компания GROSS»,generic,https://gross.uz/payme/payment-house
60ddb9c2e6902277a2634450,Gross Insurance,АО «Страховая компания GROSS»,generic,https://gross.uz/paymeapp/payment
60ddb9e8e6902277a2634451,Gross Insurance,АО «Страховая компания GROSS»,generic,https://bot.gross.uz/gateway/paycom
60ddba2ae6902277a2634453,Gross Insurance,АО «Страховая компания GROSS»,generic,https://gross.uz/payments/paycom-car
60ddba7ae6902277a2634458,Gross Insurance,АО «Страховая компания GROSS»,generic,https://gross.uz/payme/payment-kasko
60ddbaa8e6902277a2634459,Gross Insurance,АО «Страховая компания GROSS»,generic,https://gross.uz/payme/payment-traveluz
60ddbadee6902277a263445a,Gross Insurance,АО «Страховая компания GROSS»,generic,https://gross.uz/payme/payment-health
60e83bc60c70b6c66ecc1bf5,FIORI,"ООО «""SOGDIANA GROUP""»",generic,https://fiori.uz/?route=extension/payment/kit_payme&f=Callback
60ee7d388382d4b66c425884,NUTECO PREMIUM,"ООО «""NUTECO PREMIUM"" MChJ»",generic,https://nuteco.botagent.uz/payment/paycom
60eed13b4be7164be6d92141,Universal Taxi,"ООО «OOO ""EDUTECH""»",namangan-taksi-servis,http://84.54.75.20/money/check_pay/payme
60f50bc51eea9c5f6d8fe123,DUPLEXTEL,"ООО «""DUPLEX TEL""»",generic,https://payme2.duplextel.uz/
60f562ccd27f1c4a310a1d30,Gross Insurance,АО «Страховая компания GROSS»,generic,https://gross.uz/payme/payment-travel
60f562e9d27f1c4a310a1d34,Gross Insurance,АО «Страховая компания GROSS»,generic,https://gross.uz/payme/payment-osago
60f56306d27f1c4a310a1d38,Gross Insurance,АО «Страховая компания GROSS»,generic,https://osago.gross.uz/epolis/payme.php
60fe4d9d7247f75328267048,APEXPIZZA,"ООО «""APEXPIZZA""»",generic,https://api.apexpizza.uz/api/payment/transactions/
60fe918f958486ea8f73fe5d,Faktura.uz,"ООО «ООО ""SPACE ONLINE GENESIS""»",generic,https://api.faktura.uz/Api/Paycom/Endpoint
60ffb151958486ea8f741705,OLX.UZ,"ООО «""OLX CLASSIFIEDS""»",generic,https://www.olx.uz/paymentconfirm/beepul/paycom/
60ffb1bb958486ea8f741727,OLX.UZ,"ООО «""OLX CLASSIFIEDS""»",generic,https://www.olx.uz/paymentconfirm/beepulapp/paycomapp/
60fff9d0958486ea8f74247e,BROCCOLI PARK,ООО «BROCCOLI GARDEN»,generic,https://psapi.megagroup.ru/accounts/56567/notify
61091fe0754e932e68fc7863,BCC,"ООО «""AMALIY ALOQALAR BIZNESI""»",generic,https://217.12.81.155:8888/
6113a8ff754e932e68fd8560,Интернет,"ООО «""A-ZZ-A SERVICE"" МЧЖ»",generic,http://109.248.56.253/payin/payme/payin.php
6113c701754e932e68fd8b37,AlfaLife,АО « «ALFA LIFE»»,generic,https://alfalife.uz/paycom/endpoint
61160cd4754e932e68fdbf0b,EMU,ООО «EXPRESS MAIL UNIVERSAL»,generic,http://95.217.183.114/api/paysys/payme
611629aa754e932e68fdc581,EMU,ООО «EXPRESS MAIL UNIVERSAL»,generic,https://apiv1.emupochta.uz/api/payments/webhook/payme
611a49ff754e932e68fe234e,LUPS,ООО «XK LET US PARTY STORE»,generic,https://lups.uz/index.php?route=extension/payment/kit_payme&f=Callback
611b587a754e932e68fe396d,PULATOV SCHOOL,"ООО «""PULATOV SCHOOL"" MChJ»",generic,https://edaai.uz/payme/callback
611cdf9a754e932e68fe6754,SILVER TELECOM,"ООО «""SILVER TELECOM"" MCHJ»",generic,https://92.38.39.18:9443/paysys_check.cgi
611dffce754e932e68fe8284,USTABOR,ООО «MCHJ OXUS CAPITAL GROUP»,generic,https://www.ustabor.uz/payment/payme
611e02cf754e932e68fe96af,BROSS TELEKOM,ООО «BROSS TELEKOM»,generic,https://merchant.optikom.uz/internet/api
611e43f5754e932e68fea54e,ELISIUM,"ООО «ООО ""EMIR  AND UMAR INT GROUP""»",generic,https://psapi.megagroup.ru/accounts/59541/notify
6124f2f0754e932e68ff4557,ITV,ООО «MCHJ ALPHAZET TECHNOLOGIES»,generic,https://payments.itv.uz/v2/paycom/webhook
61263a070c26abd7a63a50fb,KAFOLAT,АО «KAFOLAT SUG'URTA KOMPANIYASI»,generic,https://online.kafolat.uz/online/ins/pay_api/payme
612895200c26abd7a63a8b70,KREPOST,"ООО «ООО ""FORT GROUP""»",generic,https://krepost.sf-botsell.uz/api/payment_handlers/payme
612cb32bc517ef555a8a1009,YAPONAMAMA - Куйлюк,"ООО «ООО ""SUSHI-POINT""»",generic,https://panel.yaponamama.uz/payment/paycom?id=6
6131b3d3c517ef555a8a81a3,REGOS SOFTWARE,"ООО «""REGOS SOFTWARE"" MChJ»",generic,https://pay.regos.uz/paysystem/callback/3ec5a730-7f1e-4f1e-827a-b00b984f5394/
613ae57e06f619dfa07ac2d0,WEBNAME.UZ,ООО «MCHJ ARSENAL WEBNAME»,generic,https://app.webname.uz/www_data/payme/gate.php
613afc1706f619dfa07ac6a3,SYSDC.UZ,ООО «BIG-IT»,generic,https://api.sysdc.uz/endpoints/payment-system/payme
613ef36106f619dfa07b232b,Antiplag.uz,ООО «Perspective Team»,generic,https://antiplag.uz/callback/payme
6143138890d8a20d11eedb89,Oriflame,ИП ООО «ORIFLAME»,generic,https://uz.oriflame.com/finance/payment/B2BNotificationPayme
6143140c90d8a20d11eedb8d,Oriflame,ИП ООО «ORIFLAME»,oriflame,https://94.124.248.133:8443/pm_5fd1cb47a51d4168b57fbabcf34983fb.aspx
614473142cda62ef2bd91c3b,Capital Telecom,ООО «MCHJ CAPITAL TELECOM»,generic,http://84.54.118.221:1444/paycom_uz.php
614b15f14594962b460bab50,GIPPOCAMP ,"ООО «ООО ""GIPPOKAMP""»",generic,https://gippokamp.uz/api/payment/payme
614dd5383c73a4edffcd85d5,CAKE LAB,ООО «MCHJ CAKE LABORATORY»,generic,https://panel.cakelab.uz/payment/paycom
6155a0e1161e70ea14dcf3a8,TPS - EAST TELECOM,ООО «IST TELEKOM»,tps,https://pay.tps.uz/api
615c22306ffb40fb4dba3234,SUSHI BAR №1,ООО «SUSHI BAR №1»,generic,http://bot.sushi-bar.uz/Payme/
615e935a7252cc4407d15b98,FAYZLI UY,"ООО «ООО ""FAYZLI UY""»",fayzli-uy,https://fayzliuy.sola.uz/paysys/?wsdl
615ee7aeec6600f0ae0e7004,"""OLMALIQ SHAHAR ISSIQLIK TA’MINOTI” mas'uliyati cheklangan jamiyati","ООО «""OLMALIQ SHAHAR ISSIQLIK TA’MINOTI” mas'uliyati cheklangan jamiyati»",hotwatercontrol,http://hotwater.uz/api-paymee/
616816e46e71f7f8df5344a9,SHAMSUDDINXON BOBOXONOV,"ООО «ООО ""SHAMSUDDINXON BOBOXONOV BOSMAXONASI""»",generic,https://obuna.hidoyat.uz/paycom
6168489ba934af095c7fd097,GIOTTO ,СП ООО «VANILLA FOOD»,generic,https://giotto.botagent.uz/payment/paycom
616922f2a934af095c7fdde5,RizaNova,ООО «RIZANOVA»,generic,https://api.rizanova.uz/v2/payment/payme-endpoint
61697329a934af095c7fec68,ISTV (NEW),ООО «INFORM-SERVIS TV MCHJ»,generic,https://31.135.208.6:44301/
616d3736a934af095c803f9d,SIRIUS TELECOM ,"ООО «ООО ""INFOBOX""»",generic,https://cabinet.siriustelecom.uz/payin/payme/payin.php
61712b7ae07835ed4c7598e4,MIX BURGER,ООО «MIX DESERT BUSINESS»,generic,https://mix.zoomda.uz:4001/payme/
6176513ce07835ed4c76131d,Bellissimo Pizza Samarqand Darvoza \ Compass \ Ц - 1 \ Delivery \ г.Андижан,ООО «BELLISSIMO PIZZA INTERNATIONAL»,generic,https://pay.bpnet.uz/api/payment/payme
6176a0a0e07835ed4c762175,IMAN,«КТ «IMAN HALAL INVESTMENTS KOMMANDITNOE TOVARISHESTVO»»,generic,https://api.pay.imaninvest.com/v1/payme
6176ad67e07835ed4c762382,G'OYS,"ООО «ООО ""G`OYS""»",generic,https://api.goys.uz/v1/paycom
6177a057e07835ed4c7636de,BELLISSIMO MAGIC CITY,ООО «MCHJ MAGICAL PIZZA»,generic,https://pay.bpnet.uz/api/payment/payme
6177dfd6e533364461a0af47,Paragraf,"ООО «ЧП ""PARAGRAF NAVOIY""»",generic,https://paragraf.uz/?wc-api=wc_payme
6178e544e533364461a0c23e,Bellissimo Pizza Ko'kcha,"ООО «ООО ""MAYFAIR-PIZZA""»",generic,https://pay.bpnet.uz/api/payment/payme
6178e864e533364461a0c2d4,Bellissimo Pizza Беруни,ООО «PIZZA DELIVERY»,generic,https://pay.bpnet.uz/api/payment/payme
6178ef63e533364461a0c3eb,Bellissimo Atlas Чимган,ООО «ECO Pizza»,generic,https://pay.bpnet.uz/api/payment/payme
6178fd55e533364461a0c6d5,C1 I/O,ООО «BELLISSIMO PIZZA INTERNATIONAL»,generic,https://pay.bpnet.uz/api/payment/payme
6178fd8fe533364461a0c6ea,Samarqand Darvoza I/O,ООО «BELLISSIMO PIZZA INTERNATIONAL»,generic,https://pay.bpnet.uz/api/payment/payme
6178fe11e533364461a0c707,Compass I/O,ООО «BELLISSIMO PIZZA INTERNATIONAL»,generic,https://pay.bpnet.uz/api/payment/payme
6178fe4ae533364461a0c718,Yunusabad I/O,ООО «BELLISSIMO PIZZA INTERNATIONAL»,generic,https://pay.bpnet.uz/api/payment/payme
6178ffcce533364461a0c768,Bellissimo Pizza Сергели,ООО «Food Pro»,generic,https://pay.bpnet.uz/api/payment/payme
617919dae533364461a0cba6,Mirabad I/O,ООО «Bellissimo Mirobod»,generic,https://pay.bpnet.uz/api/payment/payme
617d0ef2b977919a7f64e52b,ЧАЙКОФ-Ц1,ООО «COFFEE AND TEA»,generic,https://chk.botagent.uz/payment/paycom?id=4
617fb515b977919a7f6526c0,Mobitel,"ООО «ООО ""MOBI TEL INFORM""»",generic,https://bot.mobitel.uz/payme
618ba5697b369a7443be1f6f,TVCOM,"ООО «""TVPLUS""»",comnet-tv,https://mw.tvcom.uz/billing/api/
619342d59345df1f5d1297a2,QALB KO'ZI,ООО «QALB KO'ZI OFFICIAL»,generic,https://api-qalb.mehrli.uz/v1/paycom
619b9ca7328ba73ec0fb0674,IMOM BUXORIY XALQARO JAMOAT FONDI,ННО «IMOM BUXORIY XALQARO JAMOAT FONDI»,generic,https://albukharifund.com/payme
619c7f8e328ba73ec0fb149a,BISYOR,ООО «ALLTEN»,generic,https://api.bisyor.uz/api/merchant/list/api
619c8006328ba73ec0fb14a4,BISYOR,ООО «ALLTEN»,generic,https://api.bisyor.uz/api/payme/list/api
619c80b6328ba73ec0fb14c3,DANA,ООО «ALLTEN»,generic,https://payment.dana.uz/api/payme/order
619c80fc328ba73ec0fb14cf,DANA,ООО «ALLTEN»,generic,https://payment.dana.uz/api/payme/user
61a47377bede17c4c1b79f59,HOCKEY ARENA ,ЧП «SUXOV TIMUR»,generic,https://hockeyarena.uz/?wc-api=wc_payme
61a70c67bede17c4c1b83c49,RADIUS MOBILE,ООО «RADIUS RETAIL»,generic,https://billing.radius.uz:4012/radius_ut/hs/payme
61a75c3cbede17c4c1b84c76,TASTE BY OZONEFC,ООО «LUNCH BOX»,generic,https://bots.techwiz.uz/tasteByOzonefc/Payme/
61a9c457f6071daf8dad1724,EVOS ,ООО «MCHJ MAK FOOD SERVIS»,generic,https://evsapi.ectn.uz/callback/payme
61a9c4c5f6071daf8dad174a,EVOS ,ООО «MCHJ MAK FOOD SERVIS»,generic,https://evsapi.ectn.uz/callback/payme
61a9c52ef6071daf8dad1770,EVOS ,ООО «MCHJ MAK FOOD SERVIS»,generic,https://evsapi.ectn.uz/callback/payme
61a9c5c0f6071daf8dad17a0,EVOS ,ООО «MCHJ MAK FOOD SERVIS»,generic,https://evsapi.ectn.uz/callback/payme
61a9c642f6071daf8dad17d7,EVOS ,ООО «MCHJ MAK FOOD SERVIS»,generic,https://evsapi.ectn.uz/callback/payme
61a9c86df6071daf8dad188a,EVOS ,ООО «MCHJ MAK FOOD SERVIS»,generic,https://evsapi.ectn.uz/callback/payme
61a9c942f6071daf8dad18cc,EVOS ,ООО «MCHJ MAK FOOD SERVIS»,generic,https://evsapi.ectn.uz/callback/payme
61a9c9f6f6071daf8dad18ff,EVOS ,ООО «MCHJ MAK FOOD SERVIS»,generic,https://evsapi.ectn.uz/callback/payme
61a9ca79f6071daf8dad1916,EVOS ,ООО «MCHJ MAK FOOD SERVIS»,generic,https://evsapi.ectn.uz/callback/payme
61a9caf7f6071daf8dad194a,EVOS ,ООО «MCHJ MAK FOOD SERVIS»,generic,https://evsapi.ectn.uz/callback/payme
61a9cbcff6071daf8dad1985,EVOS ,ООО «MCHJ MAK FOOD SERVIS»,generic,https://evsapi.ectn.uz/callback/payme
61a9cc2ef6071daf8dad19a7,EVOS ,ООО «MCHJ MAK FOOD SERVIS»,generic,https://evsapi.ectn.uz/callback/payme
61a9cc83f6071daf8dad19ce,EVOS ,ООО «MCHJ MAK FOOD SERVIS»,generic,https://evsapi.ectn.uz/callback/payme
61a9d643f6071daf8dad1c78,EVOS ,ООО «MCHJ MAK FOOD SERVIS»,generic,https://evsapi.ectn.uz/callback/payme
61a9d6baf6071daf8dad1c8e,EVOS ,ООО «MCHJ MAK FOOD SERVIS»,generic,https://evsapi.ectn.uz/callback/payme
61a9d749f6071daf8dad1ca6,EVOS ,ООО «MCHJ MAK FOOD SERVIS»,generic,https://evsapi.ectn.uz/callback/payme
61a9d86bf6071daf8dad1cf7,EVOS ,ООО «MCHJ MAK FOOD SERVIS»,generic,https://evsapi.ectn.uz/callback/payme
61a9d8dff6071daf8dad1d17,EVOS ,ООО «MCHJ MAK FOOD SERVIS»,generic,https://evsapi.ectn.uz/callback/payme
61a9d936f6071daf8dad1d3a,EVOS ,ООО «MCHJ MAK FOOD SERVIS»,generic,https://evsapi.ectn.uz/callback/payme
61a9de43f6071daf8dad1e37,EVOS ,ООО «MCHJ MAK FOOD SERVIS»,generic,https://evsapi.ectn.uz/callback/payme
61a9deaaf6071daf8dad1e56,EVOS ,ООО «MCHJ MAK FOOD SERVIS»,generic,https://evsapi.ectn.uz/callback/payme
61a9defaf6071daf8dad1e6f,EVOS ,ООО «MCHJ MAK FOOD SERVIS»,generic,https://evsapi.ectn.uz/callback/payme
61a9df5df6071daf8dad1e7d,EVOS ,ООО «MCHJ MAK FOOD SERVIS»,generic,https://evsapi.ectn.uz/callback/payme
61a9dfecf6071daf8dad1eb3,EVOS ,ООО «MCHJ MAK FOOD SERVIS»,generic,https://evsapi.ectn.uz/callback/payme
61a9e07ef6071daf8dad1edf,EVOS ,ООО «MCHJ MAK FOOD SERVIS»,generic,https://evsapi.ectn.uz/callback/payme
61a9e0e1f6071daf8dad1f09,EVOS ,ООО «MCHJ MAK FOOD SERVIS»,generic,https://evsapi.ectn.uz/callback/payme
61a9e135f6071daf8dad1f17,EVOS ,ООО «MCHJ MAK FOOD SERVIS»,generic,https://evsapi.ectn.uz/callback/payme
61a9e191f6071daf8dad1f34,EVOS ,ООО «MCHJ MAK FOOD SERVIS»,generic,https://evsapi.ectn.uz/callback/payme
61a9e1fcf6071daf8dad1f4d,EVOS ,ООО «MCHJ MAK FOOD SERVIS»,generic,https://evsapi.ectn.uz/callback/payme
61a9e325f6071daf8dad1fa0,EVOS ,ООО «MCHJ MAK FOOD SERVIS»,generic,https://evsapi.ectn.uz/callback/payme
61a9e3eaf6071daf8dad1fdd,EVOS ,ООО «MCHJ MAK FOOD SERVIS»,generic,https://evsapi.ectn.uz/callback/payme
61a9e467f6071daf8dad1ff3,EVOS ,ООО «MCHJ MAK FOOD SERVIS»,generic,https://evsapi.ectn.uz/callback/payme
61a9e506f6071daf8dad201f,EVOS ,ООО «MCHJ MAK FOOD SERVIS»,generic,https://evsapi.ectn.uz/callback/payme
61a9e568f6071daf8dad2042,EVOS ,ООО «MCHJ MAK FOOD SERVIS»,generic,https://evsapi.ectn.uz/callback/payme
61a9e5b3f6071daf8dad205a,EVOS ,ООО «MCHJ MAK FOOD SERVIS»,generic,https://evsapi.ectn.uz/callback/payme
61a9e5fff6071daf8dad2071,EVOS ,ООО «MCHJ MAK FOOD SERVIS»,generic,https://evsapi.ectn.uz/callback/payme
61a9e671f6071daf8dad207d,EVOS ,ООО «MCHJ MAK FOOD SERVIS»,generic,https://evsapi.ectn.uz/callback/payme
61a9e6c3f6071daf8dad2095,EVOS ,ООО «MCHJ MAK FOOD SERVIS»,generic,https://evsapi.ectn.uz/callback/payme
61a9e726f6071daf8dad20bb,EVOS ,ООО «MCHJ MAK FOOD SERVIS»,generic,https://evsapi.ectn.uz/callback/payme
61a9e76ff6071daf8dad20c8,EVOS ,ООО «MCHJ MAK FOOD SERVIS»,generic,https://evsapi.ectn.uz/callback/payme
61b1a0bd204c85a50a879b4d,Университет Инха в городе Ташкенте,ННО «Университет Инха в городе Ташкенте»,generic,https://146.120.19.240:8443/paymeuz/payment/merchant-api
61b1e326204c85a50a87aa3e,DataSite Technology,"ООО «""DATASITE TECHNOLOGY"" MCHJ»",generic,https://paymen.dst.uz/api/payments/payme
61b6f9ab204c85a50a8836b5,KRUSTY KRAB,"ООО «""MULTI-WORLD FOOD"" MCHJ»",generic,https://bot.krustykrab.uz/Payme/
61b84237204c85a50a88651d,UZINSURANCE,"АО «""O`ZAGROSUG`URTA""»",generic,http://195.158.9.252:1557/api/paycom/
61b9de72204c85a50a88a55c,SABER,ООО «MCHJ URBAN HAYOT»,generic,https://api.7saber.uz/client/payment/paycom/LKXPGAkksN9qEUCH
61bc3827204c85a50a88e97d,Balton Trading Asia ,ИП ООО «BALTON TRADING»,generic,https://panel.bta.uz/payment/paycom
61c08112204c85a50a899b4d,CITY TAXI ,"ООО «""HEYSOLUTION"" MCHJ»",namangan-taksi-servis,http://84.54.75.21/money/check_pay/payme/
61c178b0204c85a50a89b27e,Norma PRM,"НОУ «""NORMA PROFESSIONAL RIVOJLANISH MARKAZI"" NTM»",generic,https://bir.uz/scripts/payme
61c17987204c85a50a89b29c,Norma PRM,"НОУ «""NORMA PROFESSIONAL RIVOJLANISH MARKAZI"" NTM»",generic,https://webinar.cpr.uz/scripts/pay/payme/
61c179db204c85a50a89b2a3,Norma PRM,"НОУ «""NORMA PROFESSIONAL RIVOJLANISH MARKAZI"" NTM»",generic,https://dipifr.pro/scripts/pay/payme
61c17a27204c85a50a89b2b9,Norma PRM,"НОУ «""NORMA PROFESSIONAL RIVOJLANISH MARKAZI"" NTM»",generic,https://learn.cpr.uz/scripts/pay/payme
61c17a87204c85a50a89b2c6,Norma PRM,"НОУ «""NORMA PROFESSIONAL RIVOJLANISH MARKAZI"" NTM»",generic,https://exam.cpr.uz/scripts/pay/payme
61c17aca204c85a50a89b2e0,Norma PRM,"НОУ «""NORMA PROFESSIONAL RIVOJLANISH MARKAZI"" NTM»",generic,https://ifrs.academy/scripts/pay/payme
61c1a701204c85a50a89bbfe,EZGU QADAM,"ООО «""EZGU QADAM""»",generic,https://api-ezgu.mehrli.uz/v1/paycom
61c1c8bb69d939457396c1db,NORMA,"ООО «ООО ""NORMA    ""»",generic,https://buxgalter.uz/scripts/pay/payme
61c3130769d939457396e858,BILIM BAHOLASH MARKAZI,ООО « BILIM VA KO‘NIKMALARNI BAHOLASH MARKAZI»,generic,https://api.assessment.uz/api/v1/paycom
61c5cfe0db64a8255a3bdf53,O'ZBEKISTON RESPUBLIKASI SOG'LIQNI SAQLASH VAZIRLIGI RESPUBLIKA NEYROXIRURGIYA ILMIY MARKAZI,ГУП «O'ZBEKISTON RESPUBLIKASI SOG'LIQNI SAQLASH VAZIRLIGI RESPUBLIKA NEYROXIRURGIYA ILMIY MARKAZI»,technomed,https://technomed.uz/BillingForPayme
61d59f5e94e58c782a45a503,Mohirdev Web,ООО «MOHIRDEV MCHJ»,generic,https://live.api.mohirdev.uz/v1/payments/payme
61d59fd194e58c782a45a517,Mohirdev Main,ООО «MOHIRDEV MCHJ»,generic,https://old.mohirdev.uz/?wc-api=wc_payme
61d5a06a94e58c782a45a52e,Digital Praktikum,ООО «MOHIRDEV MCHJ»,generic,https://testmohir.magicstore.uz/handle/payme/4199a1d6-76ae-4150-a5d5-c1a042a61a68
61dd332a94e58c782a468140,TICKETON,"ООО «""TICKETON"" MChJ»",generic,https://widget.ticketon.kz/payme_uz_hook
61dd558d94e58c782a4689af,OOO ARTV UNION,"ООО «ООО ""ARTV UNION""»",generic,http://146.158.15.250:1444/paycom_uz.php
61de762b32a2c52418510fc7,WOK - Глинка Online,"ООО «ООО ""POINT TREND""»",generic,https://wok.zoomda.uz:4001/payme/
61de769f32a2c52418510fde,WOK - Сергели Online,"ООО «ООО ""POINT TREND""»",generic,https://wok.zoomda.uz:4001/payme/
61de7a7e32a2c524185110cc,Street 77 - Мегаполис Online,"ООО «""OPTIMUM SMART"" MCHJ»",generic,https://wok.zoomda.uz:4001/payme/
61de7b9032a2c52418511133,WOK - Ц1 Online,"ООО «ООО ""SMART DORADO""»",generic,https://wok.zoomda.uz:4001/payme/
61de7bd432a2c5241851114e,Street 77 - Ц1 Online,"ООО «ООО ""SMART DORADO""»",generic,https://wok.zoomda.uz:4001/payme/
61de7c2732a2c52418511167,WOK - Беруний Online,"ООО «ООО ""SMART DORADO""»",generic,https://wok.zoomda.uz:4001/payme/
61de80dc32a2c524185112d0,WOK - СД Online,ООО «MCHJ MEGA-PARITET»,generic,https://street.botagent.uz/payment/paycom?id=10
61de812232a2c524185112f0,WOK - Атлас Online,ООО «MCHJ MEGA-PARITET»,generic,https://street.botagent.uz/payment/paycom?id=15
61de816b32a2c524185112ff,Street 77 - СД Online,ООО «MCHJ MEGA-PARITET»,generic,https://street.botagent.uz/payment/paycom?id=3
61de81ce32a2c52418511316,Street 77 - Атлас Online,ООО «MCHJ MEGA-PARITET»,generic,https://wok.zoomda.uz:4001/payme/
61de832a32a2c52418511377,WOK - Анхор Online,"ООО «""BETA VENTA"" MCHJ»",generic,https://wok.zoomda.uz:4001/payme/
61de837032a2c52418511385,Street 77 - ЭКО Online,"ООО «""BETA VENTA"" MCHJ»",generic,https://wok.zoomda.uz:4001/payme/
61de84e532a2c524185113f1,WOK - Навруз Online,"ООО «ООО ""UNION MEGA""»",generic,https://street.botagent.uz/payment/paycom?id=17
61de858132a2c5241851141f,Street 77 - Навруз Online,"ООО «ООО ""UNION MEGA""»",generic,https://street.botagent.uz/payment/paycom?id=4
61debd6132a2c52418512044,WOK - Дисней Online,"ООО «ООО ""POINT TREND""»",generic,https://street.botagent.uz/payment/paycom?id=12
61dec05132a2c524185120f2,GorodKnig,ЧП «KRUTETSKAYA ALEKSANDRA»,generic,https://psapi.megagroup.ru/accounts/64144/notify
61e583d082e271b9d3c1c2cd,RIYA PLAY,"ООО «""KINOBEST MEDIA"" MCHJ»",generic,https://merchant.bektv.uz/paycom/default
61e7b1e782e271b9d3c205e0,Bellissimo Pizza,ООО «BELLISSIMO PIZZA INTERNATIONAL»,generic,https://pay.bpnet.uz/api/payment/payme
61e7ddad82e271b9d3c21392,DAYAKO,ООО «DAYAKO»,generic,https://dayako.zoomda.uz/backend/payme/
61e7fa3b82e271b9d3c219c1,Bellissimo Pizza,ООО «BELLISSIMO PIZZA INTERNATIONAL»,generic,https://pay.bpnet.uz/api/payment/payme
61e860fe82e271b9d3c22a4a,UZDRIVER,"ООО «""PROMO TECHNOLOGY GROUP"" MCHJ»",generic,http://navi.uz.taxi:6688/driver/payme
61e9162982e271b9d3c2390d,YURIDIK ADABIYOTLAR PUBLISH,"ООО «ООО ""YURIDIK ADABIYOTLAR PUBLISH""»",generic,https://kodeks24.uz/?wc-api=wc_payme
61e93bb8d08179ecc1472d74,AUTODRIVER STUDY,"ООО «ООО ""AUTODRIVER STUDY""»",generic,https://app.yim.uz/api/v1/paycom
61e93bfed08179ecc1472d86,Bellissimo Pizza,ООО «PIZZA CHAIN»,generic,https://pay.bpnet.uz/api/payment/payme
61eab2a0d08179ecc14761af,olcha.uz,ООО «Olcha uz»,generic,https://billing.samsung.uz/api/billing/payme
61f15166d4531dde9ea95b87,Billurcom,"ООО «""BILLUR COM"" MCHJ»",generic,https://www.billur.com/modules/gateways/callback/paycom.php
61f2488c6b2af010e78d3a0f,KITOBXON ,"ООО «""INFOPORT"" MCHJ»",generic,https://kitobxon.com/pay4com5/payme_check2.php
61f3ee376b2af010e78d7a1a,APEXPIZZA,ООО «MCHJ PIZZAME»,generic,https://api.apexpizza.uz/api/payment/transactions/
61f6b08a6b2af010e78dbe51,Hero Park,"ООО «""ADVENTURE SPORT GAMES"" MCHJ»",generic,https://heropark.uz/handle/payme
61f7ac876b2af010e78dd5ec,BAKER URBAN,"ООО «ООО ""BAKER URBAN""»",generic,https://urbanbaker.sf-botsell.uz/api/payment_handlers/payme
61f7cbd96b2af010e78ddcac,XMed,ООО «TELEDOCTOR»,generic,https://prod.xmed.uz/Tele-medicine-0.0.1-SNAPSHOT/payme/checkoutcard
61f7efbf6b2af010e78de49c,BREADLY ,"ООО «""LOAF BAKERY""»",generic,https://panel.breadly.uz/payment/paycom?id=1
61fa54fcfd67d1d0d77d3f32,KOLESA,ООО «ИП ООО KOLESA»,generic,https://pay.avtoelon.uz/pay-me/app/
61fd0c2bcb53f72644f2aaad,MY IMG,"ООО «""MY IMG"" MChJ»",generic,https://p.wialon.uz/payme.php
6203d91329184c1b5b3bbbdc,RADIUS MOBILE,ООО «RADIUS RETAIL»,generic,https://billing.samsung.uz/api/billing/payme
62063e2a1057e83d1438f30c,Ucell,"ООО «OOO ""COSCOM""»",ucell,https://proxy-ucell:11443/payment/ProviderWebService/ProviderWebService
620662ee42aad8f69b547696,SIBERIAN WELLNESS,ООО «SIBIRSKOE ZDOROV`E MCHJ»,generic,https://uz.siberianhealth.com/ru/shop/cart/notify/?paysys=paycom
62077ea542aad8f69b549152,Zuzupizza,"ООО «ООО ""ZU-ZU PIZZA""»",generic,https://payment.api.delever.uz/payme
620cf4560f3adcb27ce8a8e7,Bellissimo Pizza,ООО «BELLISSIMO SAMARKAND»,generic,https://pay.bpnet.uz/api/payment/payme
620cf48e0f3adcb27ce8a8ed,Bellissimo Pizza,ООО «BELLISSIMO SAMARKAND»,generic,https://pay.bpnet.uz/api/payment/payme
620cf4f80f3adcb27ce8a907,Bellissimo Pizza,ООО «BELLISSIMO SAMARKAND»,generic,https://pay.bpnet.uz/api/payment/payme
620cf7bb0f3adcb27ce8a981,Bellissimo Pizza,ООО «BELLISSIMO SAMARKAND»,generic,https://pay.bpnet.uz/api/payment/payme
620f8e865bc11f13c1d8fcb5,Ucell,"ООО «OOO ""COSCOM""»",ucell,https://188.113.225.77:443/ProviderWebService/ProviderWebService
6217d15db7785447a089248d,Buddy Burger,"ООО «ЧП ""DONERIM""»",generic,https://buddyburgersuz.uz/api/v1/paycom
6218a7f8b7785447a0893d0d,ALSKOM,"АО «АО ""ALSKOM""»",generic,https://online.alskom.uz/online/ins/pay_api/payme
6218fd58b7785447a0894dc3,X J I Business,"ООО «""X J I BUSINESS CLUB"" MCHJ»",generic,https://xj.web-sayt.uz/api/payments/payme
621c9547b2aae40cc9d792e6,Bellissimo Pizza,ООО «BELLISSIMO PIZZA INTERNATIONAL»,generic,https://pay.bpnet.uz/api/payment/payme
621e1dcc2590be2d784081e6,KHWARIZMI INTERNATIONAL SCHOOL OF OLYMIADS,НОУ «KHWARIZMI INTERNATIONAL SCHOOL OF OLYMIADS»,generic,https://cron.khiso.uz/api/payment/payme
621f50c5e59128783dede2b0,UzCloud,ООО «UzCloud»,uzclouds-v2,https://billing.uztelecom.uz/api
62220ee68dccd302156b7976,JOYLA,ООО «Sunet Technology»,generic,https://mobile-api.joyla.uz/payment/api/v1/payme
6225ebb606698169c87daab6,APEX INSURANCE ,"АО «""APEX  INSURANCE"" AJ»",generic,https://rest.aic.uz/api/ins/pay_api/payme
6229d56e75d58d6c3664d043,E-IMZO,"ГУП «Научно информационный центр ""Янги технологиялар""»",e-imzo-v2,https://ws.yt.uz/pgv3/api/payme/v2
6229f4774fed152a10680206,mDOKON,"ООО «""AUTOMATION SOURCE"" MCHJ»",generic,https://cabinet.mdokon.uz/payment/api/payme/transaction
622af8640d681a2a231d81d9,MEGOGO,MEGOGO,megogo,https://billing.megogo.net
622f08a13046b0773c12a4ee,EVOS ,ООО «MCHJ MAK FOOD SERVIS»,generic,https://evsapi.ectn.uz/callback/payme
622f09123046b0773c12a50e,EVOS ,ООО «MCHJ MAK FOOD SERVIS»,generic,https://evsapi.ectn.uz/callback/payme
622f096e3046b0773c12a518,EVOS ,ООО «MCHJ MAK FOOD SERVIS»,generic,https://evsapi.ectn.uz/callback/payme
622f099a3046b0773c12a521,EVOS ,ООО «MCHJ MAK FOOD SERVIS»,generic,https://evsapi.ectn.uz/callback/payme
622f09c63046b0773c12a527,EVOS ,ООО «MCHJ MAK FOOD SERVIS»,generic,https://evsapi.ectn.uz/callback/payme
622f0ccc3046b0773c12a5d2,EVOS ,ООО «MCHJ MAK FOOD SERVIS»,generic,https://evsapi.ectn.uz/callback/payme
6231cf872642268aa4cedc88,EVOS ,ООО «MCHJ MAK FOOD SERVIS»,generic,https://evsapi.ectn.uz/callback/payme
6231cfcf2642268aa4cedc99,EVOS ,ООО «MCHJ MAK FOOD SERVIS»,generic,https://evsapi.ectn.uz/callback/payme
6231d01e2642268aa4cedca9,EVOS ,ООО «MCHJ MAK FOOD SERVIS»,generic,https://evsapi.ectn.uz/callback/payme
6231d0a12642268aa4cedcdb,EVOS ,ООО «MCHJ MAK FOOD SERVIS»,generic,https://evsapi.ectn.uz/callback/payme
6231d1082642268aa4cedced,EVOS ,ООО «MCHJ MAK FOOD SERVIS»,generic,https://evsapi.ectn.uz/callback/payme
6231d1cd2642268aa4cedd2a,EVOS ,ООО «MCHJ MAK FOOD SERVIS»,generic,https://evsapi.ectn.uz/callback/payme
6231dc6d2642268aa4cedf99,EVOS - ALAYSKIY-KIOSK,ООО «MCHJ MAK FOOD SERVIS»,generic,https://payment.api.delever.uz/payme
623aa99f6fd3e817e7e8269c,BROCCOLI,"ООО «ООО ""BROCCOLI FOOD""»",generic,https://broccoli.botagent.uz/payment/paycom
623b08b9bd1c329a32de57db,EVOS ,ООО «MCHJ MAK FOOD SERVIS»,generic,https://evsapi.ectn.uz/callback/payme
623c5b40bd1c329a32de82e3,Bellissimo Pizza,ООО «BELLISSIMO PIZZA INTERNATIONAL»,generic,https://pay.bpnet.uz/api/payment/payme
6241ad97a686c9500add683a,ISHONCH-SUG`URTA,"ООО «СП АО ""ISHONCH-SUG`URTA KOMPANIYASI""»",generic,https://polis.msk-ishonch.uz/ords/ins/pay_api/payme
6242b993257faf2854fcfd05,Ajou university in Tashkent,«Ajou university in Tashkent»,generic,https://admission.ajou.uz/paycom
6242ced1257faf2854fd015c,KAPITAL SUG'URTA,"АО «""KAPITAL SUG`URTA""»",generic,https://api.ksc.uz/payments/paycom
62455302257faf2854fd4fc1,TEXNOMART,"ООО «""TEXNOMART"" MCHJ»",generic,https://gateway.texnomart.uz/api/common/v1/merchant/payme/index
6245995e257faf2854fd5f08,Imkon Uzbekistan,ННО «Imkon Uzbekistan»,generic,https://app.ayoluchun.uz/paycom/
6246c22cdab24a5d36208f81,Alif Nasiya,ООО «ALIF MOLIYA»,generic,https://gw.alifnasiya.uz/billing/payme
6246f25b71770e91b455a430,HAMKOR SUG'URTA AJ,"АО «""HAMKOR SUG`URTA"" AJ»",generic,https://hs.uz/payments/payme
624ace0a71770e91b4560cf3,Norma davriy nashrlari,"ООО «""NORMA DAVRIY NASHRLARI"" MCHJ»",generic,https://knigi.uz/scripts/pay/payme/
58d511728611444ee0570b8f,ГУБДД,Главное управление безопасности дорожного движения,munis-dan,http://10.31.50.26:6055/fb-pay/services/payme
5c6a6343feb1b52d29424cf1,Imperia Tea and Food Product,ООО «Imperia Tea and Food Product»,generic,http://imperiatea.uz/?route=extension/payment/kit_payme&f=Callback
5e99a58ab675c623a4e060da,ГУБДД,Главное управление безопасности дорожного движения,munis-dan,http://10.31.50.26:6055/fb-pay/services/payme
5ece03a5556442016fe50839,Hubstock,ООО «EUROSNAB TECHNOLOGY»,generic,https://hubstock.com/payments/payme.php
5ed4d7fb13438abc3892a7a8,Нат&Ко,ООО «KOROLEVA MARTSIPAN»,generic,https://v8-kz3.foodpicasso.com/2557/web/merchant/order/1056
5fc0e82c967998274f7aa44b,olcha.uz,ООО «Olcha uz»,generic,https://olcha.uz/payments/paycomSavings
600e1c85d879bf58ac440e04,KANGAROO,"ООО «""OLYMPIA""»",generic,https://olympia.uz/ru/payme/pay
6058aa7c73214c962bae4698,SMART SOFTWARE,"ООО «ООО ""SMART SOFTWARE""»",generic,https://pov-servis.uz/payme/merchant/
60a39df4b150b078e8df2401,МИБ,БПИ при генпрокуратуре РУз,munis-mib,http://10.31.50.21:6055/fb-pay/services/payme
60dc21442bb66530d56bb481,Orient taxi,"ООО «ООО ""ORIENT TAXI SYSTEM""»",generic,https://orient-tashkent.hivelogin.ru/api/paygate/180/180000000482555
6183a5d164198587b8941c0f,Демократлаштириш ва инсон хукуклари,ООО «Demokratlashtirish va inson huquqlari»,generic,http://dhrjournal.uz/subscription/payment/payme
6141c56b0808f23b258aa12c,suvtaminot-v2_revise,suvtaminot-v2_revise,suvtaminot-v2_revise,https://whepay.uztelecom.uz
621ca91eb2aae40cc9d7969e,SEMURG INSURANCE,"ООО «""SEMURG INSURANCE"" MChJ»",generic,https://semurgins.uz/ords/ins/pay_api/payme
621d9cc3b2aae40cc9d7ad7f,The Kadirov Group,ООО «The Kadirov Group»,generic,https://api.itwork.uz/api/payments/payme
61c05b46204c85a50a89906d,Билет,ЧП «Booster Growth»,generic,http://khorezm.sosgroup.uz/api/payment/payme
62455395257faf2854fd4fe8,FABERLIC ,"ООО «""COSMO SALES"" XK»",generic,https://payme.pay.faberlic.com/api/v1/payme/terminal
624d330ed33186ab74116c86,LockerPost,"ООО «ООО ""CUMULATIVE BUSINESS SOLUTIONS""»",generic,https://ps.lockerpost.net/ps/callback/paycom?token=Osb5VA8zVVK4MaCYSNoGKVVCs68gfHkOBmtuQ5GZ
624d6a4e84f6e7534c9c441a,Uzum Nasiya (Paymart),"ООО «ООО ""SOLUTIONS LAB""»",generic,https://payme-pay.paymart.uz/payments
624d763684f6e7534c9c46d0,INSON,"АО СО «""INSON""»",generic,https://api-payme.insonline.uz/api/v1/payme/check
624dc02e84f6e7534c9c55a8,Depozit.uz,"ООО «""FINQ""»",generic,https://depozit.uz/api/payme
6256b9cff5fa78703427d4f9,eMaktab.uz,"ООО «""KUNDALIK"" MCHJ»",kundalik,https://api.emaktab.uz/payments/v1.0/payme
6257dba13b252ec2c45285be,Университет Инха в городе Ташкенте,ННО «Университет Инха в городе Ташкенте»,generic,https://91.190.159.57:8443/paymeuz/payment/merchant-api
625807543b252ec2c4528faf,IZUMRUDNIY RESTAURANT,ООО «EMERALD INTERNATIONAL OOO»,generic,https://bot.skybox.uz/izumrudniybot/Payme/
62582c663b252ec2c45298cf,GLOBBING,"ООО «ООО ""GLOBBING""»",generic,https://uz.globbing.com/ru/terminal/v4/payme
625d33993b252ec2c4533263,WOK - Novza Online,ООО «MCHJ MEGA-PARITET»,generic,https://wok.zoomda.uz:4001/payme/
625d38b43b252ec2c4533382,BOT,ООО «Tasty dinner»,generic,https://samoshbot.2022.uz/payment/payme/endpoint/
625d5bb83b252ec2c4533ad8,gamma D'ORO,"ООО «""AROMA TREND"" MCHJ»",generic,https://eyfelperfume.uz/?route=extension/payment/payme/callback
625ea523927f281be0ff7842,X-Taxi,"ООО «""X-taxi"" MChJ»",taxi-maxim,http://213.230.99.152/money/check_pay/
625ff999eb07d56f28dee550,GREENCARDS.UZ,"ООО «""DVPROGRAM"" MCHJ»",generic,https://greencards.uz/payment
6263db219e392fca9084d919,Sug'urta Bozor,"ООО «""FINTECH TANDEM"" MCHJ»",generic,https://api.sugurtabozor.uz/payme/payme
6268d1c78fa454efd5ae10ad,EVOS ,ООО «MCHJ MAK FOOD SERVIS»,generic,https://evsapi.ectn.uz/callback/payme
6268f76a8fa454efd5ae1801,munir,"ООО «ООО ""BOOK MEDIA SHOP""»",generic,https://api.munir.uz/api/v1/payment/paycom/endpoint/
627b46f16fc959a941dc8a58,GRAND TA'LIM,НОУ «GRAND TA'LIM OLAM»,generic,https://app.gtolam.uz/api/payments/pay-me/9sdf-98sd-fh9s-8dfh-s9d8-fh0d-9fko/payment
627cce6ddf76999db78f75be,Seminar.cpr.uz,"НОУ «""NORMA PROFESSIONAL RIVOJLANISH MARKAZI"" NTM»",generic,https://seminar.cpr.uz/scripts/pay/payme/
62821b18f593717c87cc6aa5,EUROASIA INSURANCE,"ООО «""EUROASIA INSURANCE"" AJ»",generic,https://app.eai.uz/ords/ins/pay_api/payme
62836740f2e4be10e855ef95,SOTHYS Paris,ООО «BEAUTY NATURAL»,generic,https://psapi.megagroup.ru/accounts/68510/notify
62837690f2e4be10e855f3fa,Safia,"ООО «""MADINA-QANDOLAT"" MCHJ»",generic,https://panel.safiabakery.uz/payment/paycom?id=33
6283773cf2e4be10e855f444,Safia,"ООО «""MADINA-QANDOLAT"" MCHJ»",generic,https://panel.safiabakery.uz/payment/paycom?id=27
628377fbf2e4be10e855f46e,Safia,"ООО «""MADINA-QANDOLAT"" MCHJ»",generic,https://panel.safiabakery.uz/payment/paycom?id=12
62837c61f2e4be10e855f5b0,Safia,"ООО «""MADINA-QANDOLAT"" MCHJ»",generic,https://panel.safiabakery.uz/payment/paycom?id=7
628381a4f2e4be10e855f767,Safia,"ООО «""MADINA-QANDOLAT"" MCHJ»",generic,https://panel.safiabakery.uz/payment/paycom?id=28
62838250f2e4be10e855f7c7,Safia,"ООО «""MADINA-QANDOLAT"" MCHJ»",generic,https://panel.safiabakery.uz/payment/paycom?id=5
62838401f2e4be10e855f810,Safia,"ООО «""MADINA-QANDOLAT"" MCHJ»",generic,https://panel.safiabakery.uz/payment/paycom?id=10
62838483f2e4be10e855f82b,Safia,"ООО «""MADINA-QANDOLAT"" MCHJ»",generic,https://panel.safiabakery.uz/payment/paycom?id=18
6283854af2e4be10e855f863,Safia,"ООО «""MADINA-QANDOLAT"" MCHJ»",generic,https://panel.safiabakery.uz/payment/paycom?id=36
62838664f2e4be10e855f8bf,Safia,"ООО «""MADINA-QANDOLAT"" MCHJ»",generic,https://panel.safiabakery.uz/payment/paycom?id=23
62838bfaf2e4be10e855fa1f,Safia,"ООО «""MADINA-QANDOLAT"" MCHJ»",generic,https://panel.safiabakery.uz/payment/paycom?id=3
62839aeef2e4be10e855fe31,Caffelito coffee,ООО «Tulkunov Business»,jowi,https://api.jowi.club/v3/bill_payments/
6284d69d72a6247c4200586b,Teamwork.uz,ООО «TEAMWORK IT SOLUTIONS»,generic,https://php.teamwork.uz/api/v1/payme/payme-end-point
6284de6472a6247c42005a4d,XALQ SUG'URTA,"СП ООО «""XALQ SUG`URTA""»",generic,http://online.xalqsugurta.uz/xs/ins/pay_api/payme
6284e22672a6247c42005b11,Кредитное Бюро,"ООО «Кредитное бюро ""Кредитно-информационный аналитический центр""»",generic,https://payment.infokredit.uz/handle/payme
6284fcda72a6247c42006119,Hilol Nashr,"ООО «""HILOL DASTURLARI"" MCHJ»",generic,https://e-hilolnashr.uz/paycom
6286315c72a6247c42008796,ART VERNISSAGE,"ООО «ООО ""ART VERNISSAGE""»",generic,https://artvernissage.art/uz/billing/payme/
6287586b72a6247c4200ac8d,SQB INSURANCE,"АО «""""""SQB INSURANCE"" SUG`URTA KOMPANIYASI"""" AJ»",generic,http://185.74.7.37:222/psb/ins/pay_api/payme
62877f20d7e616cbdee67c04,Xostuz.ru,ООО «BIG-IT»,generic,https://payme.xostuz.ru/
62877f4fd7e616cbdee67c0e,Clouduz.ru,ООО «BIG-IT»,generic,https://payme.clouduz.ru/
62877f7bd7e616cbdee67c2a,Goldxost.ru,ООО «BIG-IT»,generic,https://payme.goldxost.ru/
62878bc2d7e616cbdee67f69,MyQarz,ООО «GIGALAB»,generic,https://api.myqarz.uz/merchant/payme/rpc
628b2fb0d7e616cbdee6eafd,Safia,"ООО «""MADINA-QANDOLAT"" MCHJ»",generic,https://panel.safiabakery.uz/payment/paycom?id=51
628b3008d7e616cbdee6eb1f,Safia,"ООО «""MADINA-QANDOLAT"" MCHJ»",generic,https://panel.safiabakery.uz/payment/paycom?id=48
628b3061d7e616cbdee6eb3a,Safia,"ООО «""MADINA-QANDOLAT"" MCHJ»",generic,https://panel.safiabakery.uz/payment/paycom?id=44
628b3101d7e616cbdee6eb79,Safia,"ООО «""MADINA-QANDOLAT"" MCHJ»",generic,https://panel.safiabakery.uz/payment/paycom?id=21
628b32d3d7e616cbdee6ec0a,Safia,"ООО «""MADINA-QANDOLAT"" MCHJ»",generic,https://panel.safiabakery.uz/payment/paycom?id=22
628b3322d7e616cbdee6ec28,Safia,"ООО «""MADINA-QANDOLAT"" MCHJ»",generic,https://panel.safiabakery.uz/payment/paycom?id=31
628b345ed7e616cbdee6ec98,Safia,"ООО «""MADINA-QANDOLAT"" MCHJ»",generic,https://panel.safiabakery.uz/payment/paycom?id=42
628b34c2d7e616cbdee6ecb9,Safia,"ООО «""MADINA-QANDOLAT"" MCHJ»",generic,https://panel.safiabakery.uz/payment/paycom?id=37
628b351ad7e616cbdee6ecd6,Safia,"ООО «""MADINA-QANDOLAT"" MCHJ»",generic,https://panel.safiabakery.uz/payment/paycom?id=6
628b358ad7e616cbdee6ed08,Safia,"ООО «""MADINA-QANDOLAT"" MCHJ»",generic,https://panel.safiabakery.uz/payment/paycom?id=248
628b35cfd7e616cbdee6ed21,Safia,"ООО «""MADINA-QANDOLAT"" MCHJ»",generic,https://panel.safiabakery.uz/payment/paycom?id=13
628b3617d7e616cbdee6ed3e,Safia,"ООО «""MADINA-QANDOLAT"" MCHJ»",generic,https://panel.safiabakery.uz/payment/paycom?id=30
628b6b34d7e616cbdee6fbb0,atech,"ООО «""MUSTAFO SOFTWARE""»",generic,https://a1cafe.uz/payme
628b858190f1deacf379b7b1,APEXPIZZA,"ООО «""PRIMEPIZZA"" MCHJ»",generic,https://api.apexpizza.uz/api/payment/transactions/
628f72588a45fcc782ea4a7f,ЖИВАЯ ВОДА - Куйлюк Ц 10А,"ООО «""HAYOTBAXSHSUV VEND""»",alivewater,https://mobile.api.alivewater.online
628f726b8a45fcc782ea4a82,ЖИВАЯ ВОДА - Панельный 45,"ООО «""HAYOTBAXSHSUV VEND""»",alivewater,https://mobile.api.alivewater.online
628f72a78a45fcc782ea4a95,ЖИВАЯ ВОДА - Панельный 42,"ООО «""HAYOTBAXSHSUV VEND""»",alivewater,https://mobile.api.alivewater.online
628f72bf8a45fcc782ea4a98,ЖИВАЯ ВОДА - Куйлюк Ц3,"ООО «""HAYOTBAXSHSUV VEND""»",alivewater,https://mobile.api.alivewater.online
628f72fb8a45fcc782ea4aa8,ЖИВАЯ ВОДА -  Куйлюк 5/5,"ООО «""HAYOTBAXSHSUV VEND""»",alivewater,https://mobile.api.alivewater.online
628f730c8a45fcc782ea4ab2,ЖИВАЯ ВОДА -  Куйлюк 5/30,"ООО «""HAYOTBAXSHSUV VEND""»",alivewater,https://mobile.api.alivewater.online
6290945b8a45fcc782ea6e56,BOOK.UZ,ООО «EL-PRESS»,generic,https://backend.book.uz/paysys-api/payme
6295c260537074450597674e,BEFIT ECO,"ООО «ООО ""BEFIT-ECO""»",generic,https://race.befit.uz/?wc-api=wc_payme
62961823d84ec40e229d8676,IMPEX-INSURANCE,"АО «""IMPEX-INSURANCE"" AJ»",generic,http://impexonline.uz/ords/ins/pay_api/payme
62988ff177fa5937e266b5e2,EVOS SAMARKAND,"ООО «""NUR CHINORI"" MCHJ»",generic,https://evsapi.ectn.uz/callback/payme
6298911b77fa5937e266b663,EVOS SAMARKAND,"ООО «""NUR CHINORI"" MCHJ»",generic,https://evsapi.ectn.uz/callback/payme
6298928a77fa5937e266b73a,EVOS SAMARKAND,"ООО «""NUR CHINORI"" MCHJ»",generic,https://evsapi.ectn.uz/callback/payme
6299eb0a3cfcbb1628b35fa4,ABI CENTRAL DONER ,"ООО «""CENTRAL DONER"" MChJ»",generic,https://app.saaddoner.uz/api/paycom
629a01613cfcbb1628b36561,The Kadirov Group,ООО «The Kadirov Group»,generic,https://api.kadirov.dev/api/payments/payme
629dfdc416eb0ccdff5fb8ac,MARK FORMELLE,"ООО «ООО ""MARK FORMELLE IT""»",generic,https://markformelle.uz/personal/order/notification.php
62a0b19c230198252fe56d7e,"""BOSS TRACKER""","ООО «""BOSS TRACKER"" »",generic,https://production.bosstrackergroup.uz/rpc/
62a1e69d230198252fe5a12a,SPLASH BOT,"ООО «""SPLASH WATERS"" MCHJ»",generic,https://payment.dukduk.uz/payme
62a7206b17d208a46387b324,Safia,"ООО «""MADINA-QANDOLAT"" MCHJ»",generic,https://panel.safiabakery.uz/payment/paycom?id=55
62a7209317d208a46387b330,Safia,"ООО «""MADINA-QANDOLAT"" MCHJ»",generic,https://panel.safiabakery.uz/payment/paycom?id=56
62a7217e17d208a46387b376,Safia,"ООО «""MADINA-QANDOLAT"" MCHJ»",generic,https://panel.safiabakery.uz/payment/paycom?id=57
62a9ce8ec5c5a513f84a6d7c,1FIT-APP,"ООО «""1FIT-APP"" MCHJ»",generic,https://api-uz.1fit.app/api/payment/orders/payme/request
62aab655c5c5a513f84a87d6,ish.uz,"ООО «""UNIPLATFORMS"" MCHJ»",generic,https://billing.ish.uz/api/handle/payme
62b041866a1a1d8d2dee9098,Avenue Park Hotel,ООО «AVESTA TECHNOLOGY»,generic,https://apiavenuepark.rrpo.uz/handle/payme
62b06f1255ae389502d5123e,Alfa Life,АО « «ALFA LIFE»»,generic,https://94.158.53.168/alfa/ipaymel.cgi
62b2e846c8ef216da25fb34f,SARIQ BOLA ,ООО «GOLDEN FOUNDATION SBP»,generic,https://payment.api.delever.uz/payme
62b2e8eac8ef216da25fb392,SARIQ BOLA ,ООО «GOLDEN FOUNDATION SBP»,generic,https://payment.api.delever.uz/payme
62b5b1e3d77151ebb4e11faa,ЖИВАЯ ВОДА - Куйлюк 6/4,"ООО «""HAYOTBAXSHSUV VEND""»",alivewater,https://mobile.api.alivewater.online
62b5b1f5d77151ebb4e11fae,ЖИВАЯ ВОДА - Куйлюк 6/19,"ООО «""HAYOTBAXSHSUV VEND""»",alivewater,https://mobile.api.alivewater.online
62b5b238d77151ebb4e11fc4,ЖИВАЯ ВОДА - Куйлюк 5/21,"ООО «""HAYOTBAXSHSUV VEND""»",alivewater,https://mobile.api.alivewater.online
62b5b252d77151ebb4e11fca,ЖИВАЯ ВОДА - Куйлюк 5/18,"ООО «""HAYOTBAXSHSUV VEND""»",alivewater,https://mobile.api.alivewater.online
62bb4c2bb2a26248fca76f66,EVOS ,ООО «MCHJ MAK FOOD SERVIS»,generic,https://payment.api.delever.uz/payme
62bc133fb2a26248fca789a2,ЖИВАЯ ВОДА - Икбол 78,"ООО «""HAYOTBAXSHSUV VEND""»",alivewater,https://mobile.api.alivewater.online
62be976fb2a26248fca7e609,CHUKREEV PBX,ООО «CHUKREEV PBX»,generic,https://payments.onlinepbx.ru/payme
62bee5cdb2a26248fca7f823,БЕЛОРУССКАЯ КОСМЕТИКА ,"ООО «ООО ""BREND-KOSMETIK""»",generic,https://psapi.megagroup.ru/accounts/70232/notify
62bef146b2a26248fca7fae9,REGISTON STUDY,"НОУ «""REGISTON STUDY""»",generic,https://backend.edutizim.uz/paysys-api/integrations/payme/registan
62bf6861b2a26248fca80e41,Tebo,ООО «TEBO STORE»,generic,https://api.maydala.uz/api/payments/hook/payme
62c2d88db2a26248fca87a3a,InterHotel,ООО «INTERHOTEL»,generic,https://cb-pay.exely.com/Payme/generic/terminals/9ab4b139-ce3d-4892-a4b2-ec38c9f190d6
62c3f479b2a26248fca89edf,LEVELPLAY,"ООО «ООО ""LEVELPAY""»",generic,https://public.fleetsoft.pro/v1/terminal/pay-net?service_id=UdkSIF812
62c4056cb2a26248fca8a2a1,cafeaksu,ООО «MUHARRAM BIZNES»,generic,https://payment.api.delever.uz/payme
62c466c74c11d19b6709b65a,EVOS ,ООО «MCHJ MAK FOOD SERVIS»,generic,https://evsapi.ectn.uz/callback/payme
62c553ef4c11d19b6709d335,LEVELPLAY,"ООО «ООО ""LEVELPAY""»",generic,https://api.fleetsoft.pro/terminal/payme-manager?service_id=78
62c55da44c11d19b6709d60c,inLibrary,"ООО «ООО ""IN SCIENCE""»",generic,https://inlibrary.uz/index.php/index/payPaycom
62c6bd292be0df251a10ea39,Anor Bank Рассрочка,АО «Anor Bank»,anorbank-instalment-v2,http://10.35.48.100:9090
62d411b7420399cd0460296c,PDP IT-ACADEMY,ООО «Inflex Inc»,generic,https://api.pdp.uz/api/finance/v1/payme
62d5334639c675be34e24da1,PARQOUR,"ООО «""PARQOUR"" MCHJ»",parqour,https://api.parqour.app
62d7f7a739c675be34e2c294,Картография,"ГУП «DUK ""KARTOGRAFIYA"" DAVLAT ILMIY-ISHLAB CHIQARISH KORXONASI»",generic,https://uzkarta.uz/api/merchant
62d8e25839c675be34e2de6a,CITYNET,"ООО «""CITYNET"" MCHJ»",citynet,https://uzpayme.citynet.uz/customer_api/callbacks/osmp/payme
62d9026739c675be34e2e6fe,KADROVIK.ACADEMY,"НОУ «""NORMA PROFESSIONAL RIVOJLANISH MARKAZI"" NTM»",generic,https://kadrovik.academy/scripts/pay/payme
62d9582b39c675be34e2fbdf,NLStar,"ИП ООО «""NL KONTINENT TASHKENT"" MCHJ»",generic,https://nlstar.com/paycom-uz-rpc/
62de962039c675be34e3ea5e,TESKO,"ООО «ООО ""FOOD CHAIN PARTNERS""»",generic,https://payment.api.delever.uz/payme
62de968739c675be34e3ea76,TESKO,СП «QORIYA BONU FAYZ BARAKA»,generic,https://payment.api.delever.uz/payme
62df7eb439c675be34e40d9e,ANHOR RELAX ZONE,ООО «ANHOR SAYLI MCHJ»,park,89.236.204.26
62df928039c675be34e4170e,ilMigliore,ООО «SPECIAL CATERING SERVIS»,generic,https://bot.skybox.uz/caffeilmigliore/Payme/
62e10dce39c675be34e462c4,ЖИВАЯ ВОДА - Корасув  4,"ООО «""HAYOTBAXSHSUV VEND""»",alivewater,https://mobile.api.alivewater.online
62e10de439c675be34e462d7,ЖИВАЯ ВОДА - Авиасозлар 3/15,"ООО «""HAYOTBAXSHSUV VEND""»",alivewater,https://mobile.api.alivewater.online
62e10dfb39c675be34e462e9,ЖИВАЯ ВОДА - Авиасозлар 3/44,"ООО «""HAYOTBAXSHSUV VEND""»",alivewater,https://mobile.api.alivewater.online
62e79f2239c675be34e57054,ABU,ООО «ООО Actual Inform Service»,generic,https://e61d-213-230-69-219.ngrok.io/api/paycom/message
62e7cd4439c675be34e57d9d,LUCK SMART GROUP,"ООО «""LUCKY SMART GROUP"" QMJ»",generic,https://api.koleso.usoftdevs.uz/api/payme
62e7d48e39c675be34e57f3e,APPLE.UZB,"ООО «""APPLE HOUSE"" MCHJ»",generic,https://appleuz.uz/?wc-api=wc_payme
62e8c3ec39c675be34e59c1f,Aroma,ООО «AROMA BAKERY»,generic,https://aromabakeryandcafe.uz/handle/payme
62e8f97539c675be34e5af08,ITPU,"ООО «""IT-PARK UNIVERSITY"" MCHJ»",generic,https://pay.4u.uz/
62e92c2a39c675be34e5bccf,Tezkor Taxi,"ООО «""TIME-TAXI"" MCHJ»",generic,https://fleet-money.fullfocus.uz/api/merchant/62d647a239c675be34e27588
62ea0af439c675be34e5d50d,Sleeper,"ООО «""TOSHKENT MATRAS LYUKS"" MCHJ»",generic,https://psapi.megagroup.ru/accounts/71315/notify
62ea551639c675be34e5ec02,ЖИВАЯ ВОДА - Авиасозлар 3/21,"ООО «""HAYOTBAXSHSUV VEND""»",alivewater,https://mobile.api.alivewater.online
62ea553039c675be34e5ec0e,ЖИВАЯ ВОДА - Авиасозлар 4/17В,"ООО «""HAYOTBAXSHSUV VEND""»",alivewater,https://mobile.api.alivewater.online
62ebaebf39c675be34e629ee,LUCK SMART GROUP,"ООО «""LUCKY SMART GROUP"" QMJ»",generic,https://api.kolesso.uz/api/payme
62f0f4b139c675be34e702c7,Smartup,ООО «Smartup»,generic,https://smartup.online/bill/paycom
62f4c76839c675be34e7b15b,G-TELL,"ООО «""G-TELL"" MCHJ»",generic,https://a.g-tell.uz/api/fin/payme/default/pay/
62f4d032a12ad7a48f4a7a75,Болаларни қўллаб-қувватлаш жамоат фонди,ННО «BOLALARNI QO'LLAB-QUVVATLASH JAMOAT FONDI»,generic,https://bolalarfondi.uz/integration/payme
62f4f039a12ad7a48f4a860c,Smart taxi,ООО «Smart way trans»,generic,https://fleet-money.fullfocus.uz/api/merchant/62f4f039a12ad7a48f4a860c
62f4f08ca12ad7a48f4a861f,Real Taxi Plus,ООО «ALI GRAND WAY SERVICE»,generic,https://fleet-money.fullfocus.uz/api/merchant/62f4f08ca12ad7a48f4a861f
62f4f0d9a12ad7a48f4a8630,BRAVO TAXI,ООО «Cabman»,generic,https://fleet-money.fullfocus.uz/api/merchant/62f4f0d9a12ad7a48f4a8630
62f4f167a12ad7a48f4a8644,Free Taxi,ООО «Smart group truck»,generic,https://fleet-money.fullfocus.uz/api/merchant/62f4f167a12ad7a48f4a8644
62f4f1bfa12ad7a48f4a8662,Start taxi,ООО «Start taxi plus»,generic,https://fleet-money.fullfocus.uz/api/merchant/62f4f1bfa12ad7a48f4a8662
62f4f240a12ad7a48f4a8687,TAXI OSON,ООО «TAXI OSON MCHJ»,generic,https://fleet-money.fullfocus.uz/api/merchant/62f4f240a12ad7a48f4a8687
62f4f290a12ad7a48f4a86a1,Xon Taxi,"ООО «""LATIF TAXI"" MCHJ»",generic,https://fleet-money.fullfocus.uz/api/merchant/62f4f290a12ad7a48f4a86a1
62f6163aa12ad7a48f4aa696,IT SERVICE GROUP,"ООО «ООО ""IT SERVICE GROUP""»",generic,https://itsg.uz/api/payme
62f61695a12ad7a48f4aa69f,IT SERVICE GROUP,"ООО «ООО ""IT SERVICE GROUP""»",generic,https://getsms.uz/admin/postman/callback
62f616a9a12ad7a48f4aa6a6,QR-MENU,ООО «PREMIUM SAAS NETWORKS»,generic,https://qr-menu.uz/api/payme
62f9e245a12ad7a48f4b0c39,ЖИВАЯ ВОДА - Учтепа 11/36,"ООО «""HAYOTBAXSHSUV VEND""»",alivewater,https://mobile.api.alivewater.online
62f9e3c9a12ad7a48f4b0c9e,ЖИВАЯ ВОДА - Чиланзар 18/3,"ООО «""HAYOTBAXSHSUV VEND""»",alivewater,https://mobile.api.alivewater.online
62f9e3e2a12ad7a48f4b0ca1,ЖИВАЯ ВОДА - Чиланзар 18/17,"ООО «""HAYOTBAXSHSUV VEND""»",alivewater,https://mobile.api.alivewater.online
62f9e3f8a12ad7a48f4b0ca7,ЖИВАЯ ВОДА - Чиланзар 17/46,"ООО «""HAYOTBAXSHSUV VEND""»",alivewater,https://mobile.api.alivewater.online
62f9f7b7a12ad7a48f4b12f4,Safia,"ООО «""MADINA-QANDOLAT"" MCHJ»",generic,https://panel.safiabakery.uz/payment/paycom?id=72
62f9fcaca12ad7a48f4b14d0,Tarnov Boshi,"ООО «ООО ""APETITO YSD""»",generic,https://payment.api.delever.uz/payme
62fa39d5a12ad7a48f4b25d1,EXZAP.UZ,ООО «XK AUTO MOTOR PARTS TRADE»,generic,https://exzap.uz/paymentWebhook
62fa657ea12ad7a48f4b2dd9,ZeroX,ООО «ZeroX»,generic,https://app.zerox.uz/api/v1/pay/payme
62fb21e0a12ad7a48f4b3a89,EVOS ,ООО «MCHJ MAK FOOD SERVIS»,generic,https://payment.api.delever.uz/payme
62fde7e246dc858668f567e5,ЖИВАЯ ВОДА - Чиланзар Д 20А/8,"ООО «""HAYOTBAXSHSUV VEND""»",alivewater,https://mobile.api.alivewater.online
62fde81e46dc858668f567f6,ЖИВАЯ ВОДА - Чиланзар Д 20А/15,"ООО «""HAYOTBAXSHSUV VEND""»",alivewater,https://mobile.api.alivewater.online
62fde83946dc858668f56805,ЖИВАЯ ВОДА - Чиланзар Д 20А/63,"ООО «""HAYOTBAXSHSUV VEND""»",alivewater,https://mobile.api.alivewater.online
62ff5d1f46dc858668f5a76b,Платформа 24,"ООО «""CINEMAPLEX"" MCHJ»",generic,https://pay.p24.app/payment/20d08711-7f51-4389-9faa-4fad11a84990/process
63049a5b7066d254af7965a5,ELITESPORT,"ООО «ООО ""MYSPORT""»",generic,https://elitesport.uz/?wc-api=wc_payme
6304a71a7066d254af796a27,Gʻafur Gʻulom bog'i,"СП ООО «""BMP SMART DECISION MANAGEMENT"" MCHJ QK»",park,84.54.75.245
6305f6997066d254af79a31d,ULKAN,ООО «OQILA COMPUTER»,generic,https://restapi.ulkansayt.uz/payment/payme/api
630723767066d254af79c602,EVOS ,ООО «MCHJ MAK FOOD SERVIS»,generic,https://payment.api.delever.uz/payme
63078ff17066d254af79de58,MULTICARD PAYMENT,"ООО «""MULTICARD PAYMENT"" AJ»",generic,https://mesh.multicard.uz/tips/callback/payme
6308af7d7066d254af79fe3c,EVOS ,ООО «MCHJ MAK FOOD SERVIS»,generic,https://payment.api.delever.uz/payme
630b25e17066d254af7a356e,iCan,"ООО «""ICAN IT-GROUP"" MChJ»",generic,https://api.credit.icangroup.uz/external/payment/payme
630c69b2acb17d657b090f59,NRM.UZ,"ООО «ООО ""NORMA    ""»",generic,https://nrm.uz/paycom/index.php
630c962b955478bcaddac0d7,MONTELLA,ООО «NAVRUZ INTERNATIONAL CORP»,generic,https://montella.botagent.uz/payment/paycom
630cb212955478bcaddac866,UzLife,АО «AGROS HAYOT SUG`URTA KOMPANIYASI AJ»,generic,https://uzlife.uz/payment/payme
630df82ac32540a80de6dbdd,ЖИВАЯ ВОДА - Учтепа 23/58,"ООО «""HAYOTBAXSHSUV VEND""»",alivewater,https://mobile.api.alivewater.online
630df83cc32540a80de6dbe3,ЖИВАЯ ВОДА - Учтепа 23/41,"ООО «""HAYOTBAXSHSUV VEND""»",alivewater,https://mobile.api.alivewater.online
630f4a41c32540a80de70746,EasyBooking.Uz,"ООО «""EASYBOOKING"" MCHJ»",generic,https://api.easybooking.uz/api/payme
630f5bd0c32540a80de70be9,ALLNET,ООО «ALNET»,generic,https://194.213.16.1/paysys_check.cgi
6315e60edfcda2d1a53f72b0,Taxi 1053,"ООО «""TAXI LEADER"" MCHJ»",taxi-maxim,http://213.230.99.152/money/check_pay/
631714a9dfcda2d1a53f99d5,SEZAM TRAVEL,ООО «SEZAM TRAVEL»,generic,https://psapi.megagroup.ru/accounts/67600/notify
631868b34873eee3ce544abe,YANGI-ASR-MAKTABI,"НОУ «""YANGI-ASR-MAKTABI"" NTM»",generic,https://maktab.gtolam.uz/api/payments/pay-me/9sdf-98sd-fh9s-8dfh-s9d8-fh0d-9fko/payment
631ed9c7d160a6d6294b3a5f,MASTER DOSTAVKA,ООО «Smart way trans»,generic,https://fleet-money.fullfocus.uz/api/merchant/631ed9c7d160a6d6294b3a5f
631eda11d160a6d6294b3a79,REAL DOSTAVKA,ООО «ALI GRAND WAY SERVICE»,generic,https://fleet-money.fullfocus.uz/api/merchant/631eda11d160a6d6294b3a79/disabled
631ef6e4d160a6d6294b41f7,BEAUTY PROF,"ООО «""BEAUTY PROF"" MCHJ»",generic,https://admin.okc.uz/api/handle/payme
631f0531d160a6d6294b4664,ЖИВАЯ ВОДА - Учтепа 12/1А,"ООО «""HAYOTBAXSHSUV VEND""»",alivewater,https://mobile.api.alivewater.online
631f0545d160a6d6294b4674,ЖИВАЯ ВОДА - Чиланзар 19/66/8,"ООО «""HAYOTBAXSHSUV VEND""»",alivewater,https://mobile.api.alivewater.online
632036b6f16104bde41dd483,GOLD PYRAMIDS,"ООО «""GOLD PYRAMIDS"" MCHJ»",generic,https://arzonarenda.uz/payments/payme/transaction/
63203a8cf16104bde41dd563,Pitak24,"ООО «""GOLD PYRAMIDS"" MCHJ»",generic,https://toshmat.uz/payment/api
632045cff16104bde41dd7db,GOLD PYRAMIDS,"ООО «""GOLD PYRAMIDS"" MCHJ»",generic,https://tong.uz/gateway/payme
63204806f16104bde41dd828,GOLD PYRAMIDS,"ООО «""GOLD PYRAMIDS"" MCHJ»",generic,https://dev.oziqovqat.com/payment/payme
63216e58f5172565f15684f9,SARIQ BOLA ,ООО «GOLDEN FOUNDATION SBP»,generic,https://payment.api.delever.uz/payme
6322befff5172565f156bb70,SONET,"ООО «""SOLAR NETWORK""»",generic,https://cabinet.sonet.uz:9443/paysys_check.cgi
6323fe8df5172565f156ec20,EVOS ,ООО «MCHJ MAK FOOD SERVIS»,generic,https://evsapi.ectn.uz/callback/payme
6323feeff5172565f156ec31,EVOS ,ООО «MCHJ MAK FOOD SERVIS»,generic,https://payment.api.delever.uz/payme
63241843f5172565f156f113,YESPOS,ООО «QPOS SYS TECH MCHJ»,generic,https://payme-merchant.yespos.uz/api
63243ae0f5172565f156f9fb,Mento,"ООО «""MENTO EDTECH"" MCHJ»",generic,https://api.mento.uz/api/v1/payme/
63281796f8b15ea8112b2b4e,RizaNova,ООО «RIZANOVA»,generic,https://api.rizanova.uz/v3/payment/payme-endpoint
63283761f8b15ea8112b32c5,PASTA PASTA,"ООО «""PASTA-PASTA"" MCHJ»",generic,https://admin.pastabot.uz/payme/check
63295255f8b15ea8112b5904,TELSALE,"ООО «""TELSALE"" MCHJ»",generic,https://telsale.mubiyn.uz/with-payment/payment/paycom/
63296475f8b15ea8112b5f6f,arxiv.uz,ЧП «SAIDOV SUXROB»,generic,https://arxiv.uz/merchant/paycom
6329aad2f8b15ea8112b7522,SEZAM TRAVEL,ООО «SEZAM TRAVEL»,generic,https://psapi.megagroup.ru/accounts/72974/notify
6329b685f8b15ea8112b78a0,КРОКУС ПАРК зона отдыха.,ООО «PLATINUM BIZNESS»,generic,https://cb-pay.exely.com/Payme/generic/terminals/859abb8c-d86e-446e-a4b9-f9d0750092b7
632d4f7c0076c5b9e24dda8e,MYXVEST.RU,ЧП «RAJABOV ISKANDAR»,generic,https://api.myxvest.ru/endpoints/payment-system/payme
632d66e20076c5b9e24de26e,ELEKTRICHKA,"ООО «""ELEKTRICHKA"" MCHJ»",generic,https://api.elektrichka.uz:4431/
632dc1090076c5b9e24dfde0,BoXette,"СП ООО «""LUCKY EXPRESS GROUP"" MCHJ»",generic,https://sumo.boxette.uz/paycom-api
6331ed7092bf46e26edcebac,CLOUDNET.UZ,ООО «PROSPEKT BIZNES»,generic,https://cabinet.cloudnet.uz/payin/payme/payin.php
6332a92392bf46e26edcfd17,Besh Qozon ,ООО «MCHJ BLACKPILAF»,generic,https://beshqozon.zoomda.uz:4001/payme/
63355908f78e7a020da11fa9,DOST LINK,"ООО «""DOSTLINK""»",generic,https://pay.dostlink.uz/
633bc914f78e7a020da1c885,Safia,"ООО «""MADINA-QANDOLAT"" MCHJ»",generic,https://panel.safiabakery.uz/payment/paycom?id=76
633bc980f78e7a020da1c8b6,Safia,"ООО «""MADINA-QANDOLAT"" MCHJ»",generic,https://panel.safiabakery.uz/payment/paycom?id=73
633bc9aef78e7a020da1c8c1,Safia,"ООО «""MADINA-QANDOLAT"" MCHJ»",generic,https://panel.safiabakery.uz/payment/paycom?id=74
633bca11f78e7a020da1c8eb,Safia,"ООО «""MADINA-QANDOLAT"" MCHJ»",generic,https://panel.safiabakery.uz/payment/paycom?id=41
633bddc4f78e7a020da1ce0d,Траст,"ООО «""TRUST-INSURANCE"" AJ»",generic,https://online-trust.uz/ords/ins/pay_api/payme_invoice
633bef29f78e7a020da1d243,AVG,"ООО «""AVGTYRE"" MCHJ»",generic,https://ista.uz/?wc-api=wc_payme
633f3afe0c7921dcc8392ee0,INFINITY INSURANCE,ООО «АО «INFINITY INSURANCE»»,generic,http://infinity-online.uz/ords/ins/pay_api/payme
6343ef7c0c7921dcc839b9fa,Университет Инха в городе Ташкенте,ННО «Университет Инха в городе Ташкенте»,generic,https://ums.inha.uz/payments/payme-competition
634655e3eb78672f99915f01,OSIYO XALQARO UNIVERSITETI,"ООО «""OSIYO XALQARO UNIVERSITETI"" MCHJ»",generic,https://qabul.oxu.uz/payme
63466e012f0c7ec410a9ed5c,Besh Qozon ,ООО «MCHJ BLACKPILAF»,generic,https://panel.beshqozon.uz/payment/paycom?id=2
63466e2f2f0c7ec410a9ed62,Besh Qozon ,ООО «MCHJ BLACKPILAF»,generic,https://beshqozon.zoomda.uz:4001/payme/
6346b9fb3eaf684310f1e928,AMIRSOY,"ООО «ООО ""AMIRSOY""»",generic,https://cb-pay.exely.com/Payme/generic/terminals/72379823-a076-41df-a5d0-dcbef6556e0c
6347ca473eaf684310f20571,INTELLECT ENGINEERING,ООО «INTELLECT ENGINEERING SAMARQAND»,generic,https://api.ies-sam.uz/api/payme/merchant/
6347e5b657bda8285e94d823,CHOPAR,"ООО «""CHOPAR QO`QON"" MCHJ»",generic,https://bot.choparpizza.uz/payment/paycom?id=8
63493ea6cef7c50fdbde1d47,MOTI,"ООО «""MOTIVATION-PRO"" MCHJ»",generic,http://admin.motitashkent.uz/api/v1/payme
634fcd2fcef7c50fdbdf41ea,JUST,ООО «JUST RETAIL»,generic,https://just2010.uz/payme.php
63523352cef7c50fdbdfa147,HAMKOR KREDIT,ООО «HAMKOR KREDIT»,generic,https://lmb10.flexpul.uz/public/payme/payments
6353eabc9fd41bc3daf4a26c,Yewoo,"ЧП «""EVO-TASTY-FOOD"" MCHJ»",generic,https://api.lacafe.uz/api/payments/v1/payme
635671aacef7c50fdbe00b54,AnswersUz,"ООО «""AUTOMATION SOURCE"" MCHJ»",generic,https://answers.uz/api/payment
635773b29fd41bc3daf4f9c0,EVOS-TTZ-INFOKIOSK,ООО «MCHJ MAK FOOD SERVIS»,generic,https://payment.api.delever.uz/payme
6357bc32cef7c50fdbe02d29,PROFI TRAINING,НОУ «PROFI TRAINING»,generic,https://pay.profi-training.com/api/payments/payme/default/pay
635a3479cef7c50fdbe06aba,Safia,"ООО «""MADINA-QANDOLAT"" MCHJ»",generic,https://panel.safiabakery.uz/payment/paycom?id=76
635bb06e9fd41bc3daf58232,int42h,"ООО «""ROBOTS AND ME"" MCHJ»",generic,https://int42h.uz/rpc.php
635bc787cef7c50fdbe09f46,Safia,"ООО «""MADINA-QANDOLAT"" MCHJ»",generic,https://panel.safiabakery.uz/payment/paycom?id=56
635bc8e1cef7c50fdbe09f97,Safia,"ООО «""MADINA-QANDOLAT"" MCHJ»",generic,https://panel.safiabakery.uz/payment/paycom?id=29
635bc9b4cef7c50fdbe09fba,Safia Бешкайрагоч Online,"ООО «""MADINA-QANDOLAT"" MCHJ»",generic,https://panel.safiabakery.uz/payment/paycom?id=57
635bcae6cef7c50fdbe09ff6,Safia,"ООО «""MADINA-QANDOLAT"" MCHJ»",generic,https://panel.safiabakery.uz/payment/paycom?id=48
635bcea5cef7c50fdbe0a08e,Safia,"ООО «""MADINA-QANDOLAT"" MCHJ»",generic,https://panel.safiabakery.uz/payment/paycom?id=6
635bcfddcef7c50fdbe0a0ca,Safia,"ООО «""MADINA-QANDOLAT"" MCHJ»",generic,https://panel.safiabakery.uz/payment/paycom?id=55
635bd15dcef7c50fdbe0a120,Safia,"ООО «""MADINA-QANDOLAT"" MCHJ»",generic,https://panel.safiabakery.uz/payment/paycom?id=58
635cf8d2cef7c50fdbe0b804,OSIYO-NUR,"ООО «""ZIYO-SHARIF"" MCHJ»",generic,https://payment.api.delever.uz/payme
635f78728ed3aecdf3e8a16a,BELLISSIMO PIZZA Фаргона,ООО «BELLISSIMO PIZZA INTERNATIONAL»,generic,https://pay.bpnet.uz/api/payment/payme
635fd38a3d02f063f99e33de,UZBEKISTAN AIRPORTS  - AMANO ,АО «UZBEKISTAN AIRPORTS AJ»,generic,https://94.158.54.201:1002/paycom/merchantapi/index.php
6360f41a8ed3aecdf3e8d3fa, HYPER SOLUTIONS,ООО «MIMAX SOFTWARE GROUP MCHJ»,generic,https://udesk.uz/payment/payme/callback
6364ffa32cfb25761a98eb80,YAPONAMAMA,"ООО «""SUSHIRO"" MCHJ»",generic,https://panel.yaponamama.uz/payment/paycom?id=11
636500342cfb25761a98ebcd,YAPONAMAMA SAMARQAND,ООО «Y M -SAMARKAND»,generic,https://panel.yaponamama.uz/payment/paycom?id=12
636500b12cfb25761a98ebf4,YAPONAMAMA,"ООО «ООО ""STAR SUSHI""»",generic,https://panel.yaponamama.uz/payment/paycom?id=13
6365015f2cfb25761a98ec45,YAPONAMAMA - Бухара,"ООО «ООО ""YM-BUKHARA""»",generic,https://panel.yaponamama.uz/payment/paycom?id=14
6368e87c2cfb25761a995e0a,Пропускные пункты ГТК - Munis - 1203,ЧП «Пропускные пункты ГТК»,munis-border-gtk,http://merchant-proxy-munis-aloqa/munis-api/munisapi/payme
636a58e9e07cd29f14679a8a,ERGO MEBEL,"ООО «""ERGO OFFICE"" MCHJ»",generic,https://ergo.uz/index.php?route=extension/payment/kit_payme&f=Callback
636a60612cfb25761a99a1ae,i-hamkor,ООО «ООО «DEFEN FINANCIAL»»,generic,https://b1.ihamkor.uz/onePaymeMethod
636ca5172cfb25761a99e6af,TIRGO,"ООО «""TIRGO LOG"" MCHJ»",generic,https://admin.tirgo.io/api/api/payMeMerchantApi
636e22e6e07cd29f14680c0b,Safia,"ООО «""MADINA-QANDOLAT"" MCHJ»",generic,https://panel.safiabakery.uz/payment/paycom?id=79
636e23cee07cd29f14680c3b,Safia,"ООО «""MADINA-QANDOLAT"" MCHJ»",generic,https://panel.safiabakery.uz/payment/paycom?id=77
636e259ce07cd29f14680cc3,Safia,"ООО «""MADINA-QANDOLAT"" MCHJ»",generic,https://panel.safiabakery.uz/payment/paycom?id=78
63733b46e07cd29f1468aab3,SAMARKAND TOURISTIC CENTRE,ООО «SAMARKAND TOURISTIC CENTRE MCHJ»,generic,https://cb.pay-integration-as.com/payment/24001/payme/ipn
63733b8de07cd29f1468aabe,SAMARKAND TOURISTIC CENTRE,ООО «SAMARKAND TOURISTIC CENTRE MCHJ»,generic,https://cb.pay-integration-as.com/payment/24002/payme/ipn
63733bf4e07cd29f1468aade,SAMARKAND TOURISTIC CENTRE,ООО «SAMARKAND TOURISTIC CENTRE MCHJ»,generic,https://cb.pay-integration-as.com/payment/24003/payme/ipn
63733c30e07cd29f1468aaf3,SAMARKAND TOURISTIC CENTRE,ООО «SAMARKAND TOURISTIC CENTRE MCHJ»,generic,https://cb.pay-integration-as.com/payment/24004/payme/ipn
63733ca4e07cd29f1468ab10,SAMARKAND TOURISTIC CENTRE,ООО «SAMARKAND TOURISTIC CENTRE MCHJ»,generic,https://cb-pay.exely.com/Payme/generic/terminals/7b827d1b-1872-43a9-bc28-17243281f5ab
63733cdde07cd29f1468ab21,SAMARKAND TOURISTIC CENTRE,ООО «SAMARKAND TOURISTIC CENTRE MCHJ»,generic,https://cb-pay.exely.com/Payme/generic/terminals/e763897f-e09e-4d45-9419-a08780eaa5b2
63733d18e07cd29f1468ab2b,SAMARKAND TOURISTIC CENTRE,ООО «SAMARKAND TOURISTIC CENTRE MCHJ»,generic,https://cb-pay.exely.com/Payme/generic/terminals/654545ce-50b9-4216-80a6-f06f9df2efe4
63733d44e07cd29f1468ab3b,SAMARKAND TOURISTIC CENTRE,ООО «SAMARKAND TOURISTIC CENTRE MCHJ»,generic,https://cb.pay-integration-as.com/payment/22902/payme/ipn
63733da6e07cd29f1468ab5a,SAMARKAND TOURISTIC CENTRE,ООО «SAMARKAND TOURISTIC CENTRE MCHJ»,generic,https://cb.pay-integration-as.com/payment/22903/payme/ipn
63737b464050a4f6853200b6,MIKROMOLIYA TASHKILOTI OASISCREDIT,"ИП ООО «""MIKROMOLIYA TASHKILOTI OASISCREDIT"" MCHJ XK MMT»",generic,https://mfo95.flexpul.uz/public/payme/payments
6374ae34185c22ee8977d66f,IBRATLI VAQT,"ООО «""IBRATLI VAQT"" MCHJ»",generic,https://ibratli-vaqt.mubiyn.uz/with-payment/payment/paycom/
6375d7754050a4f68532622e,KREDITOMAT TASHKENT MIKROKREDIT TASHKILOTI,"ООО «""KREDITOMAT TASHKENT MIKROKREDIT TASHKILOTI"" MCHJ»",generic,https://mfo74.flexpul.uz/public/payme/payments
6375e7e34050a4f685326694,IGRATOUR,"ООО «""IQRATOUR"" MCHJ»",generic,https://iqratour.uz/handle/payme
6376100e185c22ee897815f8,IT SERVICE GROUP,"ООО «ООО ""IT SERVICE GROUP""»",generic,https://getsms.uz/admin/payment/callback
63773d58185c22ee897841cf,ИП «KAGRAMANYAN YURIY MAKSIMOVICH»,ЧП «KAGRAMANYAN YURIY»,generic,https://p-api.tehnikum.school/payme/
6377761e185c22ee8978535d,TOPAR.UZ,"ООО «""GRAND BOOKSHOP"" MCHJ»",generic,https://api.klasstovar.uz/payme/pay
63786719185c22ee897869ef,EVOS,ООО «MCHJ MAK FOOD SERVIS»,generic,https://evsapi.ectn.uz/callback/payme
63786795185c22ee89786a0b,EVOS,ООО «MCHJ MAK FOOD SERVIS»,generic,https://payment.api.delever.uz/payme
637b47974050a4f685334d4c,ALFA Mikromoliya tashkiloti,"ООО «""ALFA MIKROMOLIYA TASHKILOTI"" MCHJ»",generic,https://mfo21.flexpul.uz/public/payme/payments
637b5935185c22ee8978d807,E-commerce,"АО «""O`ZAGROSUG`URTA""»",generic,https://mypolis.agros.uz/api/payme/
637b7bde185c22ee8978e2dc,Softproducts.uz,ООО «JNS LABS»,generic,https://softproducts.uz/?route=extension/payment/kit_payme&f=Callback
637f2e904050a4f68533fe67,Adras Republic,ЧП «YUSUPOVA SOFYA»,generic,https://www.shopadras.uz/?wc-api=wc_payme
637f5870185c22ee89798022,Hippo EDI,"ООО «ООО ""ART OF BUSINESS ASSISTANCE""»",generic,https://app.hippo.uz/billing/payme/callback
637f76114050a4f685340fbc,Apachi Recreation Area in Chimgan Mountains PayConnectBE,"ООО «""MIR BEST TECHNOLOGY"" MCHJ»",generic,https://cb-pay.exely.com/Payme/generic/terminals/44a1d0a9-479a-4091-a89a-d7ab3d98bb3b
6384956c4050a4f685348c53,VEOLIA ENERGY TASHKENT,ИП ООО «VEOLIA ENERGY TASHKENT MCHJ  XORIJIY KORXONA»,veolia,http://api.veoliaenergy.uz:4000
6385f2d1185c22ee897a3a3d,IT SERVICE GROUP,"ООО «ООО ""IT SERVICE GROUP""»",generic,https://prorent.uz/api/payme/callback
638705134050a4f68534cb2f,uPraktika.uz,ООО «PRAKTIKA ONE»,generic,https://upraktika.uz/api/pay/payme
6387304e4050a4f68534d245,MINDSET RESET ,"ООО «""MINDSET RESET"" MCHJ»",generic,https://invest.uplift.uz/?wc-api=wc_payme
638850474050a4f68534eda7,IDEAL HOLDING ,"ООО «""IDEAL HOLDING"" XK»",generic,https://jobme.uz/?wc-api=wc_payme
63885ac6185c22ee897a7e58,It Bilim,"ООО «""IT-BILIMLARNI RIVOJLANTIRISH MARKAZI"" MCHJ»",generic,https://crm.it-bilim.uz:8190/
638d937f4b7facfd06c19564,SALAM-FINANCE,СП ООО «SALAM-FINANCE MCHJ  QO`SHMA KORXONA»,generic,https://mfo94.flexpul.uz/public/payme/payments
638dcb2a0c4c67ea0602e8cf,EVOS,ООО «MCHJ MAK FOOD SERVIS»,generic,https://payment.api.delever.uz/payme
638dee224b7facfd06c1a6ae,Safia,"ООО «""MADINA-QANDOLAT"" MCHJ»",generic,https://panel.safiabakery.uz/payment/paycom?id=188
638ed7a24b7facfd06c1b61b,BIZNES FINANS,ООО «MCHJ BIZNES FINANS MIKROMOLIYA TASHKILOTI»,generic,https://mfo46.flexpul.uz/public/payme/payments
638f188b4b7facfd06c1c32e,FAKTORIAL,ООО «FAKTORIAL IT»,generic,https://web.diziproedu.uz/api/payment/payme
63902c3a0c4c67ea06032c45,EVOS,ООО «MCHJ MAK FOOD SERVIS»,generic,https://evsapi.ectn.uz/callback/payme
63908cfb0c4c67ea060343ec,Musofir,ННО «ЎЗБЕКИС.ЁШЛАРИ УМУМЖАҲОН АССОЦ»,generic,https://musofir.uicgroup.tech/api/payment/paymeuz/merchant/
6392c5844b7facfd06c21965,CASH U,"ООО «""CASH U MIKROMOLIYA TASHKILOTI"" MCHJ»",generic,https://mfo62.flexpul.uz/public/payme/payments
6392dc4a4b7facfd06c21dd0,Angel's Pizza,ООО «Angel's Pizza»,generic,https://bots.texnoweb.uz/angelspizza/Payme/
639317e90c4c67ea0603861d,RONI,"ООО «ООО ""RONI FAMILY""»",generic,https://api.ronipizza.uz/api/callbacks/payme
6396f11d0c4c67ea0603f42c,TAXI SUPER GO,"ООО «""TAXI SUPER GO"" MCHJ»",generic,https://taxisupergo.uz/paysys-api/payme
6396f60f0c4c67ea0603f533,PANDORA,ООО «Region Proekt»,generic,http://brandmix.nolikvid.uz/payment/payme
639705950c4c67ea0603f795,UZBEKISTAN AIRPORTS,АО «UZBEKISTAN AIRPORTS AJ»,generic,http://94.158.55.117:11001/api/payme
63971b180c4c67ea0603fc86,TAXI SUPER GO,"ООО «""TAXI SUPER GO"" MCHJ»",generic,https://taxisupergo.uz/paysys-api/order/payme
639722e84b7facfd06c28fca,BLISS,ЧП «KIM ANNA»,generic,https://bliss-optika.uz/personal/order/notification.php
63975a6f0c4c67ea060407a8,YENGIL TAXI,"ООО «""YENGIL AVTO TRANS 777"" MCHJ»",generic,https://feequeeluko.beget.app/fleet/paycom/
639866dd0c4c67ea060422ec,DELFIN TAXI,"ООО «""SHAXRAM SHOXJAHON 2022"" MCHJ»",generic,https://62.113.97.147/fleet/paycom/
6399d0d64b7facfd06c2da07,ISHONCH MIKROFINANCE MIKROMOLIYA TASHKILOTI,ООО «MCHJ ISHONCH MIKROFINANCE MIKROMOLIYA TASHKILOTI»,generic,https://mfo67.flexpul.uz/public/payme/payments
639c4c754b7facfd06c31718,SOLIQ SERVIS - ЭҲФ,ГУП «O`ZBEKISTON RESPUBLIKASI DAVLAT SOLIQ QO`MITASI HUZURIDAGI SOLIQ SERVIS DAVLAT U»,generic,https://new.soliqservis.uz/api/front-office/payme
63a035b34b7facfd06c39931,QAND,"ООО «""SAIDBOB CHUST"" MCHJ»",generic,https://www.qandchoco.com/?wc-api=wc_payme
63a04e4d0c4c67ea06052907,BREADLY,ООО «ALLIANCE BAKERY»,generic,https://panel.breadly.uz/payment/paycom?id=2
63a18efd0c4c67ea06055158,Chado,"ООО «""SALOM CHADO"" MCHJ»",generic,https://chado.notscripts.ovh/api/payme/merchant
63a1908e0c4c67ea060551b1,EVOS,ООО «MCHJ MAK FOOD SERVIS»,generic,https://evsapi.ectn.uz/callback/payme
63a190ff0c4c67ea060551bd,EVOS,ООО «MCHJ MAK FOOD SERVIS»,generic,https://payment.api.delever.uz/payme
63a53bf13a3886fdf06bf0e0,ASIA INSURANCE SUG`URTA KOMPANIYASI,АО «ASIA INSURANCE SUG`URTA KOMPANIYASI AJ»,generic,http://81.95.229.2:5000/PayComAPIService
63a961b8255cde1eb83b04bd,Asaxiy муддатли тўлов,"ООО «""ASAXIY UZ"" MCHJ»",generic,https://api.asaxiy.uz/v2/payment/payme
63a984dc255cde1eb83b0d6b,Asaxiy  интернет-магазин,"ООО «""ASAXIY BOOKS"" MCHJ»",generic,https://api.asaxiy.uz/v2/payment/payme
63aa8d31255cde1eb83b2c75,BELLISSIMO PIZZA,ООО «BELLISSIMO PIZZA INTERNATIONAL»,generic,https://pay.bpnet.uz/api/payment/payme
63aaaaf5255cde1eb83b3260,BUXGALTER.ACADEMY,"НОУ «""NORMA PROFESSIONAL RIVOJLANISH MARKAZI"" NTM»",generic,https://buxgalter.academy/scripts/pay/payme
63abdf183d3903da82aeddec,IDEAL HOLDING,"ООО «""IDEAL HOLDING"" XK»",generic,https://megaprom.uz/?wc-api=wc_payme
63b6ab3b2ef2d4e9e90a05bf,FC NASAF ,"ООО «""NASAF PROFESSIONAL FUTBOL KLUBI"" MCHJ»",generic,https://tickets.fc-nasaf.uz/payme
63b7ac7cd3af34dee9986e01,keyspro,ООО «MCHJ GORGEOUS PARTNERS»,generic,https://keyspro.uz/?wc-api=wc_payme
63b826f2d3af34dee998884d,Hachapuri House Bot,"ООО «""INTERNATIONAL BUSINESS MASTER"" MCHJ»",generic,https://umraga.uz/handle/payme
63bbfe6e2ef2d4e9e90ab36b,HUMSON BULOQ SANATORIUM PayConnectBE,ООО «HUMSON BULOQ SANATORIUM»,generic,https://cb-pay.exely.com/Payme/generic/terminals/017dcd61-38e5-44dc-b0e5-0e96f2cefaf7
63be5e082ef2d4e9e90afcab,SERVIS-STILL-TV,ООО «SERVIS-STILL-TV»,generic,https://sstv.itscloud.ltd/ktv/hs/paycom/
63be7626d3af34dee9995d14,AS TAXI,"ООО «""AS-TAXI"" MCHJ»",generic,https://zanafhaskot.beget.app/fleet/paycom/
63be8507d3af34dee9995fac,TAOVITA,ООО «ООО «FORMULA JIZNI»»,generic,https://taovita.uz/do.control/rpay/payme
63be8645d3af34dee9995fda,EVOS,ООО «MCHJ MAK FOOD SERVIS»,generic,https://payment.api.delever.uz/payme
63be91382ef2d4e9e90b067f,MINDSET RESET ,"ООО «""MINDSET RESET"" MCHJ»",generic,https://mufeed.uz/?wc-api=wc_payme
63bfe3592ef2d4e9e90b3e1d,PIE REPUBLIC,"ООО «""PIE POINT"" MCHJ»",generic,https://pie.botagent.uz/payment/paycom
63c0e88a2ef2d4e9e90b6388,CLEVER MIKROMOLIYA TASHKILOT,ООО «CLEVER MIKROMOLIYA TASHKILOT»,generic,https://mfo61.flexpul.uz/public/payme/payments
63c13c782ef2d4e9e90b7498,YENGIL KREDIT,ООО ««YENGIL KREDIT MIKROMOLIYA TASHKILOTI MCHJ»»,generic,https://mfo27.flexpul.uz/public/payme/payments
63c50bf32ef2d4e9e90bee09,ASIA INSURANCE SUG`URTA KOMPANIYASI,АО «ASIA INSURANCE SUG`URTA KOMPANIYASI AJ»,generic,http://aiapi.i-polis.uz/api/paycom/add
63c53ea62ef2d4e9e90bf6f3,LOMBARD BARDOSH-BIZNES,ООО «LOMBARD BARDOSH-BIZNES MCHJ»,generic,https://lmb22.flexpul.uz/public/payme/payments
63c671a22ef2d4e9e90c2083,LOMBARD SHOKIR INVEST,ООО «LOMBARD  SHOKIR INVEST MCHJ»,generic,https://lmb54.flexpul.uz/public/payme/payments
63c6720f2ef2d4e9e90c20a9,LOMBARD TASHKREDIT,ООО «LOMBARD  TASHKREDIT MCHJ»,generic,https://lmb27.flexpul.uz/public/payme/payments
63c6b6e5ce3c82119b03f1a5,UNIONS-TRAVEL,"ООО «""UNIONS-TRAVEL"" MCHJ»",generic,https://unionstravel.uz/handle/payme
63c7cb9b53a6022696bea687,Istiqbol Invest,"ООО «""ISTIQBOL INVEST GROUP MIKROMOLIYA TASHKILOTI"" MCHJ»",generic,https://mfo36.flexpul.uz/public/payme/payments
63ca82769e66550064f4c5ad,Inspired,СП ООО «Inspired»,generic,https://e24c-81-95-233-33.ap.ngrok.io
63ce31ded5e26795b0f0c904,IT SERVICE GROUP,"ООО «ООО ""IT SERVICE GROUP""»",generic,https://topads.uz/api/pay/payme_merchant
63d0d6b045caa8355e10abda,ASR MIKROMOLIYA TASHKILOTI,"ООО «ООО ""ASR INVESTMENT FINANCE BUSINESS MIKROKREDIT TASHKILOTI""»",generic,https://mfo84.flexpul.uz/public/payme/payments
63d104c74ade4c6768a31000,Money Manager,ЧП «SALIYEV OYBEK»,generic,https://ya.komplexsoft.uz/paymecom/index.php
63d10db445caa8355e10cba6,Mador Life Kokand,ООО «MCHJ MADOR LIFE KOKAND MIKROMOLIYA TASHKILOTI»,generic,https://mfo57.flexpul.uz/public/payme/payments
63d2536145caa8355e112150,"Ломбард ""Топаз-Кредит","ООО «ЧП ""TOPAZ KREDIT""»",generic,https://lmb67.flexpul.uz/public/payme/payments
63d26e8245caa8355e113128,1UZ,"ООО «""BEPRO NORMA"" MCHJ»",generic,https://pay.1uz.uz/Payme/PaymeSystem/
63d3745845caa8355e115601,MAXFILM,"ООО «""MAXFILM TV"" MCHJ»",generic,https://maxfilm.uz/maxfilm-controlp/pay-ment/payme-end-point
63d3750645caa8355e115630,Lombard Kibray Kredit,ООО «LOMBARD KIBRAY KREDIT MCHJ»,generic,https://lmb83.flexpul.uz/public/payme/payments
63d37b4e45caa8355e1159ff,Bizzon,"ООО «""BIZZON"" MCHJ»",generic,https://bizzon.uz/payme/pay_receive.php
63d37cb545caa8355e115a63,HAYOT INVEST,ООО «HAYOT INVEST MIKROKREDIT TASHKILOTI»,generic,https://mfo69.flexpul.uz/public/payme/payments
63d37f1b45caa8355e115ac6,PERSPECTIVE GLOBAL INVEST,"ООО «ООО ""PERSPECTIVE GLOBAL INVEST MIKROKREDIT TASHKILOTI""»",generic,https://mfo75.flexpul.uz/public/payme/payments
63d3ab8a45caa8355e116612,Kristal Kredit,ООО «KRISTAL KREDIT»,generic,https://lmb61.flexpul.uz/public/payme/payments
63d3c5414ade4c6768a3bc8a,ADG Copy Center,ООО «ADVERTISING GUIDE»,generic,https://adgcenter.uz/payment/processTransaction/18
63d3c9d445caa8355e116c99,STOLICHNIY KREDIT,ООО «STOLICHNIY KREDIT»,generic,https://lmb77.flexpul.uz/public/payme/payments
63d74bcd4ade4c6768a4391c,REALPATIENT,ООО «Innovative developers»,generic,https://realpatient.uz/handle/payme
63d752df45caa8355e11e20c,SPRING,"СП ООО «""GREEN WORLD-GROUP"" MCHJ XK»",generic,https://app.spring-organic.uz/api/payment/payme
63d7b73945caa8355e120140,CITYWIFI,"ООО «""CITY WIFI GROUP"" MCHJ»",generic,https://bill.citywifi.uz/ajax/index/payme
63d7bacd45caa8355e1202ac,Kafolat Kredit Group,ООО «KAFOLAT KREDIT GROUP MIKROMOLIYA TASHKILOTI »,generic,https://mfo70.flexpul.uz/public/payme/payments
63d8c62c547278b63427bc24,TOSHKENT-PARFUM,"ООО «""TOSHKENT-PARFUM"" MCHJ»",generic,https://toshkent-parfum.xn--h28h.uz/api/v1/payments/merchant/Payme
63d8c6a0547278b63427bc43,KFC,ООО «INTERNATIONAL FOODCHAIN»,generic,https://payme.ifch.uz/
63da0824547278b63427f0a1,Chirchik kredit mikrokredit tashkiloti,ООО «CHIRCHIQ KREDIT MIKROMOLIYA TASHKILOTI MCHJ»,generic,https://mfo34.flexpul.uz/public/payme/payments
63da4622e9fad66b89bb83da,XALQ SUG'URTA,"СП ООО «""XALQ SUG`URTA""»",generic,http://api.xalqsugurta.uz/payments/paycom.php
63dc24833855b731808a33eb,Leader School,"ННО «""LIDER BOLALAR MAKTABI"" NTM»",generic,https://tt.leaderschool.uz/api/payment/payme
63dcdefd105c46a89cc290d8,PROFI TRAINING,НОУ «PROFI TRAINING»,generic,https://pay.profi-training.com/api/payments/payme/kassa_2/pay
63e200b4820c523b0d7aaa66,Zon.uz,"ООО «""ZON STORE"" MCHJ»",generic,https://api.zon.uz/smart/payme/1000000175
63e22bc3820c523b0d7ab80a,test,АО «KAFOLAT HAYOT INSURANCE»,generic,http://dev-khagent.beta-kafolat.uz/api/handle/payme
63e2347bba8983ca1d20cdd0,"""KORONA"" MCHJ QK MMT","ООО «""KORONA"" MCHJ QK MMT»",generic,https://mfo73.flexpul.uz/public/payme/payments
63e23636ba8983ca1d20ce3d,Nayuta Mikromoliya Tashkiloti,ООО «NAYUTA MCHJ»,generic,https://mfo97.flexpul.uz/public/payme/payments
63e236a7ba8983ca1d20ce55,GRAND MAX GOLD MIKROMOLIYA TASHKILOTI,ООО «GRAND MAX GOLD MIKROMOLIYA TASHKILOTI MCHJ»,generic,https://mfo71.flexpul.uz/public/payme/payments
63e236afa52727e621b30c3c,ALPAMISH ICE ARENA,"ООО «""ALPAMISH ICE ARENA"" MCHJ»",generic,https://muzsaroy.bgsoft.uz/api/payme
63e23760ba8983ca1d20ce95,Lombard Reliable Credit,ООО «LOMBARD RELIABLE-CREDIT MCHJ»,generic,https://lmb89.flexpul.uz/public/payme/payments
63e237deba8983ca1d20cea4,Lombard Sitora Sarmoya,"ООО «""LOMBARD SITORA SARMOYA"" MCHJ»",generic,https://lmb80.flexpul.uz/public/payme/payments
63e2384cba8983ca1d20ceba,Lombard Avangard Kredit,ООО «LOMBARD AVANGARD-KREDIT MCHJ»,generic,https://lmb21.flexpul.uz/public/payme/payments
63e2393708289f8b24caf0fd,Allpit Test,ЧП «MUXIDDINOV JAMOLIDDIN»,generic,https://allpit.shop/payme/payme_endpoint.php
63e23ffbba8983ca1d20d160, LOMBARD GAZALKENT KREDIT,"ООО «""LOMBARD GAZALKENT KREDIT"" MCHJ»",generic,https://lmb109.flexpul.uz/public/payme/payments
63e2419fba8983ca1d20d24b,Moment Kredit,ООО «MCHJ MOMENT-KREDIT LOMBARD»,generic,https://lmb34.flexpul.uz/public/payme/payments
63e242e8ba8983ca1d20d2f9,Lombard Venera Kredit,ООО «LOMBARD VENERA-KREDIT MCHJ»,generic,https://lmb35.flexpul.uz/public/payme/payments
63e24b62ba8983ca1d20d64d,Albatros Lombard Kredit,ООО «ALBATROS-KREDIT LOMBARD MCHJ»,generic,https://lmb43.flexpul.uz/public/payme/payments
63e24ea9ba8983ca1d20d75e,Lombard Yangibozor Kredit,"ООО «""LOMBARD YANGIBOZOR KREDIT"" MCHJ»",generic,https://lmb112.flexpul.uz/public/payme/payments
63e25024ba8983ca1d20d7be,Lombard Svetlana Kredit,ООО «LOMBARD SVETLANA-KREDIT MCHJ»,generic,https://lmb45.flexpul.uz/public/payme/payments
63e254e6ba8983ca1d20d8a7,Lombard Asat Kredit,ООО «LOMBARD ASAT-KREDIT MCHJ»,generic,https://lmb56.flexpul.uz/public/payme/payments
63e25664ba8983ca1d20d8e3,LOMBARD GOLD FINANCE BUSINESS,ООО «LOMBARD GOLD FINANCE BUSINESS MCHJ»,generic,https://lmb53.flexpul.uz/public/payme/payments
63e2591dba8983ca1d20d9d7,IDEAL KREDIT,ООО «MCHJ IDEALKREDIT LOMBARD»,generic,https://lmb58.flexpul.uz/public/payme/payments
63e3445dba8983ca1d210069,Lombard Evrika Kredit,ООО «MCHJ LOMBARD EVRIKA KREDIT»,generic,https://lmb69.flexpul.uz/public/payme/payments
63e3457eba8983ca1d210095,Kalina Kredit Lombard,"ООО «""KALINA KREDIT LOMBARD"" MCHJ»",generic,https://lmb72.flexpul.uz/public/payme/payments
63e346b3ba8983ca1d2100dd,Olmaliq Zamin Kredit Mikromoliya Tashkiloti,"ООО «""OLMALIQ ZAMIN KREDIT MIKROMOLIYA TASHKILOTI"" MCHJ»",generic,https://mfo56.flexpul.uz/public/payme/payments
63e34c9bed01190def7d2155,Safia,"ООО «""MADINA-QANDOLAT"" MCHJ»",generic,https://panel.safiabakery.uz/payment/paycom?id=88
63e34f18ed01190def7d2255,RAJAPOV SHOHRUZ SHUXRAT OGLI,ООО «RAJAPOV SHOHRUZ SHUXRAT O‘G‘LI»,generic,https://soundbook.uz/pay/zhsfkdxiijfs/index.php
63e391ffed01190def7d3e39,ПЯТЬ С ПЛЮСОМ,"ООО «ООО ""EXCLUSIVE EDUCATION""»",generic,https://payment.5plus.uz/payme
63e39f28ed01190def7d4282,ПЯТЬ С ПЛЮСОМ,"ООО «ООО ""EXCLUSIVE EDUCATION""»",generic,https://payment.5plus.uz/app-payme
63e4a78d752ef51df22a6a1c,SmartBox,ООО «Activemedia Solutions»,generic,https://api.mohirpanda.uz/v1/paycom
63e4b9aded01190def7d6b89,ASAKA LOMBARD,"ООО «""ASAKA-LOMBARD"" MCHJ»",generic,https://lmb110.flexpul.uz/public/payme/payments
63e4c5ceb4f045d7f2733c4a,Uzbekistan Airports,"АО «""UZBEKISTAN AIRPORTS"" AJ»",generic,https://pay.uzairports.com/ERPUH/hs/payme
63e4f9a0752ef51df22a7fdb,INSON E-POLIS,"АО СО «""INSON""»",generic,https://api-payme.insonline.uz/api/v1/payme/check
63e793cbed01190def7e18a4,SARIQ BOLA ,ООО «GOLDEN FOUNDATION SBP»,generic,https://payment.api.delever.uz/payme
63e9f916ed01190def7e7e6d,ZAMONDOSH MIKROMOLIYA TASHKILOTI,"ООО «""ZAMONDOSH MIKROMOLIYA TASHKILOTI"" MCHJ»",generic,https://mfo85.flexpul.uz/public/payme/payments
63ea10ffed01190def7e84c8,Fergana Lombard,"ООО «""FERGANA LOMBARD"" MCHJ»",generic,https://lmb98.flexpul.uz/public/payme/payments
63ea122310a1650af3a11fee,Bellissimo Чирчик,ООО «ECO Pizza»,generic,https://pay.bpnet.uz/api/payment/payme
63ea1792ed01190def7e8675,Kelajak Umidi Mikromoliya Tashkiloti,"ООО «""KELAJAK UMIDI MIKROMOLIYA TASHKILOTI"" MCHJ»",generic,https://mfo43.flexpul.uz/public/payme/payments
63eb6fd65282c4277be4f0fb,Gross Insurance,АО «Страховая компания GROSS»,generic,https://osago.gross.uz/api/ins/payme
63ecb58772052b0744199e07,BARBER ACADEMY,"ООО «""BARBER  ACADEMY"" MCHJ»",generic,https://cosmoluxe.uz/?wc-api=wc_payme
63ece32272052b074419b237,A BAZAR CAR WASH,"ООО «""A BAZAR CAR WASH"" MChJ»",generic,http://52.79.65.16/api/payment/fiscal-data
63edd8d072052b074419ceae,Besh Qozon ,ООО «MCHJ BLACKPILAF»,generic,https://beshqozon.uz/payme/
63ee1a38f70c63502a134400,Akademnashr NMM,ООО «Akademnashr NMM»,arca,https://api-qr.uzcard.uz
63ee1a38f70c63502a134403,Caffelito coffee ТЦ Чиланзар,ООО «Tulkunov Business»,arca,https://api-qr.uzcard.uz
63ee1a39f70c63502a134424,Maff ламинат и двери,ООО «PALISANDR»,arca,https://api-qr.uzcard.uz
63ee1a39f70c63502a13445a,Vобразе,ООО «Good Solutions Systems»,arca,https://api-qr.uzcard.uz
63ee1a39f70c63502a134479,Bellemaman,ООО «Bellemaman»,arca,https://api-qr.uzcard.uz
63ee1a39f70c63502a13447b,TRAMPLIN,НОУ «Tramplin»,arca,https://api-qr.uzcard.uz
63ee1a39f70c63502a1344b2,Wendy's,ООО «WENCAF»,arca,https://api-qr.uzcard.uz
63ee1a3af70c63502a13450b,Yaponamama,ООО «SAVDOBOMOND (NEW)»,arca,https://api-qr.uzcard.uz
63ee1a3af70c63502a13456b,ZIRA,"ООО «ООО ""ZIRA CHEF""»",arca,https://api-qr.uzcard.uz
63ee1a3af70c63502a13458f,ADORA & EMA - Буюк Ипак Йули,"ИП ООО «ИП ООО ""LAURA PERI FASHION""»",arca,https://api-qr.uzcard.uz
63ee1a3af70c63502a134590,ADORA & EMA - Юнусабад,"ИП ООО «ИП ООО ""LAURA PERI FASHION""»",arca,https://api-qr.uzcard.uz
63ee1a3af70c63502a134591,ADORA & EMA - Учтепинский район,"ИП ООО «ИП ООО ""LAURA PERI FASHION""»",arca,https://api-qr.uzcard.uz
63ee1a3bf70c63502a1345f4,AMERICAN PIZZA - NEXT,ООО «AMERICAN PIZZA»,arca,https://api-qr.uzcard.uz
63ee1a3bf70c63502a1346a3,BABYLON,"ООО «ООО ""BABYLON DISTRO""»",arca,https://api-qr.uzcard.uz
63ee1a3bf70c63502a1346a1,BABYLON,"ООО «ООО ""BABYLON DISTRO""»",arca,https://api-qr.uzcard.uz
63ee1a3bf70c63502a1346a2,BABYLON,"ООО «ООО ""BABYLON DISTRO""»",arca,https://api-qr.uzcard.uz
63ee1a3bf70c63502a1346a4,BABYLON,"ООО «ООО ""BABYLON DISTRO""»",arca,https://api-qr.uzcard.uz
63ee1a3bf70c63502a1346a5,BABYLON,"ООО «ООО ""BABYLON DISTRO""»",arca,https://api-qr.uzcard.uz
63ee1a3cf70c63502a13476a,PlanBaby Clinic,"ООО «""PLANBABY PLUS"" MCHJ»",arca,https://api-qr.uzcard.uz
63ee1a3cf70c63502a134780,FARSAVDOXIZMAT,ООО «FARSAVDOXIZMAT XF»,arca,https://api-qr.uzcard.uz
63ee1a3cf70c63502a13477c,ALADEEN deserts,"ООО «""CHOCOLATE CAKE"" MCHJ»",arca,https://api-qr.uzcard.uz
63ee1a3cf70c63502a13477f,FARSAVDOXIZMAT,ООО «FARSAVDOXIZMAT XF»,arca,https://api-qr.uzcard.uz
63ee1a3cf70c63502a134781,FARSAVDOXIZMAT,ООО «FARSAVDOXIZMAT XF»,arca,https://api-qr.uzcard.uz
63ee1a3df70c63502a1348a4,O.L.KAR.,"ООО «""OLKAR     TASHKENT"" MCHJ»",arca,https://api-qr.uzcard.uz
63ee1a3ef70c63502a1348be,LAGMAN24,"ООО «""NOODLE 24"" MCHJ»",arca,https://api-qr.uzcard.uz
63ee1a3ef70c63502a1348c8,MOY VETVRACH,"ООО «""MOY VETVRACH"" MCHJ»",arca,https://api-qr.uzcard.uz
63ee1a3ef70c63502a1348d2,Варим Парим,"ООО «""GLAVMYASTORG"" MCHJ»",arca,https://api-qr.uzcard.uz
63ee1a3ef70c63502a1348d3,Варим Парим,"ООО «""GLAVMYASTORG"" MCHJ»",arca,https://api-qr.uzcard.uz
63ee1a3ef70c63502a1348d5,Варим Парим,"ООО «""GLAVMYASTORG"" MCHJ»",arca,https://api-qr.uzcard.uz
63ee1a3ef70c63502a1348d4,Варим Парим,"ООО «""GLAVMYASTORG"" MCHJ»",arca,https://api-qr.uzcard.uz
63ee1a3ef70c63502a1348ed,Mini Market J,"ООО «""ZA’RIFA MARKET 24’7"" MCHJ»",arca,https://api-qr.uzcard.uz
63ee1a3ef70c63502a1348ee,SP PHONE - Hamza,ЧП «BAXTIYOROV XASAN DONIYOR O‘G‘LI»,arca,https://api-qr.uzcard.uz
63ee1a3ef70c63502a1348ef,NASRIDDIN SAVDO BIZNES,"ООО «""NASRIDDIN SAVDO BIZNES"" MCHJ»",arca,https://api-qr.uzcard.uz
63ee1a3ef70c63502a1348fa,XONXONIM Бешагоч,"ООО «""XONXONIM-01"" MCHJ»",arca,https://api-qr.uzcard.uz
63ee1a3ef70c63502a1348fb,XONXONIM Юнусабад,"ООО «""XONXONIM-02"" MCHJ»",arca,https://api-qr.uzcard.uz
63ee1a3ef70c63502a1348fe,QAND,"ООО «""SAIDBOB CHUST"" MCHJ»",arca,https://api-qr.uzcard.uz
63ee1a3ef70c63502a13490e,ERTAK,"СП «""ERTAKDAN KEYIN ERTAK"" OK»",arca,https://api-qr.uzcard.uz
63ee1a3ef70c63502a134910,PROFIT-TOUCH,"ООО «""PROFIT-TOUCH"" MCHJ»",arca,https://api-qr.uzcard.uz
63ee1a3ef70c63502a134915,LBOS jewellery,"ООО «""LBOS-JWL GROUP"" MCHJ»",arca,https://api-qr.uzcard.uz
63ee1a3ef70c63502a134918,MOG BANG,"ООО «""MOGBANG"" MCHJ»",arca,https://api-qr.uzcard.uz
63ee1a3ef70c63502a134919,Pie Republic Akay City,"ООО «""PIE POINT"" MCHJ»",arca,https://api-qr.uzcard.uz
63ee1a3ef70c63502a13491c,Testo by Zamira Садыка Азимова,"ООО «""CHUCHVARA ZAMIRA"" MCHJ»",arca,https://api-qr.uzcard.uz
63f078fbe7af711df5e535ab,Ayol Uchun,ННО «Imkon Uzbekistan»,generic,https://ayoluchun.xn--h28h.uz/api/v1/payment/Payme
63f0a339711fdb85d8880649,PROFI TAXI - Yandex Go,ООО «PREMIUM NEW TAXI SERVICE»,generic,https://fleet-money.fullfocus.uz/api/merchant/63f0a339711fdb85d8880649
63f33f7a2c4604cfd1bd3115,DUPLEXTEL,"ООО «""DUPLEX TEL""»",generic,https://a.duplextel.com/api/fin/payme/default/pay/
63f34fc32c4604cfd1bd386b,sugurta.biz,"ООО «""SMART DIGITAL INSURANCE"" MCHJ»",generic,https://sugurta.biz/paycom/
63f3672a2c4604cfd1bd3f21,Renesans Mikrokredit Tashkiloti,ООО «Renesans Mikromoliya Tashkiloti»,generic,https://mfo12.flexpul.uz/public/payme/payments
63f372b876523f76f585cad8,EVOS,ООО «MCHJ MAK FOOD SERVIS»,generic,https://evsapi.ectn.uz/callback/payme
63f37388d6bf734fedd5aea7,EVOS,ООО «MCHJ MAK FOOD SERVIS»,generic,https://payment.api.delever.uz/payme
63f4a8093222d2cdee10be54,Online Payments,ООО «BLOOMSHOP»,generic,https://panel.bloombeauty.uz/payment/paycom
63f5b629711fdb85d888eaf9,KAFOLAT HAYOT INSURANCE,АО «KAFOLAT HAYOT INSURANCE»,generic,https://agent.kafolathayot.uz/api/handle/payme
63f5ecddc6ebaa4649398666,Rasulev Bekzod Shuxratovich,ЧП «RASULEV BEKZOD»,generic,http://i-shop.uz/?route=extension/payment/kit_payme&f=Callback
63f84927c6ebaa464939eaf7,Shugina.uz,ООО «SALOM SAV MCHJ»,generic,https://shugina.uz/?wc-api=wc_payme
63f84b1fc6ebaa464939eba3,RIZOMULK GROUP,ООО «RIZOMULK GROUP»,generic,https://api.client.rizomulk.uz/api/v1/payment/payme/connection
63f881b8e9892c9148851ea5,AUXBOX,"ООО «""AUXBOX ROBOTICS"" MCHJ»",generic,https://api.auxbox.uz/v1/payme/merchant
63fc3bd9c6ebaa46493d09f6,CREDIT FLEX LOMBARD,ООО «CREDIT FLEX LOMBARD»,generic,https://lmb68.flexpul.uz/public/payme/payments
63fc40700dc5d3b148e4c9b0,Lalu,"ООО «""BEE ALLEY""»",generic,https://app.lalu.uz/api/payment/paycom/
63fc426fe9892c91488848af,EVOS,ООО «MCHJ MAK FOOD SERVIS»,generic,https://payment.api.delever.uz/payme
63fc43adc6ebaa46493d260d,Vodi Lombard,"ООО «""VODI LOMBARD"" MCHJ»",generic,https://lmb114.flexpul.uz/public/payme/payments
63fc44b2c6ebaa46493d295e,Oltin Yulduz,"ООО «""OLTIN YULDUZ PLUS MIKROMOLIYA TASHKILOTI"" MCHJ»",generic,https://mfo14.flexpul.uz/public/payme/payments
63fdb30a9348e7c9882b062f,«PROFIT TREND Mikromoliya Tashkiloti» MCHJ,ООО «MCHJ PROFIT TREND MIKROMOLIYA TASHKILOTI»,generic,https://mfo83.flexpul.uz/public/payme/payments
63fdcf6c77e4473b99e3235a,STONE ALLIANCE GROUP,"ООО «""STONE ALLIANCE GROUP"" MCHJ»",generic,http://159.223.218.113:3000/payme
63fdee778fcd96f893b6cf17,Novza Taxi,"ООО «""01 POYTAXT"" MCHJ»",generic,https://gitipuckut.beget.app/fleet/paycom/
63ff1bfa95786e72c631237e,Khiva Residence Hotel,ООО «BOG'CHA HOVUZ»,generic,https://cb-pay.exely.com/Payme/generic/terminals/ff1102c1-3ed6-4562-84c2-b0a371027938
64019de90d6f2281414fcd57,BRANDSTORE,"ООО «ООО ""BRANDSTORE""»",generic,https://api.brandstore.uz/api/payment/payme-callback
64038e67bd350d12ae3bd3cd,Biz Media,ООО «BIZ-TV»,generic,https://bill.biztv.media/api/v1/payme/
6405bc2d9b2115cc936419fe,BBQ BURGER,"ООО «ООО ""BARBEQUE BURGER""»",generic,https://payment.api.delever.uz/payme
6405bc629b2115cc93641a0d,BBQ BURGER,"ООО «ООО ""BARBEQUE BURGER""»",generic,https://payment.api.delever.uz/payme
6405bc949b2115cc93641a1a,BBQ BURGER,"ООО «ООО ""BARBEQUE BURGER""»",generic,https://payment.api.delever.uz/payme
6405bd169b2115cc93641a2d,BBQ BURGER,"ООО «ООО ""BARBEQUE BURGER""»",generic,https://payment.api.delever.uz/payme
6405bd4b9b2115cc93641a3d,BBQ BURGER,"ООО «ООО ""BARBEQUE BURGER""»",generic,https://payment.api.delever.uz/payme
64086a4df215cb9b25b83c07,WHITEPARTNERS,"ООО «""WHITEPARTNERS"" MCHJ»",generic,https://erp.blackandwhite.uz/api/v1/payme
640acca371f8efd02566764b,Gijduvon milliy,ООО «GIJDUVON TANSIQ TAOMLARI MCHJ»,generic,https://payment.api.delever.uz/payme
640b25c01e470df27d576f54,Bellissimo Pizza,ООО «MCHJ MAGICAL PIZZA»,generic,https://pay.bpnet.uz/api/payment/payme
640eb54d8298b09e6a7e68d1,ADMIRAL TAXI,"ООО «""PREMIUM ADMIRAL "" MCHJ»",generic,https://hekofepafen.beget.app/admiral/fleet/paycom/
641d705c59054922c1beafc6,Fancy Shop,ЧП «RASULEVA ZARINA»,generic,http://fancyshop.uz/?wc-api=wc_payme
641d99d8bd68210be42f5d26,IT SERVICE GROUP,"ООО «ООО ""IT SERVICE GROUP""»",generic,https://megapush.uz/user/balance/paymeMerchant
641f84ddbcc95c1ee3b894d2,EVOS,ООО «MCHJ MAK FOOD SERVIS»,generic,https://evsapi.ectn.uz/callback/payme
641f85654a394312e24a1e13,EVOS,ООО «MCHJ MAK FOOD SERVIS»,generic,https://payment.api.delever.uz/payme
6422900dfc0dc40f826070c9,Safia,"ООО «""MADINA-QANDOLAT"" MCHJ»",generic,https://panel.safiabakery.uz/payment/paycom?id=92
64229d2dbd68210be42faa3d,STRAWBERRY HOUSE,"ООО «""STRAWBERRY HOUSE AGRO"" MCHJ»",generic,https://api.lamenu.online/api/payments/v1/payme
6422e369fc0dc40f82607fc8,Minoxidil Kirkland,undefined «Pratsuk Serj N Marsel»,generic,https://minoxidil.uz/?wc-api=wc_payme
64254d266420371977b5d395,Mison,"ООО «""AUTOMATION SOURCE"" MCHJ»",generic,https://backend.mison.uz/api/payment-payme
6425d982fc0dc40f8260b7b0,BLVCK RETAIL GROUP,"ООО «""BLVCK RETAIL GROUP"" MCHJ»",generic,https://yella.uz/?route=extension/payment/kit_payme&f=Callback
6426d406fc0dc40f8260de73,24-7 TIME,"ООО «""24-7 TIME"" MCHJ»",generic,https://profi24.uz:7777/api/payMeMerchantApi
6426d660fc0dc40f8260def7,ONA ,ННО «ОNА»,generic,https://onafoundation.xn--h28h.uz/api/v1/payment/PaymeCallBack
6426d684fc0dc40f8260df01,GTA TAXI,"ООО «""TAQVO 777"" MCHJ»",generic,https://kladabiyol.beget.app/fleet/paycom/
6427f9b20cb8277a729a7e1c,PREMIUM SAAS NETWORKS,ООО «PREMIUM SAAS NETWORKS»,generic,https://courseplay.info/payments/verify/Payme
642a7507c2e5d0857025d44c,uJc,ННО «Узбекско-Японский Центр»,generic,https://pays.4u.uz/
642beb68f3a21373738af283,AMAZING TOUR,"ООО «""AMATURE TOURNAMENT"" MCHJ»",generic,https://atour.uz/?wc-api=wc_payme
642c1d71f3a21373738afbf8,Perfetto,ООО «MAFTUNA BONU SAVDO»,generic,https://payment.api.delever.uz/payme
642d47a643cc102e6d51b66e,HAMKOR SUG'URTA AJ,"АО «""HAMKOR SUG`URTA"" AJ»",generic,http://217.30.169.135/online/ins/pay_api/payme
642d5316227b71e871934063,BUXORO TAXI,"ООО «""ATOSH TRANS 777"" MCHJ»",generic,https://fleet-money.fullfocus.uz/api/merchant/642d5316227b71e871934063
6433ab298ee89704b52272a5,Kabir Perfect,"ООО «""KABIR PERFECT"" MCHJ»",generic,https://iot.vse.uz/payme/api/v1/u3kygkvv2zXs5DILdlI1/rpc
6433b8961decbc610d1b5568,Basri Baba,"ООО «ООО ""BASRI BABA""»",generic,https://payment.api.delever.uz/payme
6433b9165a04ae2eb622a530,Basri Baba,"ООО «ООО ""BASRI BABA""»",generic,https://payment.api.delever.uz/payme
6433b9a51decbc610d1b5581,Basri Baba,"ООО «ООО ""BASRI BABA""»",generic,https://payment.api.delever.uz/payme
6433ba781decbc610d1b55ad,Basri Baba,"ООО «ООО ""BASRI BABA""»",generic,https://payment.api.delever.uz/payme
6434515a5a04ae2eb622b908,MTT Menyu,"ООО «""YENGIL YECHIM"" MCHJ»",generic,https://mtt-menyu.uz/out/api/payme
6434a660e1c7455cbbf62731,LION SHER,"ООО «""SHER BEST AVTO "" MCHJ»",generic,https://mejeserib.beget.app/fleet/paycom/
6435034f5a04ae2eb622c118,MD TAXI,"ООО «""MANSUR SHAX"" MCHJ»",generic,https://hogemusab.beget.app/fleet/paycom/
6435394bec1a7388beb10796,Munisa restaurant,"ООО «""MMM MUNISA TAOM"" MCHJ»",generic,https://payment.api.delever.uz/payme
64353a0841d21297c117ab7a,Munisa restaurant,"ООО «""SADOQAT-NURI"" MCHJ»",generic,https://payment.api.delever.uz/payme
6435419a5a04ae2eb622cad3,Docx.uz,ЧП «SAIDOV SUXROB»,generic,https://docx.uz/payme/api
643544128ee89704b522a2c5,BeeTel,ООО «BeeTel»,generic,https://bill.beetel.uz:4443/ajax/index/payme
643643a78ee89704b522b35d,ЖИВАЯ ВОДА - HAYOTBAXSHSUV VEND,"ООО «""HAYOTBAXSHSUV VEND""»",alivewater,https://mobile.api.alivewater.online
643643c18ee89704b522b362,ЖИВАЯ ВОДА - HAYOTBAXSHSUV VEND,"ООО «""HAYOTBAXSHSUV VEND""»",alivewater,https://mobile.api.alivewater.online
643643f28ee89704b522b36b,ЖИВАЯ ВОДА - HAYOTBAXSHSUV VEND,"ООО «""HAYOTBAXSHSUV VEND""»",alivewater,https://mobile.api.alivewater.online
643644058ee89704b522b36d,ЖИВАЯ ВОДА - HAYOTBAXSHSUV VEND,"ООО «""HAYOTBAXSHSUV VEND""»",alivewater,https://mobile.api.alivewater.online
643644188ee89704b522b36f,ЖИВАЯ ВОДА - HAYOTBAXSHSUV VEND,"ООО «""HAYOTBAXSHSUV VEND""»",alivewater,https://mobile.api.alivewater.online
6436442b8ee89704b522b373,ЖИВАЯ ВОДА - HAYOTBAXSHSUV VEND,"ООО «""HAYOTBAXSHSUV VEND""»",alivewater,https://mobile.api.alivewater.online
6436443d8ee89704b522b377,ЖИВАЯ ВОДА - HAYOTBAXSHSUV VEND,"ООО «""HAYOTBAXSHSUV VEND""»",alivewater,https://mobile.api.alivewater.online
643644528ee89704b522b37a,ЖИВАЯ ВОДА - HAYOTBAXSHSUV VEND,"ООО «""HAYOTBAXSHSUV VEND""»",alivewater,https://mobile.api.alivewater.online
64367821ec1a7388beb12170,Yapon Do'kon,"ООО «ООО ""INOGROW""»",generic,https://api.yapondokon.uz/api/payment/payme
6436898fe1c7455cbbf65162,Munir,ЧП «MAHMUDJONOV MUHAMMAD»,generic,https://munir-admin.xn--h28h.uz/api/v1/payment/paycom/endpoint/
6437baac1decbc610d1baba6,Qurbonlik,ООО «Mehrli qo'llar»,generic,https://mehrli.lc-up.com/handle/payme
6437c7a01decbc610d1bad7f,TAXI 1080,"ООО «""UZ SAVDO TRANS"" MCHJ»",generic,https://213.230.108.55:4433/billing/paycom/
6438ecbd8ee89704b522f418,AI-LABS,AI-LABS,generic,https://chat.ai-labs.uz/api/external/payment/payme
64394dfe5a04ae2eb6231df6,BARON TAXI,"ООО «""BARON-TAXI"" MCHJ»",generic,https://hekofepafen.beget.app/baron/fleet/paycom/
643a4df45a04ae2eb6232b42,ASIA SCHOOL 1-11-sinf,"НОУ «НОУ ""ASIA SCHOOL""»",generic,https://backend.edutizim.uz/paysys-api/integrations/payme/asiaschool
643c32d241d21297c1182e05,OLCHA.UZ,ООО «OLCHA STORE»,generic,https://billing.olcha.uz/webhook/paycom_balance?signature=5f38e0ff81bf0f8a80ee9b7307074f6b6a4866a3486b0496de0fd56aafb3d1ff
643cf76b0efe09a24f1c52f4,OLCHA.UZ,ООО «OLCHA STORE»,generic,https://billing.olcha.uz/webhook/paycom?signature=2d9ef77f270092ab41d243176eb432dc49bcac8ada2f021e99ad72f41d0f96b9
643d3d927eb779614cabef2c,BUXORO VILOYATI ISSIQLIK MANBAI,"ГУП «""BUXORO VILOYATI ISSIQLIK MANBAI"" DUK»",generic,https://hotter.uz/payment/payme
643e4ad047715b594c51c57f,EDURENT,"ООО «""INFINITE CO"" MCHJ»",generic,https://pmbot.adxamov.uz/payme/webhook
643e4f4f7eb779614cac01e6,KORZINKA.UZ,"ИП ООО «""ANGLESEY FOOD"" MCHJ XK»",rps-korzinka,https://korzinka.r-p-s.ru:9443
64410102533b017d4ea67bc2,Qaynoq Tour,"ООО «""QAYNOQ TOUR"" MCHJ»",generic,https://qaynoq-tur-api.genix.uz/payments/payme
64461d99096a61fb42c22f7b,Taksim ,ООО «HAVOQAND GROUP»,generic,https://payment.api.delever.uz/payme
64461ec3096a61fb42c22f9a,Taksim ,ООО «HAVOQAND GROUP»,generic,https://payment.api.delever.uz/payme
64461f40096a61fb42c22fa9,Taksim ,ООО «HAVOQAND GROUP»,generic,https://payment.api.delever.uz/payme
6446449ff5e6164342452579,MAJOR PREMIUM GAMING,ЧП «ALIMOV OLIMJON»,generic,https://teammajor.uz:9055/paycom
6446babcf5e6164342453165,Programmer UZ - Dasturlash kurslari,ООО «PROGRAMMER UZ»,generic,https://programmer.uz/payment/payme
6450d5f16fd382828be2cc1d,Boon,"ООО «""TEHNO-BOON"" MCHJ»",boon,https://technopaynet.gx.uz/api/payme
6450eaff6fd382828be2cf44,Webcoders.uz,ЧП «RAJABOV ISKANDAR»,generic,https://webcoders.mybillings.uz/pay/payme/xKbArZtNjHoVsUwSyCvYgQaBqFnIpDdTlOiEcRzM
6452098ecef87ea503520d6a,Bellis Karaoke Box,"ООО «""BELLIS BOX"" MCHJ»",generic,https://app.musbox.com/api/pays/callback/payme
645499ad059f8cd9c4268870,AGENYZ,"ООО «""AGENYZ"" MCHJ»",generic,https://agenyz.uz/payme
645894be2cb83937a753a1e9,SAXOVAT BROYLER,"ООО «""SAXOVAT BROYLER"" MCHJ»",generic,https://bot.saxovat-broyler.uz/api/merchant/
6458c7462cb83937a753a82e,OnlineDars,"ООО «""INTERNATIONAL SOFTWARE"" MCHJ»",generic,https://crm.soften.uz/admin/payme/get-me
645b6d5b2cb83937a753d4cd,Кондитерский дом Chocolate,"ООО «""AGRO PLUS"" MCHJ »",generic,https://panel.chocolatebakery.uz/payment/paycom
645b8b6c2cb83937a753d9e5,BS GROUP,"ООО «""BARQAROR SARMOYA GROUP MIKROKREDIT TASHKILOTI"" MCHJ»",generic,https://mfo89.flexpul.uz/public/payme/payments
6461c1432cb83937a75443bd,Sabriya Beauty,"ООО «ООО ""SABRIYA  BEAUTY""»",generic,https://psapi.megagroup.ru/accounts/81348/notify
646314bb2cb83937a7545e56,Yordamchi,ЧП «Yordamchi bot»,generic,https://bot.chuqurtech.uz/payme
646328fc46dc38b1c466fef7,EVOS,ООО «MCHJ MAK FOOD SERVIS»,generic,https://evsapi.ectn.uz/callback/payme
646329572302bceec65dd308,EVOS,ООО «MCHJ MAK FOOD SERVIS»,generic,https://payment.api.delever.uz/payme
646359872cb83937a7546818,AURA LIGHTING,ЧП «DUGANOV NAZIM»,generic,https://psapi.megagroup.ru/accounts/81450/notify
64635cd42cb83937a754689c,Delta,ООО «DELTA MIKROKREDIT TASHKILOTI»,generic,https://mfo28.flexpul.uz/public/payme/payments
6465c0392cb83937a7549a71,Elit Mikrofinance,ООО «MIKROMOLIYA TASHKILOTI ELIT MIKROFINANS MCHJ»,generic,https://mfo81.flexpul.uz/public/payme/payments
6465fbea2cb83937a754a30e,Soliq Konstruktor,"ООО «""SOLIQ KONSTRUKTOR"" MCHJ»",generic,https://inplus.uz/?wc-api=wc_payme
6466027b059f8cd9c427b575,Magical UZ,ООО «PROGRAMMER UZ»,generic,https://solofounders.uz/payments/callback
646611eb46dc38b1c4673b44,APEX TAKAFUL,"АО «""APEX  INSURANCE"" AJ»",generic,https://rest.aic.uz/api/ins/pay_takaful_api/payme
6466184f95af59bf7caa5e42,INTERNATIONAL SOFTWARE,"ООО «""INTERNATIONAL SOFTWARE"" MCHJ»",generic,https://onlinedars.uz/pay-ment/payme-end-point
646c8bff2cb83937a7551c95,TRUST-INSURANCE,"АО «""TRUST-INSURANCE"" AJ»",generic,https://online-trust.uz/ords/ins/pay_api/payme
646c99d72cb83937a7551e48,AXMADJONOVA LOBAR ANVAR QIZI,ЧП «AXMADJONOVA LOBAR»,generic,https://evenswiss.shopbot.uz/paycom
646c9fbb2302bceec65e7baa,TAXI UNIQUE,ООО «MILLENNIUM GLOBAL TREYDING MCHJ»,generic,https://tejuesegu.beget.app/fleet/paycom/
646cb6d846dc38b1c467ab37,MODME,"ООО «""MODME"" MChJ»",generic,https://radfbkoluxvuozizftof.functions.supabase.co/payme-webhook
646db900059f8cd9c4283522,TAKUMI,"ООО «""WORTHY"" MCHJ»",generic,https://payment.api.delever.uz/payme
647396ab059f8cd9c42892c9,mohira-ai-studio-staging,"ООО «""VOICETECH AI"" MCHJ»",generic,https://mohir.uzbekvoice.ai/api/v1/payme
6474817a2cb83937a755a78e,MI online,ЧП «XAJIMURADOV ALISHER»,generic,https://mionline.uz/index.php?route=extension/payment/kit_payme&f=Callback
6474830a2cb83937a755a7c7,Sabriya Beauty,"ООО «ООО ""SABRIYA  BEAUTY""»",generic,https://psapi.megagroup.ru/accounts/81858/notify
6474833d2cb83937a755a7d2,Sabriya Beauty,"ООО «ООО ""SABRIYA  BEAUTY""»",generic,https://psapi.megagroup.ru/accounts/81861/notify
647742af9a9780b1f6c9e7d1,BEAUTE DE NATURE,ООО «BEAUTE DE NATURE»,generic,https://yvesrocher.mdev.uz/payment_handlers/payme
6479886591ddb4af598caba6,KEBAB HOUSE,"ЧП «""KEBAB HOUSE»",generic,https://payment.api.delever.uz/payme
6479985991ddb4af598caea8,Safia,"ООО «""MADINA-QANDOLAT"" MCHJ»",generic,https://panel.safiabakery.uz/payment/paycom?id=94
6479bb9f91ddb4af598cb385,Safia,"ООО «""MADINA-QANDOLAT"" MCHJ»",generic,https://panel.safiabakery.uz/payment/paycom?id=97
6479bc0591ddb4af598cb3a1,Safia,"ООО «""MADINA-QANDOLAT"" MCHJ»",generic,https://panel.safiabakery.uz/payment/paycom?id=98
647ae3171e8ba13c13aca512,mohirai-studio,"ООО «""VOICETECH AI"" MCHJ»",generic,https://uzbekvoice.ai/api/v1/payme
647d863f91ddb4af598cee18,TANVIR,"ООО «""ALPHA  TANVIR"" MCHJ»",generic,https://tanvir.uz/?wc-api=wc_payme
64802aa4bdb73dc1caa9a00a,UZUN TAXI,"ООО «""MIR-COMFORT N1"" MCHJ»",generic,https://eloulumlay.beget.app/uzumtaxi/fleet/paycom/
648074936a4c9e9dbaa72e30,Мой Бухгалтер,"ООО «""ASSISTANT BUSINESS MARKET"" MCHJ»",generic,https://pay.my-buh.uz/api/v1/payment/payme
6482ba4433013ca481ded2dc,ACHARYA UNIVERSITY,"ИП ООО «""ACHARYA UNIVERSITY"" MCHJ XK»",generic,https://acharyajava.uz/AcharyaInstituteUZB/api/student/paymePayment
6486f5c7f04ccd1a8897946a,MAGIC AQUARIUM,"ООО «ООО ""TASHKENT AQUARIUM""»",generic,http://magicaquarium.uz/api/payme
6487083433013ca481df243f,ЖИВАЯ ВОДА - HAYOTBAXSHSUV VEND,"ООО «""HAYOTBAXSHSUV VEND""»",alivewater,https://mobile.api.alivewater.online
6487085433013ca481df2446,ЖИВАЯ ВОДА - HAYOTBAXSHSUV VEND,"ООО «""HAYOTBAXSHSUV VEND""»",alivewater,https://mobile.api.alivewater.online
6487086133013ca481df2449,ЖИВАЯ ВОДА - HAYOTBAXSHSUV VEND,"ООО «""HAYOTBAXSHSUV VEND""»",alivewater,https://mobile.api.alivewater.online
6487086c33013ca481df244b,ЖИВАЯ ВОДА - HAYOTBAXSHSUV VEND,"ООО «""HAYOTBAXSHSUV VEND""»",alivewater,https://mobile.api.alivewater.online
6487087f33013ca481df244e,ЖИВАЯ ВОДА - HAYOTBAXSHSUV VEND,"ООО «""HAYOTBAXSHSUV VEND""»",alivewater,https://mobile.api.alivewater.online
6487088d33013ca481df2451,ЖИВАЯ ВОДА - HAYOTBAXSHSUV VEND,"ООО «""HAYOTBAXSHSUV VEND""»",alivewater,https://mobile.api.alivewater.online
6487089a33013ca481df2457,ЖИВАЯ ВОДА - HAYOTBAXSHSUV VEND,"ООО «""HAYOTBAXSHSUV VEND""»",alivewater,https://mobile.api.alivewater.online
648708a733013ca481df245a,ЖИВАЯ ВОДА - HAYOTBAXSHSUV VEND,"ООО «""HAYOTBAXSHSUV VEND""»",alivewater,https://mobile.api.alivewater.online
648708b433013ca481df245d,ЖИВАЯ ВОДА - HAYOTBAXSHSUV VEND,"ООО «""HAYOTBAXSHSUV VEND""»",alivewater,https://mobile.api.alivewater.online
648723f433013ca481df27f7,BYT,"ООО «""DARMON DIAGNOSTIKA SERVIS"" MCHJ»",generic,https://bytour.uz/?wc-api=wc_payme
648c4a01ad7a6692b68e24f2,SMS TAXI,"ООО «""YENGIL AVTO TRANS 777"" MCHJ»",generic,https://yengiltaxi.uz/payme/
648fe7a1e76c7c81b6b1ae82,X GO TAXI,"ООО «""X-TAXI"" MCHJ»",generic,https://obhirarnjet.beget.app/fleet/paycom/
649035811cc99980b8bb5ed7,ASIA INSURANCE SUG`URTA KOMPANIYASI,АО «ASIA INSURANCE SUG`URTA KOMPANIYASI AJ»,generic,https://asiainsurance.uz/payment/payme
649145b1ad7a6692b68e7acf,UKLON,ИП ООО «UKLON UB»,uklon,https://payment.uklon.com.ua/api/v1/payme/callback
649157daad7a6692b68e7d9a,Safia,"ООО «""MADINA-QANDOLAT"" MCHJ»",generic,https://panel.safiabakery.uz/payment/paycom?id=105
649291078b14636fd2f2c771,PDP IT-ACADEMY,ООО «Inflex Inc»,generic,https://api.pdp.uz/api/finance/v1/junior/payme
6492ab738b14636fd2f2cb6e,TEH Company,"СП «""BEST TOOLS TRADING"" OK»",generic,https://teh-company.uz/payments.php/paymeuz/?app_id=shop&merchant_id=4
6492e6d48b14636fd2f2d34b,BTS EXPRESS CARGO SERVIS,"ООО «""BTS EXPRESS CARGO SERVIS"" MCHJ»",generic,https://payme.bts.uz/
649912af43c6c1de2db3d88a,HYPER SOLUTIONS,ООО «MIMAX SOFTWARE GROUP MCHJ»,generic,https://uzoffice.uz/payments/handle/payme
64992db1406523fd2d00044d,A5,ООО «ANVAR FARMSERVIS»,generic,https://api.europharm.uz/api/gate/payme
64992f85f6af94182e251b54,Bellissimo Tuytepa,"ООО «""SAHA CAFETERIA"" MCHJ»",generic,https://pay.bpnet.uz/api/payment/payme
64998840406523fd2d001125,Fungiline Malhamlari,ЧП «YaTT MATKARIMOV»,generic,https://fungiline.uz/?wc-api=wc_payme
649a5db9f6af94182e2531b2,EVOS,ООО «MCHJ MAK FOOD SERVIS»,generic,https://payment.api.delever.uz/payme
649e9853406523fd2d005ace,TEZ ENERGY,"ООО «""TEZ ENERGY DEVELOPMENT"" MCHJ»",generic,https://api.tezenergy.uz/app/account/paymeMerchantRpc
64a1425894aff0d52dbdd5d9,ONIX TAXI,"ООО «""BENEFITS AND GOALS"" MCHJ»",generic,https://queegiegada.beget.app/fleet/paycom/
64a2c4f3406523fd2d009bbf,BUCHET,"ООО «""BUCHET"" MCHJ»",generic,https://test-back.buchet.uz/api/payment/payme
64a510145dad647a1817d2f4,Union Paper,ООО «Murodli Savdo»,arca,https://api-qr.uzcard.uz
64a687e15dad647a1817fddd,BUCHET,"ООО «""BUCHET"" MCHJ»",generic,https://api.buchet.uz/api/payment/payme
64a7ac265dad647a18181284,Bosphorus Family,"ООО «""BOSPHORUS FOOD"" MCHJ»",generic,https://bosphorus.botagent.uz/payment/paycom
64a7e73f5dad647a18181a31,O'zbekinvest,"АО «КЭИС ""Узбекинвест""»",generic,https://payment.uzbekinvest.uz/api/v1/payment/payme/check
64a7ee6e5dad647a18181b0e,SMARTSTEAM,ООО «SMART STEAM»,jowi,https://api.jowi.club/v3/bill_payments/
64a7f12d652d1b282e48f68b,Monday Labs Academy,ООО «Monday Labs Academy»,generic,https://api.bukhara-flour.uz/api/v1/structure/purchase/
64a93dd25dad647a18183c06,Safia,"ООО «""MADINA-QANDOLAT"" MCHJ»",generic,https://panel.safiabakery.uz/payment/paycom?id=111
64abc3ff3ca401f28249ed63,SAHA CAFETERIA,"ООО «""SAHA CAFETERIA"" MCHJ»",generic,https://pay.bpnet.uz/api/payment/payme
64abd407277265fa82e0e569,Star taxi,"ООО «MCHJ ""GLOW STAR XIVA""»",generic,https://backend.star.fast-taxi.uz/paysys-api/payme
64abe0db64ca562683d2e8a5,Lingolab,"ООО «""INTERNATIONAL SOFTWARE"" MCHJ»",generic,https://my.lingolab.uz/handle/payme
64abe4db277265fa82e0e7ea,Kabir Perfect,"ООО «""KABIR PERFECT"" MCHJ»",generic,https://b.ivend.uz/payme/api/v1/eQt5yf5fPR55I9n5IDJFCg0zCXQIcT9v/rpc
64abf9e1277265fa82e0ebca,"""KEMA-FUTURE""","ООО «""KEMA-FUTURE"" MCHJ»",generic,https://backend.qayiq.uz/api/v1/payment/payme
64abfc84e4e564c98284a88b,roomdeco.uz,ЧП «YENILEYEV RENAT»,generic,https://roomdeco.uz/?wc-api=wc_payme
64ac2a5ad2cbaa16838e475a,WOKKER,"ООО «""WOKKER PRO"" MCHJ»",generic,https://bot.depo24.uz/payme
64ad10fb635e6b267fe857af,Bellissimo Pizza Seoul,ООО «Real Business Trade»,generic,https://pay.bpnet.uz/api/payment/payme
64ad684ee4e564c98284caca,МУФТИЙ БОБОХОНОВЛАР ЖАМҒАРМАСИ,ННО «МУФТИЙ БАБАХАНОВЛАР ЖАМҒАРМАСИ»,generic,https://babakhanfoundation.org/pay/?pay=Payme
64ae4e98e4e564c98284d70f,Roma Pizza  С1,"ООО «""ECO PARK PIZZA"" MCHJ»",generic,https://payment.api.delever.uz/payme
64ae5058e4e564c98284d75e,Roma Pizza Olmazar,"ООО «""EBRA MEDCARE"" MCHJ»",generic,https://payment.api.delever.uz/payme
64ae9eed277265fa82e12279,VATAN UNIVERSITETI,ООО «VATAN UNIVERSITETI»,generic,https://qabulapi.umft.uz/api/pay/payme/
64b0e773277265fa82e14a9c,Medcall,ООО «  Medcall»,generic,https://merchant.medcall.uz/api/v1/payme/index
64b15565e4e564c982852359,Inomov Shaxzod ,ЧП «Inomov Shaxzod»,generic,http://188.225.56.198:8000/payme/merchant
64b4c8d2277265fa82e18888,EVOS,ООО «MCHJ MAK FOOD SERVIS»,generic,https://payment.api.delever.uz/payme
64b56b10d2cbaa16838ef155,ORG INFO,"ООО «""ORGINFO"" MCHJ»",generic,https://orginfo.uz/api/payment/payme/merchant/
64b63783e4e564c982857d9b,"Roma Pizza ""CHILANZAR""""","ООО «""ROMA PIZZA FOOD"" MCHJ»",generic,https://payment.api.delever.uz/payme
64b67e58e4e564c98285882b,MENING UYIM ,ГУП «O`ZBEKISTON RESPUBLIKA UY-JOY KOMMUNAL XIZMAT KO`RSATISH VAZIRLIGI»,mening-uyim-v2,https://api-payments.kommunal.uz/api
64b6bb7364ca562683d3bd1c,aloVoice,ООО «TECHNOUNIT-GROUP MCHJ»,generic,https://pay.4u.uz/
64b78b7de4e564c982859a98,BESTATS,ЧП «MAXMUDOV SUNNAT»,generic,https://api.bestats.uz/payme
64b90b70e4e564c98285bb8a,BEFIT ECO,"ООО «ООО ""BEFIT-ECO""»",generic,https://events.befit.uz/?wc-api=wc_payme
64b91c50277265fa82e1e4e5,GLOW STAR XIVA MCHJ,"ООО «MCHJ ""GLOW STAR XIVA""»",generic,https://backend.star.fast-taxi.uz/paysys-api/order/payme
64b943f2635e6b267fe944b5,APEXPIZZA,"ООО «""PRIMEPIZZA"" MCHJ»",generic,https://api.apexpizza.uz/api/payment/transactions/
64ba3fe5635e6b267fe95296,Bilimdosh,"ООО «ООО ""EXCLUSIVE EDUCATION""»",generic,https://api.beshplus.uz/merchant-api/v1/bilimdosh/payme/jsonrpc
64ba8101e4e564c98285e145,U-TV PLUS,"ООО «""U-TV PLUS"" MCHJ»",generic,https://merchant.pst.uz/payme
64ba8732e4e564c98285e1df,LOMBARD-GOLDEN-KREDIT,"ООО «""LOMBARD-GOLDEN-KREDIT"" MCHJ»",generic,https://lmb103.flexpul.uz/public/payme/payments
64be1b2be4e564c9828611b5,Aster Hotel Group ,ООО «HOLIDAY TIME»,arca,https://api-qr.uzcard.uz
64be71dfe4e564c982861d7c,ЭкоПартия,ННО «Ўзбекистон Экологик партияси Марказий Кенгаши»,generic,https://azolik.ecouz.uz/api/payment/payme/qr-code
64c0d0fec708e50621ebd314,VIPZAKAZ,"ООО «""VIPZAKAZ"" MCHJ»",generic,https://vipzakaz.uz/payment/payme/index.php
64c0dba9688339bf56a3cc4b,EVOS,ООО «MCHJ MAK FOOD SERVIS»,generic,https://payment.api.delever.uz/payme
64c22afc5c0005ef338f4135,EVOS,ООО «MCHJ MAK FOOD SERVIS»,generic,https://evsapi.ectn.uz/callback/payme
64c24b85d16bdd2d59f0bcb4,YaponaMama,ООО «A'LOTAOMSERVIS»,generic,https://payment.api.delever.uz/payme
64c24c3bc196bb8869e63112,YAPONA MAMA - NEXT,ООО «KINGYO»,generic,https://payment.api.delever.uz/payme
64c24d80d36091346bdc3e54,YaponaMama - Абай,"ООО «ООО ""YAPONAMAMA""»",generic,https://payment.api.delever.uz/payme
64c24e36c196bb8869e631be,Yaponamama - Шота,"ООО «ООО ""SUSHI FOOD""»",generic,https://payment.api.delever.uz/payme
64c24f4ec196bb8869e631e1,Yaponamama - Мегаполис,ООО «TOSHTAOMSAVDO (NEW)»,generic,https://payment.api.delever.uz/payme
64c25032c196bb8869e63201,Yaponamama,ООО «SAVDOBOMOND (NEW)»,generic,https://payment.api.delever.uz/payme
64c251f25c0005ef338f4695,YAPONAMAMA - Боткино,ООО «SUSHI MOON (NEW)»,generic,https://payment.api.delever.uz/payme
64c2529dd16bdd2d59f0be01,YAPONA MAMA,ООО «YAPONA MAMA (NEW)»,generic,https://payment.api.delever.uz/payme
64c2534cd36091346bdc3efa,YAPONAMAMA - Куйлюк,"ООО «ООО ""SUSHI-POINT""»",generic,https://payment.api.delever.uz/payme
64c2540a688339bf56a3e9d8,YAPONAMAMA SAMARQAND,ООО «Y M -SAMARKAND»,generic,https://payment.api.delever.uz/payme
64c254c65c0005ef338f46dc,YAPONAMAMA SAMARQAND,ООО «Y M -SAMARKAND»,generic,https://payment.api.delever.uz/payme
64c2556bd16bdd2d59f0be48,YAPONAMAMA - Бухара,"ООО «ООО ""YM-BUKHARA""»",generic,https://payment.api.delever.uz/payme
64c25628c196bb8869e632a7,YAPONAMAMA,"ООО «ООО ""STAR SUSHI""»",generic,https://payment.api.delever.uz/payme
64c256fbd36091346bdc3f61,YAPONAMAMA,"ООО «""SUSHIRO"" MCHJ»",generic,https://payment.api.delever.uz/payme
64c257bcc196bb8869e632f0,YAPONAMAMA,ООО «MIKA SALE MCHJ»,generic,https://payment.api.delever.uz/payme
64c25895d36091346bdc3fbf,YaponaMama,"ООО «""MIKA TRADE"" MCHJ»",generic,https://payment.api.delever.uz/payme
64c75b77c708e50621ec483a,LAW TECH CARD,"ООО «""HOMEMARKETS"" MCHJ»",generic,https://hm.uz/payments.php/paymeuz/?app_id=shop&merchant_id=24
64c7794cd16bdd2d59f10e49,id,"ООО «""DREAM-MEBEL-OF"" MCHJ»",generic,https://dreammebel.uz/payme/get-me
64c7a868888fccbd9ac962bd,Locmago,"ООО «""LOCMAGO"" MCHJ»",generic,https://chl.zoomda.uz/backend/payme/
64c7d7bf888fccbd9ac967c4,IDEAL HOLDING,"ООО «""IDEAL HOLDING"" XK»",generic,https://zorsmm.uz/api/payments/payme/webhook
64c8ac70e79d03b8a7d809a4,Magicstore,"ООО «""HUMOWELS"" MCHJ»",generic,https://magicstore.ai/subscription/handle/payme
64c908c1c5a0995831757ce9,Aster Hotel Group ,ООО «HOLIDAY TIME»,arca,https://api-qr.uzcard.uz
64c908cfc5a0995831757ceb,Aster Hotel Group ,ООО «HOLIDAY TIME»,arca,https://api-qr.uzcard.uz
64ca21e5c5a0995831759138,HOOKAH SHOP,"ООО «""GENESIS TOBACCO"" MCHJ»",arca,https://api-qr.uzcard.uz
64ca2ddfc5a09958317592fd,SHINE STEEL,"ООО «""SHINE STEEL"" MCHJ»",arca,https://api-qr.uzcard.uz
64cb44a9c5a099583175a712,SCHETCHIK.UZ,"ООО «""SHINAVANDA-SAVDO"" MCHJ»",generic,https://schetchik.uz/payments.php/payme/?app_id=shop&merchant_id=31
64cb4c29c5a099583175a851,HOOKAH SHOP,"ООО «""GENESIS TOBACCO"" MCHJ»",arca,https://api-qr.uzcard.uz
64cb9c5ac5a099583175b3f5,Gold Soft,"ООО «""GOLD SOFT"" MCHJ»",generic,https://upd.goldsoft.uz/payme/
64ccd9e9a8a1f5ec97d0be56,UZINFOCOM,ООО «Davlat axborot tizimlarini yaratish va qo‘llab-quvvatlash bo‘yicha yagona integrator-UZINFOCOM»,generic,https://api.muxlisa.uz/v1/api/payme/
64ce29a8a8a1f5ec97d0e02b,LOFT BURGER,"СП «""LOFT BURGER"" OK»",generic,https://payment.api.delever.uz/payme
64d088c8a8a1f5ec97d10001,Yordamchi,ЧП «Yordamchi bot»,generic,http://payme.speaklish.uz:8080/payme
64d11e24d2d6248f97c199ad,TelegramBot,"ООО «""KASBBYAKMALABDULLAYEV"" MCHJ»",generic,https://1287049-cp41344.tw1.ru/payments/payme/
64d1b7ffd2d6248f97c19e1d,EVOS,ООО «MCHJ MAK FOOD SERVIS»,generic,https://evsapi.ectn.uz/callback/payme
64d1b87bc9b6648297af6d52,EVOS,ООО «MCHJ MAK FOOD SERVIS»,generic,https://payment.api.delever.uz/payme
64d1f030d2d6248f97c1a632,Gross Insurance,АО «Страховая компания GROSS»,generic,https://sales.gross.uz/api/billing
64d2460ca8a1f5ec97d13468,MEDOL,ООО «MEDICAL ONLINE SERVICES»,arca,https://api-qr.uzcard.uz
64d4a4eea8a1f5ec97d15e11,SHOWGO SERVICES,"ООО «""SHOWGO SERVICES"" MCHJ»",generic,https://api.showgo.uz/v1/payment/payme
64d4d968a8a1f5ec97d1657c,Musamuxamedov Shohruh Furqat O'g'li,ЧП «MUSAMUXAMEDOV SHOHRUH»,generic,https://b.ivend.uz/payme/api/v1/BL5TFoSGLzjPxc9CvKPO/rpc
64d4ebfad2d6248f97c1e53b,AKA TAXI-DRIVER,"ООО «""AKA TAXI-DRIVER"" MCHJ»",generic,https://api.akataxi.uz/handle/payme
64d9b422c9b6648297aff851,OSIYO-NUR,"ООО «""OSIYO-NUR"" XK»",generic,https://payment.api.delever.uz/payme
64d9c2863d26729b97f0f0ea,Zorgo,"ООО «""ZOR-GO"" MCHJ»",generic,https://marketplace.zorgo.uz/webhooks/payments/payme
64d9d90fa8a1f5ec97d1bf56,MyTaxi,ООО «MY TAXI OPS»,generic,https://main-ghoul-pleased.ngrok-free.app/v1/paycom/merchant/order-debts/
64d9dd45a8a1f5ec97d1bff3,"""Efendi"" restaurant & bazaar","ООО «ООО ""EFENDI CO LTD""»",jowi,https://api.jowi.club/v3/bill_payments/
64da12f3a8a1f5ec97d1c77e,Idealsmm,ЧП «NAJIMOV FIRDAVS»,generic,https://old.idealsmm.com/payme/merchant-test
64da1682a8a1f5ec97d1c876,EXODE TECH,ООО «EXODE TECH»,generic,https://api.exode.uz/api/v2/payment/rpc/acquiring/c2dc7a47-d779-4fe4-beac-2d40e57ffb8d
64da28afa3b6d0cc97f6385e,XONXONIM-01,"ООО «""XONXONIM-01"" MCHJ»",generic,https://payment.api.delever.uz/payme
64da299e75b7ebd89717e721,XONXONIM-02,"ООО «""XONXONIM-02"" MCHJ»",generic,https://payment.api.delever.uz/payme
64da2a9875b7ebd89717e73b,XONXONIM-05,"ООО «""XONXONIM-05"" MCHJ»",generic,https://payment.api.delever.uz/payme
64db5d9ba3b6d0cc97f64db8,TELSALE,"ООО «""TELSALE"" MCHJ»",generic,https://telsaleuz.uz/api/v1/transaction/payme/do-transaction
64dc3dc7c9b6648297b02bd3,EVOS,ООО «MCHJ MAK FOOD SERVIS»,generic,https://payment.api.delever.uz/payme
64dc65380b643eeb1574ede2,AL-BIZNES-SERVIS,"ООО «""AL-BIZNES-SERVIS"" MCHJ»",generic,https://api.allticket.uz/api/payme
64dc79c40b643eeb1574f0f7,BUYUK ISTANBUL,"ООО «""BUYUK ISTAMBUL TAOMLARI"" MCHJ»",generic,https://payment.api.delever.uz/payme
64dcbcedc9b6648297b03b26,XONXONIM-01,"ООО «""XONXONIM-01"" MCHJ»",generic,https://payment.api.delever.uz/payme
64dcbda3d2d6248f97c26be5,XONXONIM-02,"ООО «""XONXONIM-02"" MCHJ»",generic,https://payment.api.delever.uz/payme
64dde0cec9b6648297b04e61,I Tech Group,"ООО «""I TECH IT GROUP"" MCHJ»",generic,https://api-kafe.zim-zim.uz/api/v1/payme/callback?company_id=1001233
64de030c5fa631c8bc5af2e8,Wisdom lug'ati va tarjimoni,ЧП «ABDULLAYEV XUSANBOY»,generic,https://msucgwvxibhqvcffexal.supabase.co/functions/v1/payme-webhook
64de0c84d213de58efc511ee,RICH TAXI,"ООО «ООО ""RICH TAXI""»",generic,https://adakgerarern.beget.app/fleet/paycom/
64df10e140e7b5db63108eb0,La Pampushka,"ООО «""PAMPUSHKA FOOD"" MCHJ»",jowi,https://api.jowi.club/v3/bill_payments/
64df81ccf9f29155f099e890,Zig'ir Osh Payshanba,"ООО «""ZIG'IR OSH PAYSHANBA"" MCHJ»",generic,https://payment.api.delever.uz/payme
64e082632a5f29caed324e56,42.uz,ООО «QIRIKKI»,generic,https://api.42.uz/_paymeupdates/
64e49121b40534836634008b,SM Group,"ООО «""SUPREMO MACCHINE GROUP"" MCHJ»",generic,https://b.ivend.uz/payme/api/v1/jplyf3o6abzxpakx89t6/rpc
64e49542b40534836634011b,Testo by Zamira,"ООО «""CHUCHVARA ZAMIRA"" MCHJ»",arca,https://api-qr.uzcard.uz
64e49557b40534836634011d,Testo by Zamira,"ООО «""CHUCHVARA ZAMIRA"" MCHJ»",arca,https://api-qr.uzcard.uz
64e49569b405348366340123,Testo by Zamira,"ООО «""CHUCHVARA ZAMIRA"" MCHJ»",arca,https://api-qr.uzcard.uz
64e49576b40534836634012d,Testo by Zamira,"ООО «""CHUCHVARA ZAMIRA"" MCHJ»",arca,https://api-qr.uzcard.uz
64e5d0c2b405348366341ad6,AMITY UNIVERSITY in TASHKENT,ИП ООО «AMITY EDUCATION GROUP»,generic,https://payment.amity.uz/en/payment-api/
64e5d36bb405348366341b3c,MAHMOOD KABOB,"ООО «""MAHMOOD CHEF"" MCHJ»",generic,https://mk.zoomda.uz/backend/payme/
64e5f3672c11a55a54f0f9ce,Magic cinema,"ООО «ООО ""STARGATE SYSTEMS""»",generic,https://api.cinematrix.uz/payme
64e60cc7e1aa5fc5506ac1df,BIR QADAM,"ООО «""JANNAT-UL-ADN"" MCHJ»",generic,https://v2-api.bir-qadam.uz/api/payment/payme/merchant/
64e6fe08e1aa5fc5506ad740,Eskiz.uz,ЧП «BEST INTERNET SOLUTION»,generic,https://api.eskiz.uz/api/payment/payme-cumulative
64e73775e1aa5fc5506adf71,Jayron Kredit,"ООО «""LOMBARD JAYRON KREDIT"" MCHJ»",generic,https://lmb73.flexpul.uz/public/payme/payments
64e74a207da901ca3bae5767,Zig’ir osh Payshanba (Sergeli),ООО «MCHJ ZIG`IR OSHGA MARXAMAT»,generic,https://payment.api.delever.uz/payme
64e83bfe7d3c535841fb2020,EVOS SAMARKAND,"ООО «""NUR CHINORI"" MCHJ»",generic,https://evsapi.ectn.uz/callback/payme
64e83d547d3c535841fb203a,EVOS SAMARKAND,"ООО «""NUR CHINORI"" MCHJ»",generic,https://payment.api.delever.uz/payme
64e89f895f2ead4746211c32,BIOS0101,"ООО «""BIOS0101"" MCHJ»",generic,https://lc-up.com/handle/payme
64e8a4467da901ca3bae7026,WOK/STREET77,"ООО «ООО ""POINT TREND""»",generic,https://wok.zoomda.uz:4001/payme/
64ec64be0829702641da036a,ITLIVE,"ООО «""ACADEMY EAB-IT "" MCHJ»",generic,https://api.itliveacademy.uz/payment/payme/gateway
64ec715b21c4731843a863b8,Битрикс24_UzPay,ЧП «ISAMUXAMEDOV NODIR»,generic,https://pay.4u.uz/
64ed7e987da901ca3baebf53,SM Group,"ООО «""SUPREMO MACCHINE GROUP"" MCHJ»",generic,https://b.ivend.uz/payme/api/v1/2b6ub30rxmk8ns5apc5i/rpc
64ed90ab8323c5803ef77e94,Drivers village,ООО «Drivers Village Auto Service»,generic,https://shop.driversvillage.uz/payments/payme
64edab5858efae63652cd307,I TECH IT GROUP,"ООО «""I TECH IT GROUP"" MCHJ»",generic,https://billing.zim-zim.uz/api/v1/payme/app
64edc19c9f1e571160d50b60,KHARCHENKO IVAN VLADIMIROVICH,ЧП «XARCHENKO IVAN»,generic,https://b.ivend.uz/payme/api/v1/12rlg93m8lhf6759ykgn/rpc
64edcd93d3cb70236088bf69,Mahmood Kabob Minor,"ООО «""MAHMOOD CHEF"" MCHJ»",generic,https://mk.zoomda.uz/backend/payme/
64edd09f9f1e571160d50d82,QR Pay,"ООО «""NEXT ARTIFICIAL SOLUTIONS"" MCHJ»",generic,https://b.ivend.uz/payme/api/v1/WS5zd2QkdyNLGHnuVCY7/rpc
64edd0ea9f1e571160d50d8b,QR Pay,"ООО «""NEXT ARTIFICIAL SOLUTIONS"" MCHJ»",generic,https://b.ivend.uz/payme/api/v1/gPMakkuLR1qTK0oDvdI3/rpc
64ef13959f1e571160d52b23,X-FACTOR,"ООО «""UZREPORT AXBOROT AGENTLIGI"" MCHJ»",generic,http://172.17.9.240:3448
64f0b8406e9d79e56c198d6e,Vsales,ООО «VENONS»,generic,http://ifelse.corp.siyob.uz:9008/payments/merchant/
64f56704c9498cfa6a9b82ed,ELEKTROMAX,"ООО «""ELEKTROMAX INVEST"" XK»",generic,https://elektromax.uz/?wc-api=wc_payme
64f5c4abc9498cfa6a9b8fda,MYGOVUZ - Munis - 0204,ГУП «Давлат хизматлари агентлиги»,munis-tbc-agent-gos-uslug,http://10.100.115.73/api
64f70e3bc9498cfa6a9ba7ce,VIP SIM-SIM TOUR,"ООО «""VIP  SIM-SIM  TOUR"" MCHJ»",generic,https://simsimtours.uz/?wc-api=wc_payme
64f7fcabeb44c67a6a78cc95,EVOS,ООО «MCHJ MAK FOOD SERVIS»,generic,https://payment.api.delever.uz/payme
64f85192c9498cfa6a9bbef7,Aura Lighting,ЧП «NIGMATOVA NIGORA»,generic,https://psapi.megagroup.ru/accounts/81450/notify
64f8758ac9498cfa6a9bc3f6,NEW FASHION,ЧП «KOROVYAKOVSKAYA YULIYA»,arca,https://api-qr.uzcard.uz
64f961d4c9498cfa6a9bceb2,Fort-PRO Biznes,"ООО «ООО ""FORT- PRO BIZNES""»",generic,https://tehno.uz/?wc-api=wc_payme
64f9ae39e56f385c78b82ca3,JOYBOX BUSINESS GROUP,"ООО «""JOYBOX BUSINESS GROUP"" MCHJ»",generic,https://joybox.uz/?wc-api=wc_payme
64f9cc91f2eab16e63ef2f20,Orient Finans Bank,Orient Finans Bank,credits.fido,https://proxy-orient-finans-bank/fb-loan/onlinepay/payme/
64fae6a8e56f385c78b8429c,INSPRO,"ООО «""INSPRO"" MCHJ»",generic,https://psapi.megagroup.ru/accounts/80492/notify
64faff0936ef51a083e41fc1,Ideal Water,ООО «Ideal Water Service»,generic,https://app.idealw.uz/backend/payme/pay
64fb271f36ef51a083e42481,LITRO,"ООО «""LITRO"" MCHJ»",generic,https://api.litro.uz/payment/payme/merchant
64fc45c1c852147b853f41f4,MODME,"ООО «""MODME"" MChJ»",generic,https://api.modme.dev/transaction/payme/modme
64feb3d3c852147b853f6102,line77,"ООО «""LINE-TAXI 77"" MCHJ»",generic,https://payme.linetaxi77.uz/webhook.php
64feec8cb9c83f9680be3911,DAFNA Мебель,"ООО «ООО ""EMAN""»",generic,https://crm.dafna.uz/payment/paycom
64fff53cb9c83f9680be480d,Perfetto,"ООО «""FURQAT BIZNES PLUS"" MCHJ»",generic,https://payment.api.delever.uz/payme
64fff6bd922055c58129e279,Farxod Ota Kebab House,"СП «""PERFETTO FOOD"" OK»",generic,https://payment.api.delever.uz/payme
64fff79ec852147b853f7718,Farxod Ota Kebab House,"СП «""PERFETTO FOOD"" OK»",generic,https://payment.api.delever.uz/payme
64fff918b9c83f9680be487e,Farxod Ota Kebab House,"СП «""PERFETTO FOOD"" OK»",generic,https://payment.api.delever.uz/payme
650045922e002e2aabe725ab,ROFEEV TECH,"ООО «""ROFEEV TECH"" MCHJ»",generic,https://pay.regos.uz/paysystem/callback/e4f5655d-4721-4bce-a931-d6815becbd24/
6501462ffa828fc4a2e3edc0,Xon manti,"ООО «""XON MANTI"" MCHJ»",generic,https://payment.api.delever.uz/payme
65015f25fa828fc4a2e3f27b,Inspired,СП ООО «Inspired»,generic,http://172.17.9.198:3124
6502a323fa828fc4a2e409aa,SurkhanDC.uz ,ЧП «RAJABOV ISKANDAR»,generic,https://surkhandcuz.mybillings.uz/pay/payme/XhqfZxnpBcoFtIrebNgwUGaRWlLPiSVmvsQYOMkzKuCEDAjyJd
6502bdb6fa828fc4a2e40ce0,KIDSLAND ,ЧП «LUTFIY SARVAR»,generic,https://kidsland.uz/?wc-api=wc_payme
650408792e002e2aabe76c31,iLink,ООО «ASIA NETWORK»,generic,https://31.148.170.254/paysys_check.cgi
65042d1efa828fc4a2e4295e,Точка 1,"ООО «""BIG STORE"" MCHJ»",arca,https://api-qr.uzcard.uz
65042dfafa828fc4a2e4297a,Marc Cain,"ООО «""MYMODA"" MCHJ»",arca,https://api-qr.uzcard.uz
65042e2bfa828fc4a2e4297d,Marc Cain,"ООО «""MYMODA"" MCHJ»",arca,https://api-qr.uzcard.uz
65042e3dfa828fc4a2e42983,Marc Cain,"ООО «""MYMODA"" MCHJ»",arca,https://api-qr.uzcard.uz
65042e4bfa828fc4a2e4298b,Marc Cain,"ООО «""MYMODA"" MCHJ»",arca,https://api-qr.uzcard.uz
65042e63fa828fc4a2e42992,Marc Cain,"ООО «""MYMODA"" MCHJ»",arca,https://api-qr.uzcard.uz
65042e76fa828fc4a2e42999,Marc Cain,"ООО «""MYMODA"" MCHJ»",arca,https://api-qr.uzcard.uz
65042e87fa828fc4a2e4299c,Marc Cain,"ООО «""MYMODA"" MCHJ»",arca,https://api-qr.uzcard.uz
65042ea3fa828fc4a2e4299f,Marc Cain,"ООО «""MYMODA"" MCHJ»",arca,https://api-qr.uzcard.uz
65042eb9fa828fc4a2e429a5,Marc Cain,"ООО «""MYMODA"" MCHJ»",arca,https://api-qr.uzcard.uz
65042ed3fa828fc4a2e429aa,Marc Cain,"ООО «""MYMODA"" MCHJ»",arca,https://api-qr.uzcard.uz
65042ee6fa828fc4a2e429ad,Marc Cain,"ООО «""MYMODA"" MCHJ»",arca,https://api-qr.uzcard.uz
65058e53b0902958ab7a0e2a,Bodo.uz,"ООО «""STROY PLAST"" MCHJ»",generic,https://bodo.uz/payme/endpoint
650a8dbd2918d26924fc899b,YAPONAMAMA - Бухара,"ООО «ООО ""YM-BUKHARA""»",arca,https://api-qr.uzcard.uz
650a8e612918d26924fc89b2,YaponaMama,"ООО «""MIKA TRADE"" MCHJ»",arca,https://api-qr.uzcard.uz
650a91442918d26924fc8a17,YAPONAMAMA SAMARQAND,ООО «Y M -SAMARKAND»,arca,https://api-qr.uzcard.uz
650a91b82918d26924fc8a34,YAPONAMAMA SAMARQAND,ООО «Y M -SAMARKAND»,arca,https://api-qr.uzcard.uz
650a92122918d26924fc8a3b,YAPONAMAMA,"ООО «ООО ""STAR SUSHI""»",arca,https://api-qr.uzcard.uz
650a93112918d26924fc8a56,YAPONAMAMA,"ООО «""SUSHIRO"" MCHJ»",arca,https://api-qr.uzcard.uz
650a93502918d26924fc8a5e,YAPONAMAMA,ООО «MIKA SALE MCHJ»,arca,https://api-qr.uzcard.uz
650be7502918d26924fca38f,SMAGIC PARK,"СП ООО «""SMAGIC PARK"" MCHJ XK»",park,skypark.gtickets.uz
650c116f2918d26924fca83e,ATARSAl TRAVEL,"ООО «""ATARSAI TRAVEL"" MCHJ»",generic,https://psapi.megagroup.ru/accounts/85212/notify
650c3eb52918d26924fcae51,HAIER SHOP,"ООО «""FREEDOM IS HEAVEN"" MCHJ»",generic,https://haiershop.uz/gateway/callback/payme
650d1f4f9fe4a8ad4ad92ebc,EVOS,ООО «MCHJ MAK FOOD SERVIS»,generic,https://payment.api.delever.uz/payme
650daa7e1e6c57f74a808ada,NEO Insurance,"АО «""NEO INSURANCE CORP"" AJ»",generic,https://api.neoinsurance.uz/payme
650e7dd12918d26924fcd5e0,NIPPON GLOBAL EDUCATION AND ASSESSMENT,"ООО «""NIPPON GLOBAL EDUCATION AND ASSESSMENT"" MCHJ QK»",generic,https://api.ngea.uz/api/payments/payments/merchant/
6511213d2918d26924fcf569,Diskont,ООО «Kometa shop»,generic,https://diskont.mirico.uz/Diskont/hs/Payme
651127772918d26924fcf6c7,KENIMEX-MAX-DRIVE ,"ООО «""KENIMEX-MAX-DRIVE"" XK»",generic,https://bot.tacco.uz/Payme/
65112c7d2918d26924fcf7b2,STARK-TV TELECOM,"ООО «""EAST STARK-TV"" MCHJ»",fiber,https://pay-gw.stark-tv.uz/
651184612918d26924fd034f, Milovar.uz,ЧП « Milovar.uz»,generic,https://psapi.megagroup.ru/accounts/85332/notify
6513c38c2918d26924fd2503,ATARSAl TRAVEL,"ООО «""ATARSAI TRAVEL"" MCHJ»",generic,https://psapi.megagroup.ru/accounts/85356/notify
6513c3c22918d26924fd2509,ATARSAl TRAVEL,"ООО «""ATARSAI TRAVEL"" MCHJ»",generic,https://psapi.megagroup.ru/accounts/85359/notify
65156ab52918d26924fd46d4,VELIKAN,ЧП «BELOBORODOV YEVGENIY»,arca,https://api-qr.uzcard.uz
65166111bdcbd0b74a2e527f,MINO-TRAVEL,"ООО «""MINO-TRAVEL"" MCHJ»",generic,https://minotravel.uz/?wc-api=wc_payme
6516a5dcf9d24c08301ab506,IBRAGIMOV'S,ООО «IBRAGIMOV-SALE»,generic,https://10xsotuvon.uz/pay-ment/payme-end-point
651b8c611c9e6667482b964c,EVOS,ООО «MCHJ MAK FOOD SERVIS»,generic,https://evsapi.ectn.uz/callback/payme
651b8cb41c9e6667482b9650,EVOS,ООО «MCHJ MAK FOOD SERVIS»,generic,https://payment.api.delever.uz/payme
651ba690030c52d882dac5ac,Wendy's,ООО «WENCAF»,generic,https://wendys.medias.uz/api/transactions/payme-callback/
651bdb751e05e16726259d57,BOLALAR MILLIY TIBBIYOT MARKAZI,"ГУП «""BOLALAR MILLIY TIBBIYOT MARKAZI"" DAVLAT MUASSASASI»",technomed,https://technomed.uz/BillingForPayme
651c0a91efaffbed74513415,CAMO,"ООО «""XIRM SAMO"" MCHJ»",generic,https://api.worldsamo.com/api/client/paymeuz_webhook/
651c1782efaffbed7451365c,Safia,"ООО «""MADINA-QANDOLAT"" MCHJ»",generic,https://panel.safiabakery.uz/payment/paycom?id=146
651c1803efaffbed74513666,Safia,"ООО «""MADINA-QANDOLAT"" MCHJ»",generic,https://panel.safiabakery.uz/payment/paycom?id=114
651c18d1efaffbed74513680,Safia,"ООО «""MADINA-QANDOLAT"" MCHJ»",generic,https://panel.safiabakery.uz/payment/paycom?id=113
651d420f2072915c770417b7,LES AILES,"ООО «ООО ""PERESPECTIVE UNION""»",generic,https://bot.lesailes.uz/payment/paycom?id=7
651e4b6f2072915c770427af,QORASUVPIZZA ,"ООО «""QORASUVPIZZA"" MCHJ»",generic,https://api.apexpizza.uz/api/payment/transactions/
651e975ddbc4b15f79bc7eea,TB-CORP,"ООО «""TB-CORP"" MCHJ»",generic,https://billing.topbrains.uz/webhook/payme?signature=08fb6bf55ed89025499f36c5c1f5b04f1e55c2257399858ad56bf5a6e5c2510d
651e9e612072915c770432bb,QAND,"ООО «""SAIDBOB CHUST"" MCHJ»",generic,https://qand.uz/?wc-api=wc_payme
6526341e1dbb2b13f1737833,BOOKIE,"ООО «""BOOKY NUKUS"" MCHJ»",generic,https://api.booky.uz/handle/payme
6527c6833ad464cc74d22400,Linens Textile Studio,"ООО «""PRIMECALL"" MCHJ»",generic,https://linens.uz/payment/Payme/callback.php
652888096e7e3c38770abf74,DOMOFON CITY,"ООО «""DOMOFON CITY"" MCHJ»",generic,https://server.ip-domofon.com/payme/hs/payme/payme
652928b3f67194aa76c64ed8,DAYAKO,ООО «DAYAKO»,arca,https://api-qr.uzcard.uz
65293180f67194aa76c65100,MANA MUSTANG N 1,"ООО «""HUMOYUN MUSTANG TAXI PARK"" MCHJ»",generic,https://194.67.196.187/att/paycom/
65294310f67194aa76c653a5,Safia,"ООО «""MADINA-QANDOLAT"" MCHJ»",generic,https://panel.safiabakery.uz/payment/paycom?id=85
6529442cf67194aa76c653c4,Safia,"ООО «""MADINA-QANDOLAT"" MCHJ»",generic,https://panel.safiabakery.uz/payment/paycom?id=81
6529449ff67194aa76c653dd,Safia,"ООО «""MADINA-QANDOLAT"" MCHJ»",generic,https://panel.safiabakery.uz/payment/paycom?id=246
6529459ff67194aa76c65407,Safia,"ООО «""MADINA-QANDOLAT"" MCHJ»",generic,https://panel.safiabakery.uz/payment/paycom?id=95
652946e7f67194aa76c6543b,Safia,"ООО «""MADINA-QANDOLAT"" MCHJ»",generic,https://panel.safiabakery.uz/payment/paycom?id=84
65294750f67194aa76c6544a,Safia,"ООО «""MADINA-QANDOLAT"" MCHJ»",generic,https://panel.safiabakery.uz/payment/paycom?id=147
652d1050f67194aa76c69180,TOSHKENT GULLARI ,"ООО «ООО ""TOSHKENT GULLARI GROUP""»",generic,https://tg.oxapp.io/payments/tg/paycom
652d13933ad464cc74d282cd,Business Hujjat.uz,ООО «RealSoft»,generic,https://business.hujjat.uz/payment/payme
652e2f9542f8406877ca7df9,SOLIQ SERVIS - ЭҲФ,ГУП «O`ZBEKISTON RESPUBLIKASI DAVLAT SOLIQ QO`MITASI HUZURIDAGI SOLIQ SERVIS DAVLAT U»,generic,https://cabinet.posvk.uz/api/cabinet-api/call-back/payme
652e587c3606f91277a47e3e,INSAN,"ООО «""INSAN ACADEMY GROUP"" MCHJ»",generic,https://market.it-services.uz/kouching-api/payme
652fd04e3606f91277a4a2a4,Eman Materials Shop,ООО «CHIN WOOD SERVICE»,generic,https://eman.uz/paycomuz/transaction/?format=json
6530cacdde14714dbba6b0aa,SUSHI YUMMY,"ООО «""SUSHI YUMMY"" MCHJ»",generic,https://yummy.botagent.uz/payment/paycom
6531008dde14714dbba6b72a,REALTING ,"ООО «""REALTING CENTRAL ASIA"" MCHJ»",generic,https://realting.uz/api/payme/notification
653267fd0e2326cbe5a2f971,Fair Family,"ООО «""FAIR-FAMILY"" MCHJ»",generic,https://ishbizda.com:8080/paycom
653611510e2326cbe5a32c8a,JANON CHICKEN,"ООО «""JANON CHICKEN"" MCHJ»",generic,https://payment.api.delever.uz/payme
653773210e2326cbe5a34d7b,ilmiybaza.uz,ООО «INNOVATION SCIENCE AND RESEARCH»,generic,https://ilmiybaza.uz/payments/merchant/
65379ee00e2326cbe5a352c0,Safia,"ООО «""MADINA-QANDOLAT"" MCHJ»",generic,https://panel.safiabakery.uz/payment/paycom?id=152
65379f270e2326cbe5a352cf,Safia,"ООО «""MADINA-QANDOLAT"" MCHJ»",generic,https://panel.safiabakery.uz/payment/paycom?id=142
65379f6b0e2326cbe5a352d9,Safia,"ООО «""MADINA-QANDOLAT"" MCHJ»",generic,https://panel.safiabakery.uz/payment/paycom?id=154
6537a00e0e2326cbe5a352ee,Safia,"ООО «""MADINA-QANDOLAT"" MCHJ»",generic,https://panel.safiabakery.uz/payment/paycom?id=133
6537a05b0e2326cbe5a352f8,Safia,"ООО «""MADINA-QANDOLAT"" MCHJ»",generic,https://panel.safiabakery.uz/payment/paycom?id=145
6537a09d0e2326cbe5a35300,Safia,"ООО «""MADINA-QANDOLAT"" MCHJ»",generic,https://panel.safiabakery.uz/payment/paycom?id=140
6537a0ea0e2326cbe5a35312,Safia,"ООО «""MADINA-QANDOLAT"" MCHJ»",generic,https://panel.safiabakery.uz/payment/paycom?id=153
6537a1430e2326cbe5a35323,Safia,"ООО «""MADINA-QANDOLAT"" MCHJ»",generic,https://panel.safiabakery.uz/payment/paycom?id=149
65391467388fec2e459333dc,PEREKUS,"ООО «""PEREKUS"" MCHJ»",arca,https://api-qr.uzcard.uz
653a4a91388fec2e45934778,Safia,"ООО «""MADINA-QANDOLAT"" MCHJ»",generic,https://panel.safiabakery.uz/payment/paycom?id=34
653a4b33388fec2e4593478e,Safia,"ООО «""MADINA-QANDOLAT"" MCHJ»",generic,https://panel.safiabakery.uz/payment/paycom?id=24
653a4b96388fec2e4593479f,Safia,"ООО «""MADINA-QANDOLAT"" MCHJ»",generic,https://panel.safiabakery.uz/payment/paycom?id=90
653a4c6e388fec2e459347bf,Safia,"ООО «""MADINA-QANDOLAT"" MCHJ»",generic,https://panel.safiabakery.uz/payment/paycom?id=82
653a4ce0388fec2e459347d9,Safia,"ООО «""MADINA-QANDOLAT"" MCHJ»",generic,https://panel.safiabakery.uz/payment/paycom?id=80
653a4d7c388fec2e459347fd,Safia,"ООО «""MADINA-QANDOLAT"" MCHJ»",generic,https://panel.safiabakery.uz/payment/paycom?id=108
653a4e3a388fec2e45934824,Safia,"ООО «""MADINA-QANDOLAT"" MCHJ»",generic,https://panel.safiabakery.uz/payment/paycom?id=96
653a4ea7388fec2e45934835,Safia,"ООО «""MADINA-QANDOLAT"" MCHJ»",generic,https://panel.safiabakery.uz/payment/paycom?id=112
653a4f19388fec2e45934846,Safia,"ООО «""MADINA-QANDOLAT"" MCHJ»",generic,https://panel.safiabakery.uz/payment/paycom?id=91
653a4f99388fec2e45934863,Safia,"ООО «""MADINA-QANDOLAT"" MCHJ»",generic,https://panel.safiabakery.uz/payment/paycom?id=110
653a5154388fec2e459348a6,Safia,"ООО «""MADINA-QANDOLAT"" MCHJ»",generic,https://panel.safiabakery.uz/payment/paycom?id=93
653a58c485e03ff06dcf3a88,Essay Checker,"ООО «""CHECKER"" MCHJ»",generic,https://essay-checker.ai/api/v1/payment/Payme
653a5d8c1549ee6c83e0f47e,BILLZ,"ИП ООО «""SHOPPE GROUP"" MCHJ XK»",generic,https://api-admin.billz.ai/v1/paycom/merchant-api
653b9d2e388fec2e45935f3a,Terra Pro,"ООО «ООО ""THE ONE""»",generic,https://terrapro.uz/personal/order/notification.php
653cefb885e03ff06dcf64c9,KSB SOFT,"ООО «""KSB SOFT"" MCHJ»",generic,http://crm.ksbapps.uz:20151/KSB_CRM/hs/payments/payment/Payme
653e756e0e912e57850eabc9,BONNAZ,"ООО «""BONNAZ"" MCHJ»",generic,https://bill.bonnaz.uz/api/payme
653f4b4e388fec2e45938eaf,KAYUMOVA BARNO ABDUALIYEVNA,ЧП «KAYUMOVA BARNO»,generic,https://fratellicasa.humocrm.uz/handle/payme/69b75f20-08b7-4648-810e-e2dc1024d629
653f58e8388fec2e459390cc,ALL OR NOTHING,ЧП «ALLAYAROV BOXODIR»,generic,https://allornothing.uz/?wc-api=wc_payme
653f7a82e994d122185940e2,BUZTON,СП ООО «Buzton»,uzmobile,https://10.0.202.229:446/KKM_PG_GATE/
65408e02388fec2e4593a994,Logit Smartbot,"ООО «""LOG-IT"" MCHJ»",generic,https://old.logitsmartbot.uz/api/payment/payme/
65409c26388fec2e4593ab7e,Ucafe,ЧП «KARSEVA YULIYA»,generic,https://api.ucafe.uz/api/v1/merchant/
65421ce50a158c26157c66c3,BUZTON ,СП ООО «Buzton»,uzmobile,https://10.0.202.229:446/KKM_PG_GATE/
65422149388fec2e4593cdbc,FEEDUP ECO,"ООО «""FEEDUP ECO"" MCHJ»",generic,https://smartomato.ru/webhooks/payments/payme/43905/50681/callback
65433052388fec2e4593dcd8,Sanitariya-epidemiologik osoyishtalik,ГУП «Sanitariya-epidemiologik osoyishtalik va jamoat salomatligi sohasida kadrlarni qayta tayyorlash va ularning malakasini oshirish markazi»,generic,https://study.sanepid.uz/api/LMS/payment/payme
65437a8b1549ee6c83e190a3,Bellissimo Pizza Crystal I/o,ООО «PIZZA CHAIN»,generic,https://pay.bpnet.uz/api/payment/payme
6544871741a367e34fc9aec8,PROTECH GLOBAL,"ООО «""PROPTECH GLOBAL"" MCHJ»",generic,https://api.realt24.uz/api/billing/payme
65449dee41a367e34fc9b27f,FEEDUP ECO,"ООО «""FEEDUP ECO"" MCHJ»",generic,https://smartomato.ru/webhooks/payments/payme/43905/50680/callback
65449e4941a367e34fc9b28c,FEEDUP ECO,"ООО «""FEEDUP ECO"" MCHJ»",generic,https://smartomato.ru/webhooks/payments/payme/43905/50679/callback
65449e5841a367e34fc9b28e,FEEDUP ECO,"ООО «""FEEDUP ECO"" MCHJ»",generic,https://smartomato.ru/webhooks/payments/payme/43905/50678/callback
65449e6641a367e34fc9b290,FEEDUP ECO,"ООО «""FEEDUP ECO"" MCHJ»",generic,https://smartomato.ru/webhooks/payments/payme/43905/50677/callback
65449e7941a367e34fc9b294,FEEDUP ECO,"ООО «""FEEDUP ECO"" MCHJ»",generic,https://smartomato.ru/webhooks/payments/payme/43905/50676/callback
65449e8641a367e34fc9b297,FEEDUP ECO,"ООО «""FEEDUP ECO"" MCHJ»",generic,https://smartomato.ru/webhooks/payments/payme/43905/50675/callback
65449e9d41a367e34fc9b299,FEEDUP ECO,"ООО «""FEEDUP ECO"" MCHJ»",generic,https://smartomato.ru/webhooks/payments/payme/43905/50674/callback
65449eaf41a367e34fc9b29d,FEEDUP ECO,"ООО «""FEEDUP ECO"" MCHJ»",generic,https://smartomato.ru/webhooks/payments/payme/43905/50673/callback
6544c32441a367e34fc9b75d,FEEDUP ECO,"ООО «""FEEDUP ECO"" MCHJ»",generic,https://smartomato.ru/webhooks/payments/payme/43905/50672/callback
6544c33141a367e34fc9b760,FEEDUP ECO,"ООО «""FEEDUP ECO"" MCHJ»",generic,https://smartomato.ru/webhooks/payments/payme/43905/50671/callback
6544c33f41a367e34fc9b762,FEEDUP ECO,"ООО «""FEEDUP ECO"" MCHJ»",generic,https://smartomato.ru/webhooks/payments/payme/43905/50670/callback
6544c35941a367e34fc9b769,FEEDUP ECO,"ООО «""FEEDUP ECO"" MCHJ»",generic,https://smartomato.ru/webhooks/payments/payme/43905/50669/callback
6544c36741a367e34fc9b76c,FEEDUP ECO,"ООО «""FEEDUP ECO"" MCHJ»",generic,https://smartomato.ru/webhooks/payments/payme/43905/50668/callback
6544c37941a367e34fc9b76e,FEEDUP ECO,"ООО «""FEEDUP ECO"" MCHJ»",generic,https://smartomato.ru/webhooks/payments/payme/43905/50667/callback
6544c38541a367e34fc9b775,FEEDUP ECO,"ООО «""FEEDUP ECO"" MCHJ»",generic,https://smartomato.ru/webhooks/payments/payme/43905/50666/callback
6544c39d41a367e34fc9b77d,FEEDUP ECO,"ООО «""FEEDUP ECO"" MCHJ»",generic,https://smartomato.ru/webhooks/payments/payme/43905/50630/callback
6544c3a741a367e34fc9b784,FEEDUP ECO,"ООО «""FEEDUP ECO"" MCHJ»",generic,https://smartomato.ru/webhooks/payments/payme/43905/50629/callback
6544c3b741a367e34fc9b787,FEEDUP ECO,"ООО «""FEEDUP ECO"" MCHJ»",generic,https://smartomato.ru/webhooks/payments/payme/43905/50628/callback
6544c3c241a367e34fc9b78f,FEEDUP ECO,"ООО «""FEEDUP ECO"" MCHJ»",generic,https://smartomato.ru/webhooks/payments/payme/43905/50627/callback
6544c3d341a367e34fc9b795,FEEDUP ECO,"ООО «""FEEDUP ECO"" MCHJ»",generic,https://smartomato.ru/webhooks/payments/payme/43905/50614/callback
6544c3e141a367e34fc9b799,FEEDUP ECO,"ООО «""FEEDUP ECO"" MCHJ»",generic,https://smartomato.ru/webhooks/payments/payme/43905/50904/callback
6544e0f941a367e34fc9bf6e,KREPOSTO ,"ООО «ООО ""FORT GROUP""»",arca,https://api-qr.uzcard.uz
6544f19841a367e34fc9c3df,Rano Oy Ok,"СП «""RANO-OY"" OK»",generic,https://payment.api.delever.uz/payme
6544f60a41a367e34fc9c4d2,CHAPANI OSH,"СП «""CHAPANI OSH"" OK»",generic,https://payment.api.delever.uz/payme
6548793a41a367e34fc9f54b,MURODOVA MADINA JAMSHIDBEK QIZI,ЧП «MURODOVA MADINA»,generic,https://api.axiom.uz/api/Merchant/payme
654887b741a367e34fc9f7ae,Max Way,"ООО «""MAXWAY FOOD"" MCHJ»",generic,https://payment.api.delever.uz/payme
6548890641a367e34fc9f7ea,Max Way,"ООО «""MAXWAY FOOD"" MCHJ»",generic,https://payment.api.delever.uz/payme
654889f441a367e34fc9f815,Max Way,"ООО «""MAXWAY FOOD"" MCHJ»",generic,https://payment.api.delever.uz/payme
6549d17741a367e34fca12dc,AGAT CREDIT,"ООО «""AGAT CREDIT"" MCHJ»",microfin,https://cs.agatcredit.uz/epp
6549d86241a367e34fca13f1,iWon,"АО ""CHOYKHONA""",iwon,https://api.iwon.uz/api/v1
654a072041a367e34fca1b39,UNIWIL,ООО «MCHJ UNIWIL»,arca,https://api-qr.uzcard.uz
654b2b8e41a367e34fca3576,Safia,"ООО «""MADINA-QANDOLAT"" MCHJ»",generic,https://panel.safiabakery.uz/payment/paycom?id=12
654b2c6cbc904160b5e6e6c4,ABUSAXIY,"ООО «""TASHKENT TRADE CENTER"" MCHJ»",generic,https://abusaxiy.uz/payment-service/payme
654b2cb841a367e34fca35d1,Safia,"ООО «""MADINA-QANDOLAT"" MCHJ»",generic,https://panel.safiabakery.uz/payment/paycom?id=33
654ca0fc41a367e34fca5c48,CINEMATICA ,"СП ООО «""CINEMATICA"" MCHJ QK»",generic,https://cinematica.gtickets.uz/payme
654cc557a5fc6d5433a6340e,KANBAROVA MADINA ABDUSAMAT QIZI ,ЧП «KAMBAROVA MADINA»,generic,https://dodacorp.go2pay.uz/api/billing/payme
654cc58ba5fc6d5433a63418,KAMBAROVA SAODAT,ЧП «KAMBAROVA SAODAT»,generic,https://hamrohtaxi.go2pay.uz/api/billing/payme
6551baa84f53b71514202b82,TASX.UZ,"ООО «""RAQOBAT TRANS SERVIS-SHO MTP"" MCHJ»",generic,http://tasx.uz/api/paycom/index.php
6551ec6c39ff72a59f4dc974,Max Way,"ООО «""MAXWAY FOOD"" MCHJ»",generic,https://payment.api.delever.uz/payme
6551ed1439ff72a59f4dc981,Max Way,"ООО «""MAXWAY FOOD"" MCHJ»",generic,https://payment.api.delever.uz/payme
6552e8b44b382b76afa5b46b,EVOS,ООО «MCHJ MAK FOOD SERVIS»,generic,https://payment.api.delever.uz/payme
6552e8ff679f4465af479c93,EVOS,ООО «MCHJ MAK FOOD SERVIS»,generic,https://payment.api.delever.uz/payme
6553109539ff72a59f4de256,Safia,"ООО «""JUGER REGION"" MCHJ»",generic,https://panel.safiabakery.uz/payment/paycom?id=45
655310e039ff72a59f4de262,Safia,"ООО «""JUGER REGION"" MCHJ»",generic,https://panel.safiabakery.uz/payment/paycom?id=9
6553120c39ff72a59f4de299,Safia,"ООО «""JUGER REGION"" MCHJ»",generic,https://panel.safiabakery.uz/payment/paycom?id=71
6553128539ff72a59f4de2ac,Safia,"ООО «""JUGER REGION"" MCHJ»",generic,https://panel.safiabakery.uz/payment/paycom?id=70
65533b0c39ff72a59f4de82f,inter nation school,"ООО «""INTEST MAX"" MCHJ»",internation,https://lms.api.inter-nation.uz
6553554f39ff72a59f4debfb,Safia,"ООО «""JUGER REGION"" MCHJ»",generic,https://panel.safiabakery.uz/payment/paycom?id=104
655356c939ff72a59f4dec2e,Safia,"ООО «""JUGER REGION"" MCHJ»",generic,https://panel.safiabakery.uz/payment/paycom?id=148
6554491b679f4465af47b70d,YANGIYUL TAXI,ООО «YANGIYUL YANDEX TAXI»,generic,https://fleet-money.fullfocus.uz/api/merchant/6554491b679f4465af47b70d
65545af639ff72a59f4dfabf,FEEDUP ECO,"ООО «""FEEDUP ECO"" MCHJ»",generic,https://smartomato.ru/webhooks/payments/payme/43905/51010/callback
655489bd39ff72a59f4e0187,SUSHI BOX,"ООО «""SUSHI BOX"" MCHJ»",generic,https://api.site.yaxshisushi.uz/api/v1/payment/payme
65548a5339ff72a59f4e0197,SUSHI BOX,"ООО «""SUSHI BOX"" MCHJ»",arca,https://api-qr.uzcard.uz
6554aaf7e015f52240e97205,Дом 29,"ООО «""DOM-29"" MCHJ»",arca,https://api-qr.uzcard.uz
6554bdafe015f52240e97463,SHOKIROV SUNNATILLA MAXMUDJON O'GLI,ЧП «SHOKIROV SUNNATILLA»,generic,https://farovon.go2pay.uz/api/billing/payme
6555b66be015f52240e9816d,KAMBAROV FAZLITDIN SAYFUTDINOVICH,ЧП «KAMBAROV FAZLITDIN»,generic,https://megaaktivpluse.go2pay.uz/api/billing/payme
6555bde1e015f52240e98270,ELEKTRON BAHOLASH,"ООО «ООО ""ELEKTRON BAHOLASH""»",generic,https://api-payment.baxolash.uz/payment/api/payment/paycom/process
6555ed20ae6f794a7c7c2fd6,AVIA TAXI,"ООО «""NOVAIN"" MCHJ»",generic,https://gunuebusay.beget.app/fleet/paycom/
6557a3e97b087db98179b5c7, Эшпулатова М.,"ООО «""SOG'LOM OLAM CORAL"" MCHJ»",generic,https://uz.coral.club:443/auth/paycom.php?language=uz
655b237d7b087db98179e759,Lombard 911,"ИП ООО «""LOMBARD 911"" MCHJ XK»",generic,https://lmb119.flexpul.uz/public/payme/payments
655c8a404b2483a85dbb3d91,ELECTROCARS BATTERYCHARGE,"ООО «""ECHARGE INNOVATION"" MCHJ»",generic,https://panel.ebbuzbekistan.uz/api/v1/payments/payme/
655cb35b91be401f38bcef0d,ELLOS,"СП «""ELLOS HOME"" OK»",generic,https://ellos.magicstore.uz/handle/payme/cdf11236-20b8-4e46-9536-736293fd9661
655dac0c91be401f38bcff11,VKUSNO BY SEVA ,"ООО «""VKUSNO BY SEVA TECHNOLOGIES"" MCHJ»",generic,https://vbs.zoomda.uz:4001/payme/
655dd5ee29daa4835d35062e,MODME,"ООО «""MODME"" MChJ»",generic,https://modme.online/api/payments/payme/2
655f4c14e6640b870dd925e5,INSTAX,"ООО «""ONLINE TEAM TRADE"" MCHJ»",generic,https://instax.uz/?route=extension/payment/kit_payme&f=Callback
65603be9cc0d50f38134ad46,Kitchen by STARS,"ООО «""BQ-SERVICES"" MCHJ»",generic,https://smartai.uz/payments/merchant/
6560480769e613e78160bd55,OPTIMEDIA,ООО «BROSS TELEKOM»,generic,https://payments.optimedia.uz/system/payme
65642bd494dc4293bdd3c136,JABBOROV ABBOS ABDUSATTOR O‘G‘LI,ЧП «JABBOROV ABBOS»,arca,https://api-qr.uzcard.uz
65642dd894dc4293bdd3c188,MUXTAROVA ZULFIYA ABILQASIM QIZI,ЧП «MUXTAROVA ZULFIYA»,arca,https://api-qr.uzcard.uz
65646aeb7e6bd946bea65051,IPTV Optikom,ООО «BROSS TELEKOM»,generic,https://paytv.optikom.uz/system/payme
6564701f94dc4293bdd3cafd,20 KV PIZZA,"ООО «""20 KV PIZZA"" MCHJ»",generic,https://payment.api.delever.uz/payme
65647ab194dc4293bdd3ccc5,Les Ailes / Chopar,"ООО «""PERSPECTIVE-ANDIJAN"" MCHJ»",generic,https://bot.lesailes.uz/payment/paycom?id=4
65647af894dc4293bdd3ccd8,Les Ailes / Chopar,"ООО «""PERSPECTIVE-ANDIJAN"" MCHJ»",generic,https://bot.choparpizza.uz/payment/paycom?id=9
6564926394dc4293bdd3cffe,Roma Pizza GORKIY,"ООО «""GORKIY PIZZA"" MCHJ»",generic,https://payment.api.delever.uz/payme
6565d9db7d369d0761b690b9,Inspired,СП ООО «Inspired»,generic,http://172.17.9.187:3124
6566d94f3a49d130be286632,Optochka Subscription,ООО «MOLLYSHOP»,generic,https://api.tijaro.uz/api/subscription-payments/activate-subscription-payme
6566dae294dc4293bdd3f32e,Safia,"ООО «""MADINA-QANDOLAT"" MCHJ»",generic,https://api.safia-web.safiabakery.uz/api/v1/payme/99e4dd88-a8b2-448c-a9ba-9e0ae517be78/pay
6566e643ed86529dba19be61,NISHON GROUP PRODUCT,"ООО «""NISHON GROUP PRODUCT"" MCHJ»",generic,https://api.nishongroup.uz/api/v1/payment/payme/merchant/
65671732921d9d19bea2f7d3,BREADLY,"ООО «""CRUSTY BAKERY"" MCHJ»",generic,https://panel.breadly.uz/payment/paycom?id=3
6567398094dc4293bdd3ff12,B&B,"ООО «""WONDER FUEL EXPRESS"" MCHJ»",generic,https://panel.bnb.uz/payment/paycom
6568102eed86529dba19d11c,RadioMer,ООО «RADIO DEVICES»,generic,https://device.radiomer.uz/api/payment/payme/v2
6568678694dc4293bdd417b7,Safia,"ООО «""MADINA-QANDOLAT"" MCHJ»",generic,https://panel.safiabakery.uz/payment/paycom?id=84
6569d484921d9d19bea3320b,Max Way,"ООО «""MAXWAY FOOD"" MCHJ»",generic,https://payment.api.delever.uz/payme
6569d4bf921d9d19bea33213,Max Way,"ООО «""MAXWAY FOOD"" MCHJ»",generic,https://payment.api.delever.uz/payme
6569d4f53a49d130be28a7c0,Max Way,"ООО «""MAXWAY FOOD"" MCHJ»",generic,https://payment.api.delever.uz/payme
6569d6313a49d130be28a7ff,Max Way,"ООО «""MAXWAY FOOD"" MCHJ»",generic,https://payment.api.delever.uz/payme
656ef3be426e85bd8dd82128,ALLDATA,ЧП «ABDURAXMONOVA XAYOTXON»,generic,https://alldata.uz/?wc-api=wc_payme
65700a2a426e85bd8dd833f6,MEGA HAPPY PET ,"ООО «""MEGA HAPPY PET"" MCHJ»",generic,https://k-w.uz/api/payments/payme
65700d2d426e85bd8dd8345c,BAXT,"ООО «OOO  ""BAXT""»",arca,https://api-qr.uzcard.uz
65700d42426e85bd8dd83460,BAXT,"ООО «OOO  ""BAXT""»",arca,https://api-qr.uzcard.uz
65700d5a426e85bd8dd83468,BAXT,"ООО «OOO  ""BAXT""»",arca,https://api-qr.uzcard.uz
65700d6d426e85bd8dd8346b,BAXT,"ООО «OOO  ""BAXT""»",arca,https://api-qr.uzcard.uz
65700d87426e85bd8dd8346d,BAXT,"ООО «OOO  ""BAXT""»",arca,https://api-qr.uzcard.uz
65703cfd426e85bd8dd83c4f,ЦЕНТРАЛЬНЫЙ СОВЕТ ОРГАНИЗАЦИИ СОДЕЙСТВИЯ ОБОРОНЕ РЕСПУБЛИКИ УЗБЕКИСТАН «ВАТАНПАРВАР»,"НОУ «""VATANPARVAR"" TASHKILOTI»",vatanparvar,https://stat.vitc.uz/api
657048f4426e85bd8dd83f1c,Safia,"ООО «""MADINA-QANDOLAT"" MCHJ»",generic,https://panel.safiabakery.uz/payment/paycom?id=109
65706169426e85bd8dd84340,Safia,"ООО «""MADINA-QANDOLAT"" MCHJ»",generic,https://panel.safiabakery.uz/payment/paycom?id=157
657061ee426e85bd8dd84354,Safia,"ООО «""MADINA-QANDOLAT"" MCHJ»",generic,https://panel.safiabakery.uz/payment/paycom?id=51
65706d12426e85bd8dd8459f,Safia,"ООО «""MADINA-QANDOLAT"" MCHJ»",generic,https://panel.safiabakery.uz/payment/paycom?id=44
65718a1fcd5b3ae6485411fa,Safia,"ООО «""MADINA-QANDOLAT"" MCHJ»",generic,https://panel.safiabakery.uz/payment/paycom?id=41
65718a49cd5b3ae648541200,Safia,"ООО «""MADINA-QANDOLAT"" MCHJ»",generic,https://panel.safiabakery.uz/payment/paycom?id=2
65718a9ccd5b3ae648541208,Safia,"ООО «""MADINA-QANDOLAT"" MCHJ»",generic,https://panel.safiabakery.uz/payment/paycom?id=163
6571a21ccd5b3ae64854156c,Safia,"ООО «""MADINA-QANDOLAT"" MCHJ»",generic,https://panel.safiabakery.uz/payment/paycom?id=164
6571a26fcd5b3ae648541581,Safia,"ООО «""MADINA-QANDOLAT"" MCHJ»",generic,https://panel.safiabakery.uz/payment/paycom?id=151
6571ad4ebdb9babf73cfa64f,baursak,"ООО «""FOODMASTERS"" MCHJ»",generic,https://api.lacafe.uz/api/payments/v1/payme
6576c0641fbd780a6708f819,IMPACTT COWORKING,"ООО «""IMPACTT""»",generic,https://api.madadio.uz/v1/pay/payme
6576e25e43057b5376de6df9,Avto Lux Taxi,"ООО «""AN-ZO GROUP"" MCHJ»",generic,https://poohategrufi.beget.app/fleet/paycom/
6576e7d01fbd780a6708fdf7,BI GROUP,"ИП ООО «""ADD-ESTATES"" MCHJ XK»",generic,https://pay.bi-group.org/api/v1/jsonrpc/PayMeExternal/PayMeExternal
657710926789a5d965432683,Max Way,"ООО «""MAXWAY FOOD"" MCHJ»",generic,https://payment.api.delever.uz/payme
657714d2581cb23f75ef0207,Max Way,"ООО «""MAXWAY FOOD"" MCHJ»",generic,https://payment.api.delever.uz/payme
6577159844d39e2572d76d98,Max Way,"ООО «""MAXWAY FOOD"" MCHJ»",generic,https://payment.api.delever.uz/payme
65771631581cb23f75ef022f,Max Way,"ООО «""MAXWAY FOOD"" MCHJ»",generic,https://payment.api.delever.uz/payme
657718b26789a5d9654327b9,Max Way,"ООО «""MAXWAY FOOD"" MCHJ»",generic,https://payment.api.delever.uz/payme
6577203a581cb23f75ef034a,Max Way,"ООО «""MAXWAY FOOD"" MCHJ»",generic,https://payment.api.delever.uz/payme
6577210644d39e2572d76ed8,Max Way,"ООО «""MAXWAY FOOD"" MCHJ»",generic,https://payment.api.delever.uz/payme
657721c943057b5376de76f2,Max Way,"ООО «""MAXWAY FOOD"" MCHJ»",generic,https://payment.api.delever.uz/payme
65772238e75f9e9e6800d86a,Max Way,"ООО «""MAXWAY FOOD"" MCHJ»",generic,https://payment.api.delever.uz/payme
65796a971fbd780a670935e5,NoMakler,"ООО «""NOMAKLER"" MCHJ»",generic,https://api.nomakler.uz/api/payments/payme/handle
65798c0d1fbd780a67093e2e,NUR TAXI,"ООО «""XON AVTO TRANS 700"" MCHJ»",generic,https://yengiltaxi.uz/nurtaxi/payme/
657996e71fbd780a670940b7,BABY HOUSE,ЧП «MADJIDOV DAVRON»,generic,https://babyhouse.uz/?wc-api=wc_payme
65799c731fbd780a6709431c,KAFIYEV GEORGIY ARMENOVICH,ЧП «KAFIYEV GEORGIY»,generic,https://ciello.uz/?wc-api=wc_payme
657adec71fbd780a670963f0,BABYLON,"ООО «ООО ""BABYLON DISTRO""»",arca,https://api-qr.uzcard.uz
657be9ff5c8188fb6e8fe414,Sahovatli Insonlar,"ННО «""SAXOVAT QO`QON"" JXF»",generic,https://api.saxovat.uz/v1/paycom
657c23885c8188fb6e8febdb,APEX PIZZA,"ООО «""INDEX APEX PIZZA"" XK»",arca,https://api-qr.uzcard.uz
657fefd5581cb23f75efb193,RS imzo,"ООО «""REALSOFT"" MCHJ»",generic,https://stage.rs-imzo.uz/payment/payme
658011fe5c8188fb6e902cd8,Safia,"ООО «""MADINA-QANDOLAT"" MCHJ»",generic,https://panel.safiabakery.uz/payment/paycom?id=157
658018cc5c8188fb6e902dec,Safia,"ООО «""MADINA-QANDOLAT"" MCHJ»",generic,https://panel.safiabakery.uz/payment/paycom?id=144
6580358a5c8188fb6e90338c,OILAM VOLIDAM,"СП «""OILAM VOLIDAM"" OK»",generic,https://payment.api.delever.uz/payme
658037705c8188fb6e9033e7,Les Ailes / Chopar,"ООО «""PERSPECTIVE-FERGHANA"" MCHJ»",generic,https://bot.choparpizza.uz/payment/paycom?id=7
658037a95c8188fb6e9033f2,Les Ailes / Chopar,"ООО «""PERSPECTIVE-FERGHANA"" MCHJ»",generic,https://bot.lesailes.uz/payment/paycom?id=3
65803b325c8188fb6e90346d,ГАСТРОНОМ ,ООО «MCHJ TURSUNXO`JA XIDOYAT»,arca,https://api-qr.uzcard.uz
65804e555c8188fb6e903704,ГАСТРОНОМ ,ООО «MCHJ TURSUNXO`JA XIDOYAT»,arca,https://api-qr.uzcard.uz
658130195c8188fb6e9043a0,Safia,"ООО «""MADINA-QANDOLAT"" MCHJ»",generic,https://panel.safiabakery.uz/payment/paycom?id=165
65815d9a5c8188fb6e904a58,TBC Bank ,"АО «""TBC BANK"" ATB»",tbc-loan-v2,https://gateway.tbcbank.uz/payme/
65828aad5c8188fb6e906221,Hamroh mikromoliya tashkiloti,"ООО «""HAMROH MIKROMOLIYA TASHKILOTI"" MCHJ»",generic,https://mfo47.flexpul.uz/public/payme/payments
6582ad83581cb23f75eff03d,24seven,"ООО «""ZEST CONTENT"" MCHJ»",generic,https://api.24seven.uz/v2/payment/payme-endpoint
6582af115c8188fb6e9066ee,CREMONA,"СП «СП ""CREMONA CAKES""»",generic,https://payment.api.delever.uz/payme
6582c45043057b5376df6559,Strada Pizza,"ООО «""SAMARKAND PIZZA"" MChJ»",generic,https://pizzastrada.uz/api/callback/payme
6582e5e05c8188fb6e906f76,"""PRIMEPIZZA OLMAZOR"" MCHJ","ООО «""PRIMEPIZZA OLMAZOR"" MCHJ»",generic,https://api.apexpizza.uz/api/payment/transactions/
6582e61c5c8188fb6e906f80,APEXPIZZA,"ООО «""PIZZANEXT"" MCHJ»",generic,https://api.apexpizza.uz/api/payment/transactions/
6582e6525c8188fb6e906f8d,APEXPIZZA,"ООО «""SAM APEX PIZZA"" MCHJ»",generic,https://api.apexpizza.uz/api/payment/transactions/
6582e69b5c8188fb6e906fa1,APEXPIZZA,"ООО «""NIZOMIDDIN HALOL TRADE"" MCHJ»",generic,https://api.apexpizza.uz/api/payment/transactions/
6582e6de5c8188fb6e906fac,APEX PIZZA,"ООО «""INDEX APEX PIZZA"" XK»",generic,https://api.apexpizza.uz/api/payment/transactions/
6582eeba581cb23f75effa5b,XONPLAY,"ООО «""XONPLAY"" MCHJ»",generic,https://payments.xonplay.tv/system/payme
6583eab75c8188fb6e907e80,SATELLITE TV,"ООО «ООО ""SATELLITE TV""»",generic,https://satellite.g-tell.uz/api/fin/payme/satellite/pay/
658404fa5c8188fb6e908145,Safia,"ООО «""MADINA-QANDOLAT"" MCHJ»",generic,https://panel.safiabakery.uz/payment/paycom?id=166
658431905c8188fb6e90885c,ГАСТРОНОМ ,ООО «MCHJ TURSUNXO`JA XIDOYAT»,arca,https://api-qr.uzcard.uz
6585718d5c8188fb6e909fbc,"ИП ""IVANOVA MARIYA MIXAYLOVNA""",ЧП «IVANOVA MARIYA»,arca,https://api-qr.uzcard.uz
658593ea5c8188fb6e90a4e5,SOKOLOV,"ООО «""FIRST JEWELRY"" MCHJ»",arca,https://api-qr.uzcard.uz
658596b25c8188fb6e90a542,TO‘RAYEV MA’MURBEK ULMAS O‘G‘LI,ЧП «TO‘RAYEV MA’MURBEK»,generic,https://paycom.metalcards.uz/
65892c1b5c8188fb6e90dbd8,Safia,"ООО «""MADINA-QANDOLAT"" MCHJ»",generic,https://panel.safiabakery.uz/payment/paycom?id=167
6589567c5c8188fb6e90e475,EKO-IKSI MCHJ,"ООО «""EKO-IKSI"" MCHJ»",generic,https://zordoc.uz/external/payment
6589656f5c8188fb6e90e859,MEXRLI INSONLAR,"ООО «""MEXRLI INSONLAR"" MCHJ»",generic,https://mexrli.complex-solutions.uz/api/v1/paycom
658a71825c8188fb6e90fdb4,Safia,"ООО «""MADINA-QANDOLAT"" MCHJ»",generic,https://panel.safiabakery.uz/payment/paycom?id=168
658a9c9943057b5376dffd2b,MAY TAXI,"ООО «""EVRO KOMFORT"" XK»",generic,https://213.230.97.232:4433/tm/paycom/
658aa6375c8188fb6e9105a0,"""NAMUNA-DIYOR"" XK","ООО «""NAMUNA-DIYOR"" XK»",arca,https://api-qr.uzcard.uz
658bf8a86789a5d96544ccc9,Finq,"ООО «""FINQ""»",generic,https://integrations.finq.uz/payme
658c247f5c8188fb6e912a0e,auto.uz,ООО «MALUMOTNOMA»,generic,https://panel.auto.uz/api/v1/payment/payme-call-back/
658e65c65c8188fb6e91547f,BENI-MOTORS,"ООО «""BENI-MOTORS"" MCHJ»",arca,https://api-qr.uzcard.uz
658ea2865c8188fb6e915fb1,SAKHIBOV RAMIZ,ЧП «SAKHIBOV RAMIZ»,generic,https://api.fitbody.uz/payme
6594fda75c8188fb6e91a804,MCHJ VARIANT RETAIL FINANCE,ООО «MCHJ VARIANT RETAIL FINANCE»,generic,https://admin.variant.uz/api/merchant
65952bb65c8188fb6e91b024,al-bukhari,"НОУ «""AL BUXORIY AVLODLARI"" NTM»",generic,https://portal.al-bukhari.uz/api/gateways/webhook/payme/
65961bc6e75f9e9e68031bd2,RadioMer,ООО «RADIO DEVICES»,generic,http://213.230.91.140:9030/api/payment/payme/v1
6596482d5c8188fb6e91c756,TAXI OK,"ООО «""TAXI 01"" MCHJ»",generic,https://taxiok.tm.taxi:4433/_billing/paycom/
65968ef36789a5d9654578fa,EPOLIS GROUP,"ООО «""EPOLIS GROUP"" MCHJ»",generic,https://epolisplus.uz/payment/payme
6597df0e210f0f6e9b9eb9cc,ARIGEL GROUP MCHJ,ARIGEL GROUP MCHJ,arca,https://api-qr.uzcard.uz
6597e41f210f0f6e9b9eba04,PURO GELATO MCHJ,PURO GELATO MCHJ,arca,https://api-qr.uzcard.uz
6597e41f210f0f6e9b9eb9e8,OLOV FAMILY-FOODS OK,OLOV FAMILY-FOODS OK,arca,https://api-qr.uzcard.uz
6597e41f210f0f6e9b9eba15,ART DECO CLASS MCHJ,ART DECO CLASS MCHJ,arca,https://api-qr.uzcard.uz
6597e41f210f0f6e9b9eba2a,SMART CLEAN PRO MCHJ,SMART CLEAN PRO MCHJ,arca,https://api-qr.uzcard.uz
6597e498210f0f6e9b9ebb70,RADIOTEX-SERVIS MCHJ,RADIOTEX-SERVIS MCHJ,arca,https://api-qr.uzcard.uz
6597e498210f0f6e9b9ebbb6,IMPOWER TRADING MCHJ,IMPOWER TRADING MCHJ,arca,https://api-qr.uzcard.uz
6597e498210f0f6e9b9ebbac,MMM MUNISA TAOM MCHJ,MMM MUNISA TAOM MCHJ,arca,https://api-qr.uzcard.uz
6597e6b5210f0f6e9b9ebc58,XUMO VET PULS MCHJ,XUMO VET PULS MCHJ,arca,https://api-qr.uzcard.uz
6597e6b5210f0f6e9b9ebc61,EPA TOOLS GROUP MCHJ,EPA TOOLS GROUP MCHJ,arca,https://api-qr.uzcard.uz
6597e6b5210f0f6e9b9ebc62,EPA TOOLS GROUP MCHJ,EPA TOOLS GROUP MCHJ,arca,https://api-qr.uzcard.uz
6597e6b5210f0f6e9b9ebc59,XUMO VET PULS MCHJ,XUMO VET PULS MCHJ,arca,https://api-qr.uzcard.uz
6597e6b5210f0f6e9b9ebc5b,XUMO VET PULS MCHJ,XUMO VET PULS MCHJ,arca,https://api-qr.uzcard.uz
6597e6b5210f0f6e9b9ebc64,EPA TOOLS GROUP MCHJ,EPA TOOLS GROUP MCHJ,arca,https://api-qr.uzcard.uz
6597e6b5210f0f6e9b9ebc5a,XUMO VET PULS MCHJ,XUMO VET PULS MCHJ,arca,https://api-qr.uzcard.uz
6597e6b5210f0f6e9b9ebc57,XUMO VET PULS MCHJ,XUMO VET PULS MCHJ,arca,https://api-qr.uzcard.uz
6597e6b5210f0f6e9b9ebc63,EPA TOOLS GROUP MCHJ,EPA TOOLS GROUP MCHJ,arca,https://api-qr.uzcard.uz
6597e6b5210f0f6e9b9ebd72,RUBLYOVKA CITY MCHJ,RUBLYOVKA CITY MCHJ,arca,https://api-qr.uzcard.uz
6597e773210f0f6e9b9ebe86,ЧП KELAJAK-OMAD-BIZNES,ЧП KELAJAK-OMAD-BIZNES,arca,https://api-qr.uzcard.uz
6597e773210f0f6e9b9ebe9f,BURSA FAMILY RESTORAN MCHJ,BURSA FAMILY RESTORAN MCHJ,arca,https://api-qr.uzcard.uz
6597e773210f0f6e9b9ebeb7,PRO-OBUV GROUP MCHJ,PRO-OBUV GROUP MCHJ,arca,https://api-qr.uzcard.uz
6597e773210f0f6e9b9ebea0,KHIVA PARFUM CITY MCHJ,KHIVA PARFUM CITY MCHJ,arca,https://api-qr.uzcard.uz
6597e883210f0f6e9b9ec026,BERKUT PLYUS,BERKUT PLYUS,arca,https://api-qr.uzcard.uz
6597e92b210f0f6e9b9ec0e5,WALL STREET ACADEMY,ООО «WALL STREET ACADEMY»,arca,https://api-qr.uzcard.uz
6597e92b210f0f6e9b9ec13d,NIZAM MEAT,NIZAM MEAT,arca,https://api-qr.uzcard.uz
6597e92b210f0f6e9b9ec144,ATELTEKS,ATELTEKS,arca,https://api-qr.uzcard.uz
6597f0896789a5d9654594a2,CARDIN UCHQUDUQ,"ООО «""TAXI CARDIN"" MCHJ»",generic,https://87.192.228.103:4433/billing/paycomnew/
6597f13de75f9e9e68034451,CARDIN XATIRCHI,"ООО «""CARDINGO"" XK»",generic,https://87.192.228.103:4433/billing/paycomnew/
65980b345c8188fb6e91f06e,VISION ACADEMY,"НОУ «""VISION ACADEMY"" NTM»",generic,https://pay1.firstcoders.site/uzschool-payments/payme/
659b92695c8188fb6e922701,Safia,"ООО «""MADINA-QANDOLAT"" MCHJ»",generic,https://panel.safiabakery.uz/payment/paycom?id=169
659b9f275c8188fb6e9229a9,"""MALL HOUSE ELITE"" XK","ООО «""MALL HOUSE ELITE"" XK»",arca,https://api-qr.uzcard.uz
659ce04c5c8188fb6e924495,Safia,"ООО «""MADINA-QANDOLAT"" MCHJ»",generic,https://panel.safiabakery.uz/payment/paycom?id=170
659d410a5c8188fb6e925402,MAITRE BUSINESS,"СП «""MAITRE BUSINESS"" OK»",generic,https://psapi.megagroup.ru/accounts/27827/notify
659e40055c8188fb6e9262c3,RETAIL FOOD TRADE,"ООО «""RETAIL FOOD TRADE"" MCHJ»",arca,https://api-qr.uzcard.uz
659e7b055c8188fb6e926bb0,Prep.uz,"ООО «""MENTO EDTECH"" MCHJ»",generic,https://prep.uz/uz/payment/paycomvalidate
659e95b444d39e2572da6347,"""KAMOL RIVOJ NUR"" MCHJ","ООО «""KAMOL RIVOJ NUR"" MCHJ»",generic,https://kamolon.zoomda.uz/backend/payme/
659e9792e75f9e9e6803c60a,"""LABZAK RIVOJ BIZNES"" MCHJ","ООО «""LABZAK RIVOJ BIZNES"" MCHJ»",generic,https://kamolon.zoomda.uz/backend/payme/
659f7f2f581cb23f75f1fd6a,Kid Point,ЧП «MUXTAROVA ZULFIYA»,generic,https://app.ox-sys.com/payments/kidpoint/paycom
659f97b05c8188fb6e927e3e,TULPAR TAXI,"ООО «""TULPAR XXX"" MCHJ»",generic,http://94.230.232.29:3005/api/payments/paycom
659fafce5c8188fb6e92812c,SHOKIROV SUNNATILLA MAXMUDJON O'GLI,ЧП «SHOKIROV SUNNATILLA»,generic,https://milliydtaxicash.go2pay.uz/api/billing/payme
659fb06d5c8188fb6e92815a,KANBAROVA MADINA ABDUSAMAT QIZI ,ЧП «KAMBAROVA MADINA»,generic,https://dodacorpd.go2pay.uz/api/billing/payme
659fb1cc5c8188fb6e92818f,ГАСТРОНОМ ,ООО «MCHJ TURSUNXO`JA XIDOYAT»,arca,https://api-qr.uzcard.uz
659fb2025c8188fb6e928197,ГАСТРОНОМ ,ООО «MCHJ TURSUNXO`JA XIDOYAT»,arca,https://api-qr.uzcard.uz
659fdc905c8188fb6e928830,OYDIN-ODINA-ISHONCH,"СП «""OYDIN-ODINA-ISHONCH"" OK»",arca,https://api-qr.uzcard.uz
65a11429b5de32ae3f2d32a5,HOVLEE.UZ,"ООО «""OPEN LOGIC STRATEGY"" MCHJ»",generic,https://hovlee.uz/api/payme/webhook
65a11595c9a68d35404e46ca,"""ALBATROS-AVTO-TRANS""",ООО «MCHJ ALBATROS-AVTO-TRANS»,arca,https://api-qr.uzcard.uz
65a11bf2c9a68d35404e49b2,Luxe Taxi 2023,"ООО «""YURKONSALTINGSERVIS"" MCHJ»",generic,https://katopamip.beget.app/fleet/paycom/
65a4d3b3c9a68d35404e9748,TAHRIRCHI.UZ,"ООО «""TAHRIRCHI"" MCHJ»",generic,https://payme.tahrirchi.uz/
65a4f524c9a68d35404e9d76,GIJDUVON PREMIUM CHILONZOR,"ООО «""MILLIY PREMIUM"" MCHJ»",generic,https://payment.api.delever.uz/payme
65a4f8e7c9a68d35404e9e06,BLB.uz,ЧП «BELOUSOVA SEVARA ANVAROVNA»,generic,https://blb.uz/index.php?route=extension/payment/kit_payme&f=Callback
65a5c30d463ef8950c79eee8,Arendacha,"ООО «""JMR XIZMATI"" MCHJ»",generic,https://arendacha.investup.uz/v1/payme
65a65238b21f178707caf9ca,TIME BAR,"ООО «""TIME BAR"" MCHJ»",arca,https://api-qr.uzcard.uz
65a77fee075071280efdd9e7,VIRTUAL SOLUTIONS,"ООО «""VIRTUAL SOLUTIONS"" MCHJ»",generic,https://api.admin.u-code.io/x-api/i/payme-methods?x-api-key=P-MLu5nUkI5FIl2VQ91sV0MeawEMgSdSld
65a7aa60075071280efde022,Uzmovi,"ООО «""MOVI TV"" MCHJ»",generic,https://uzmovi.net/hooks/payme
65a7ac3a727f520807e927f7,Hamroh Taxi ,"ООО «""ALLONE DRIVER"" XK»",generic,https://aliftaxi.uz/admin/pay-ment/payme-end-point
65a7cb1b44b50c0d6c2ddbc0,Пеликан,"ООО «""SNEKKER"" MCHJ»",arca,https://api-qr.uzcard.uz
65a7cb4d44b50c0d6c2ddbc7,Пеликан,"ООО «""SNEKKER"" MCHJ»",arca,https://api-qr.uzcard.uz
65a7cb6844b50c0d6c2ddbca,Пеликан,"ООО «""SNEKKER"" MCHJ»",arca,https://api-qr.uzcard.uz
65a7cb8244b50c0d6c2ddbce,Пеликан,"ООО «""SNEKKER"" MCHJ»",arca,https://api-qr.uzcard.uz
65a7d00f44b50c0d6c2ddca6,Пеликан,"ООО «""BEER BERRY"" MCHJ»",arca,https://api-qr.uzcard.uz
65a7d03444b50c0d6c2ddcaa,Пеликан,"ООО «""BEER BERRY"" MCHJ»",arca,https://api-qr.uzcard.uz
65a7d0e144b50c0d6c2ddcc8,ПЕЛИКАН,"ООО «""ZITHOS"" MCHJ»",arca,https://api-qr.uzcard.uz
65a7d0f944b50c0d6c2ddcce,ПЕЛИКАН,"ООО «""ZITHOS"" MCHJ»",arca,https://api-qr.uzcard.uz
65a8c3d444b50c0d6c2de9fc,BOSS BABY TOYS,ЧП «ASAMOVA AZIZAXON»,arca,https://api-qr.uzcard.uz
65aa0bc944b50c0d6c2e02e0,Safia,"ООО «""MADINA-QANDOLAT"" MCHJ»",generic,https://panel.safiabakery.uz/payment/paycom?id=171
65aa646344b50c0d6c2e0fc1,"A.AVLONIY NOMIDAGI PEDAGOGIK MAHORAT MILLIY INSTITUTI"" DM","ГУП «A.AVLONIY NOMIDAGI PEDAGOGLARNI KASBIY RIVOJLANTIRISH VA YANGI METODIKALARGA O`RGATISH MIL"" DM»",generic,https://api-manager.uzedu.uz/api/v2/checkPayme
65ae63682a93e9a5efb8d9c7,Donerci,"ООО «""DONERCI HAMDI USTA"" MCHJ»",generic,https://dhu.medias.uz/payment-providers/payme/
65af57613c319dec9d887630,""" STARMIX"" MCH J","ООО «"" STARMIX"" MCH J»",arca,https://api-qr.uzcard.uz
65af577b3c319dec9d887633,""" STARMIX"" MCH J","ООО «"" STARMIX"" MCH J»",arca,https://api-qr.uzcard.uz
65af716ede9e0abfa2a45778,Soff.uz,"ООО «""SOFF-STUDY"" MCHJ»",generic,https://api.soff.uz/api/v1/seller/payme/
65afb0953c319dec9d8884c0,ЖИВАЯ ВОДА - АЛМАЛЫК,"СП «""H-2-O"" OK»",alivewater,https://mobile.api.alivewater.online
65afb0a93c319dec9d8884c3,Буюк ипак 52,"СП «""H-2-O"" OK»",alivewater,https://mobile.api.alivewater.online
65afb0c33c319dec9d8884cb,ЖИВАЯ ВОДА - АЛМАЛЫК,"СП «""H-2-O"" OK»",alivewater,https://mobile.api.alivewater.online
65afb0d53c319dec9d8884cf,ЖИВАЯ ВОДА - АЛМАЛЫК,"СП «""H-2-O"" OK»",alivewater,https://mobile.api.alivewater.online
65afb0e93c319dec9d8884d5,ЖИВАЯ ВОДА - АЛМАЛЫК,"СП «""H-2-O"" OK»",alivewater,https://mobile.api.alivewater.online
65afb1133c319dec9d8884de,ЖИВАЯ ВОДА - АЛМАЛЫК,"СП «""H-2-O"" OK»",alivewater,https://mobile.api.alivewater.online
65afb1253c319dec9d8884e0,ЖИВАЯ ВОДА - АЛМАЛЫК,"СП «""H-2-O"" OK»",alivewater,https://mobile.api.alivewater.online
65afb1343c319dec9d8884e2,ЖИВАЯ ВОДА - АЛМАЛЫК,"СП «""H-2-O"" OK»",alivewater,https://mobile.api.alivewater.online
65afb1453c319dec9d8884e5,ЖИВАЯ ВОДА - АЛМАЛЫК,"СП «""H-2-O"" OK»",alivewater,https://mobile.api.alivewater.online
65afb1523c319dec9d8884e7,ЖИВАЯ ВОДА - АЛМАЛЫК,"СП «""H-2-O"" OK»",alivewater,https://mobile.api.alivewater.online
65afb1603c319dec9d8884e9,ЖИВАЯ ВОДА - АЛМАЛЫК,"СП «""H-2-O"" OK»",alivewater,https://mobile.api.alivewater.online
65afb16f3c319dec9d8884eb,ЖИВАЯ ВОДА - АЛМАЛЫК,"СП «""H-2-O"" OK»",alivewater,https://mobile.api.alivewater.online
65afb1813c319dec9d8884ee,ЖИВАЯ ВОДА - АЛМАЛЫК,"СП «""H-2-O"" OK»",alivewater,https://mobile.api.alivewater.online
65afb1953c319dec9d8884f1,ЖИВАЯ ВОДА - АЛМАЛЫК,"СП «""H-2-O"" OK»",alivewater,https://mobile.api.alivewater.online
65afb1a63c319dec9d8884f3,ЖИВАЯ ВОДА - АЛМАЛЫК,"СП «""H-2-O"" OK»",alivewater,https://mobile.api.alivewater.online
65afb1bf3c319dec9d8884f9,ЖИВАЯ ВОДА - АЛМАЛЫК,"СП «""H-2-O"" OK»",alivewater,https://mobile.api.alivewater.online
65b0d0963c319dec9d88970b,IT Ta'lim Uyushmasi,ННО «IT TA`LIM UYUSHMASI»,generic,https://admin.it-ea.uz/api/pay-me
65b20f773c319dec9d88b044,ROHAT Hotels & Resorts,ООО «ROHAT MG MCHJ»,arca,https://api-qr.uzcard.uz
65b20f8a3c319dec9d88b046,ROHAT Hotels & Resorts,ООО «ROHAT MG MCHJ»,arca,https://api-qr.uzcard.uz
65b22fedf4193eeca0abcc86,LOGITECH | Official Store,ООО «BEK AND SONS INVESTMENT»,generic,https://api.logitech.uz/api/v1/payments/payme/
65b237d5b919545173bf426f,LOANS TBC AUTOCOLLECTION,АКБ «TBC BANK»,tbc-autocollection,https://gateway.tbcbank.uz/autocollection/payme
65b277fda10775d0a7fdb19b,DA DATA,"ООО «""DA DATA"" MCHJ»",generic,https://payme.dadata.io/
65b7471d3c319dec9d89155b,BIR ZUMDA-TAOM,"ООО «""BIR ZUMDA-TAOM"" MCHJ»",arca,https://api-qr.uzcard.uz
65b7484b3c319dec9d8915a0,Safia,"ООО «""MADINA-QANDOLAT"" MCHJ»",generic,https://panel.safiabakery.uz/payment/paycom?id=11
65b74af33c319dec9d89163d,Safia,"ООО «""MADINA-QANDOLAT"" MCHJ»",generic,https://panel.safiabakery.uz/payment/paycom?id=32
65b74cf23c319dec9d8916a7,Safia,"ООО «""MADINA-QANDOLAT"" MCHJ»",generic,https://api.safia-web.safiabakery.uz/api/v1/payme/614eb507-0f23-4cfa-a3e9-b7d751ac46ee/pay
65b769e63c319dec9d891aaf,Zig’ir osh Payshanba (Sergeli),ООО «MCHJ ZIG`IR OSHGA MARXAMAT»,generic,https://payment.api.delever.uz/payme
65b76cc13c319dec9d891b17,Safia,"ООО «""MADINA-QANDOLAT"" MCHJ»",generic,https://panel.safiabakery.uz/payment/paycom?id=4
65b774d33c319dec9d891c89,Safia,"ООО «""MADINA-QANDOLAT"" MCHJ»",generic,https://panel.safiabakery.uz/payment/paycom?id=25
65b778683c319dec9d891d57,Safia,"ООО «""MADINA-QANDOLAT"" MCHJ»",generic,https://panel.safiabakery.uz/payment/paycom?id=23
65b77bd33c319dec9d891e08,Safia,"ООО «""MADINA-QANDOLAT"" MCHJ»",generic,https://panel.safiabakery.uz/payment/paycom?id=37
65b77e353c319dec9d891e71,Safia,"ООО «""MADINA-QANDOLAT"" MCHJ»",generic,https://panel.safiabakery.uz/payment/paycom?id=16
65b77f543c319dec9d891eb6,Safia,"ООО «""MADINA-QANDOLAT"" MCHJ»",generic,https://panel.safiabakery.uz/payment/paycom?id=8
65b784033c319dec9d891f65,Unit Travel,"ООО «""OPEN TRAVEL MARKET"" MCHJ»",generic,https://securebooking.unit.travel/payments/payme
65b786113c319dec9d891fc1,Safia,"ООО «""MADINA-QANDOLAT"" MCHJ»",generic,https://panel.safiabakery.uz/payment/paycom?id=17
65b7874a3c319dec9d892007,Safia,"ООО «""MADINA-QANDOLAT"" MCHJ»",generic,https://panel.safiabakery.uz/payment/paycom?id=43
65b7aa733c319dec9d8925ca,APEXPIZZA,"ООО «""FARXODPIZZA"" MCHJ»",generic,https://api.apexpizza.uz/api/payment/transactions/
65b8c2963c319dec9d893760,XUMO VET PULS,"ООО «""XUMO VET PULS"" MCHJ»",arca,https://api-qr.uzcard.uz
65b8c4f33c319dec9d8937a7,XUMO VET PULS,"ООО «""XUMO VET PULS"" MCHJ»",arca,https://api-qr.uzcard.uz
65b8c5013c319dec9d8937a9,XUMO VET PULS,"ООО «""XUMO VET PULS"" MCHJ»",arca,https://api-qr.uzcard.uz
65b900453c319dec9d894023,Safia,"ООО «""MADINA-QANDOLAT"" MCHJ»",generic,https://panel.safiabakery.uz/payment/paycom?id=159
65b9e6423c319dec9d895324,Safia,"ООО «""MADINA-QANDOLAT"" MCHJ»",generic,https://panel.safiabakery.uz/payment/paycom?id=20
65b9e6a93c319dec9d895345,Safia,"ООО «""MADINA-QANDOLAT"" MCHJ»",generic,https://panel.safiabakery.uz/payment/paycom?id=19
65b9ea903c319dec9d8953e9,Safia,"ООО «""MADINA-QANDOLAT"" MCHJ»",generic,https://api.safia-web.safiabakery.uz/api/v1/payme/71c0a5ce-20b7-422e-8c50-986cc4d7504e/pay
65b9f7553c319dec9d895626,Safia,"ООО «""MADINA-QANDOLAT"" MCHJ»",generic,https://panel.safiabakery.uz/payment/paycom?id=14
65ba08e3de9e0abfa2a533c7,BELLISSIMO PIZZA Oybek I/O,ООО «BELLISSIMO PIZZA INTERNATIONAL»,generic,https://pay.bpnet.uz/api/payment/payme
65ba2f3b3c319dec9d89637c,Mehrli Quduq,ННО «IMKON.CHEK.YOSH.VA.BOLA.MARKAZ»,generic,https://quduq.mehrli.uz/v1/paycom
65bb34d53c319dec9d897557,"""SIFAT- SAVDO MARKAZ"" MCHJ","ООО «""SIFAT- SAVDO MARKAZ"" MCHJ»",arca,https://api-qr.uzcard.uz
65bb37a13c319dec9d8975b2,TARNOV BOSHI,"ООО «""MARVELOUS FOOD"" MCHJ»",generic,https://payment.api.delever.uz/payme
65bb67093c319dec9d897d98,"""TOSHKENT-OPTIKAL"" XK","ООО «""TOSHKENT-OPTIKAL"" XK»",arca,https://api-qr.uzcard.uz
65bb671b3c319dec9d897d9d,"""TOSHKENT-OPTIKAL"" XK","ООО «""TOSHKENT-OPTIKAL"" XK»",arca,https://api-qr.uzcard.uz
65bb84ccde9e0abfa2a558a3,YukTashish,"ООО «""HYDROCARBONS TRADE"" MCHJ»",generic,https://yuktashish.leetcode.uz/paycom/
65bbd381f4193eeca0ac9e32,Gtickets,"ООО «ООО ""STARGATE SYSTEMS""»",generic,https://api.cinematrix.uz/payme
65c072f33c319dec9d89daaf,IPAK YOL,"ООО «""IPAK YOL"" MCHJ»",generic,https://bill.ipak-yol.uz/paysys_check.cgi
65c08e693c319dec9d89dfa7,SAFISTAR MAX TRADING,"ООО «""SAFISTAR MAX TRADING"" MCHJ»",arca,https://api-qr.uzcard.uz
65c0cf5ff4193eeca0acfb83,YANO,"ООО «ООО ""YANOEDU""»",generic,https://yano.uz/api/payment/payme
65c0d455de9e0abfa2a5c0c8,Englify API,"ООО «""ENGLIFY"" MCHJ»",generic,https://api-2ogj3sx5ysnfxyt31qfg7.englify.school/external/v1/payment/payme/hook?api-token=payme-V9wn8zSTLD5yYaADSBBqAPuaeSwwJzzt4rXuqUqhfQB4wa2u
65c1e0863c319dec9d89fecb,FINANCIAL BOON,"ООО «""FINANCIAL BOON"" MCHJ»",generic,https://admin.variant.uz/api/merchant
65c31b19a10775d0a7ff05e4,MASTER-ZAR,"ООО «""MASTER-ZAR"" XK»",generic,https://my.baraka-taxi.uz/admin/pay-ment/payme-end-point
65c31d953c319dec9d8a1a39,PDP Junior,"ООО «""PDP JUNIOR"" MCHJ»",generic,https://api.pdp.uz/api/finance/v1/junior/payme
65c3321a3c319dec9d8a1db6,"""ANVAR AFZAL"" MCHJ","ООО «""ANVAR AFZAL"" MCHJ»",arca,https://api-qr.uzcard.uz
65c353da3c319dec9d8a22b6,Basconi.uz,"ООО «""MYMODA"" MCHJ»",generic,https://basconi.uz/module/paymepaycom/notification
65c3667aa10775d0a7ff118e,Innoist.uz,"ООО «""PARALLAX IT CLUB"" MCHJ»",generic,https://platform.picllc.uz/
65c384d6f4193eeca0ad3aea,CARDIN,"ООО «""CARDIN"" XK»",generic,https://backend.cardinmarket.uz/integrator-api/v1/store-payme/656772c7efe134602e64e80c
65c393fdf4193eeca0ad3cea,CARDIN,"ООО «""CARDIN"" XK»",generic,https://backend.cardintaxi.uz/paysys-api/order/payme
65c46fe13c319dec9d8a37db,ERTAKLAR DUNYOSI,"ООО «""BRANDWISE"" MCHJ»",park,45.9.231.251
65c495ebde9e0abfa2a6121b,PizzaCentr,"ООО «""PIZZA CENTR"" XK»",generic,https://api.pizza-centr.uz/api/payme/
65c49c4af4193eeca0ad4e97,BAXT,"ООО «OOO  ""BAXT""»",generic,https://telegram.baht.uz:8082/?route=extension/kit_payme/payment/kit_payme&f=Callback
65c4b07b22e21dc2a33448bc,yugur.uz,ННО «YENGIL ATLETIKA FEDERATSIYASI»,generic,https://yugurbot.devel.uz/api/marathon/Payment/Payme
65c4cb6a3c319dec9d8a478a,Книжный Мир,"ООО «""AKADEMKITOB"" XK»",generic,https://app.ox-sys.com/payments/kniga/paycom
65c9aaca3c319dec9d8a9a13,VendEX,"СП «ООО ""VERGE TECH""»",generic,https://b.ivend.uz/payme/api/v1/435ln05td7le57qsaqll/rpc
65c9b19af4193eeca0adaa1c,Lagmanchik,"ООО «""ZATUSALOHI"" MCHJ»",generic,https://backend.optochka.com/payments/activate-payme
65c9b83b3c319dec9d8a9cb7,IGRATOUR,"ООО «""IQRATOUR"" MCHJ»",generic,https://api.muslimbooks.uz/transaction/payme
65c9bd313c319dec9d8a9e48,Macmillan,ООО «ZAR DONISH»,generic,https://panel.macmillan.uz/payment/paycom
65c9e231f4193eeca0adb3e3,Sushi Wok Master,"ООО «ООО ""PASHAS""»",generic,https://backend.optochka.com/payments/activate-payme
65c9f7623c319dec9d8aa9d0,CITYNET,"ООО «""CITYNET"" MCHJ»",citynet,https://proxy-citynet/customer_api/callbacks/osmp/payme
65ca091dde9e0abfa2a6807c,JANAPOST,ООО «JANAPOST»,generic,https://janapay.kz/pay/payme/process
65cafb9f22e21dc2a334c22e,TradePOS,ЧП «NISHONOV IZZATILLA»,generic,https://pay.regos.uz/paysystem/callback/f42f8538-a645-44bb-b201-0d0ab0d86831/
65cb3a833c319dec9d8acb5d,TRI KOLODETS,"СП «""TRI KOLODETS"" OK»",arca,https://api-qr.uzcard.uz
65cb4b283c319dec9d8ad177,MARK FORMELLE,"ООО «ООО ""MARK FORMELLE IT""»",arca,https://api-qr.uzcard.uz
65cc57e7a10775d0a7ffce09,CHOCOBADEM,"ООО «""CHOCOBADEM"" MCHJ»",generic,https://chl.zoomda.uz/backend/payme/
65cc6b4ade9e0abfa2a6bb40,budget,"ООО «""BUDGET"" MCHJ»",generic,https://abncoder.uz/paycomuz/transaction/
65cc7b09a10775d0a7ffd4f2,ISHTIXON ZIG'IR OSH,"ООО «""NOMDOR PALOV"" MCHJ»",generic,https://payment.api.delever.uz/payme
65ccb9ab3c319dec9d8afbd7,SHUKUROVS' SMALL,"ООО «""SHUKUROVS' SMALL"" MCHJ»",arca,https://api-qr.uzcard.uz
65cda1aa3c319dec9d8b0b82,MEGA HOUSE TEXNO IT,"ООО «""MEGA HOUSE TEXNO IT"" MCHJ»",generic,https://megataxi-namangan.hivelogin.ru/api/paygate/153/155000202895596
65cdda2a3c319dec9d8b13df,SHAHARSOZLIK HUJJATLARINI EKSPERTIZA QILISH RESPUBLIKA MARKAZI DAVLAT MUASSASASI," «""SHAHARSOZLIK HUJJATLARINI EKSPERTIZA QILISH RESPUBLIKA MARKAZI"" DM»",generic,https://api-ekspertiza.mc.uz/api/payme/object-to-pay
65cdfe8c3c319dec9d8b1a70,SILVER WATER DISPENSER,ООО «SILVER WATER DISPENSER»,generic,https://go.slvr.uz/backend/payme/pay
65cf2d31de9e0abfa2a700d2,FikrLab,ООО «Activemedia Solutions»,generic,https://api.oliygoh.uz/v1/paycom
65cf560c3c319dec9d8b3cde,Eco Optical,"ООО «""ECO OPTICAL"" MCHJ»",arca,https://api-qr.uzcard.uz
65cf5cf53c319dec9d8b3e19,QOBILOVA DILAFRUZ KOMILJON QIZI,ЧП «QOBILOVA DILAFRUZ»,generic,https://afrosiyobpulbot.go2pay.uz/api/billing/payme
65cf5d103c319dec9d8b3e1e,QOBILOVA DILAFRUZ KOMILJON QIZI,ЧП «QOBILOVA DILAFRUZ»,generic,https://driver.go2pay.uz/api/billing/payme
65d20babde9e0abfa2a73571,Business Trade JSH,"ООО «""BUSSINES TRADE JSH"" MCHJ»",generic,https://pay.barakadev.uz/payme
65d2ef123c319dec9d8b72a1,Pulni Boshqarish Ilmi,ООО «EDUON PLATFORM»,generic,https://planner.technest.uz/payment/payme/endpoint/
65d2eff93c319dec9d8b72c5,Testo by Zamira,"ООО «""CHUCHVARA ZAMIRA"" MCHJ»",generic,https://panel.testo.uz/payment/paycom
65d321243c319dec9d8b7d45,NEO Insurance,"АО «""NEO INSURANCE CORP"" AJ»",generic,https://api.neoinsurance.uz/payme/filial
65d32b013c319dec9d8b7ed2,LA LAVANDE,"СП «СП ""LA LAVANDE""»",generic,https://psapi.megagroup.ru/accounts/94438/notify
65d33bb83c319dec9d8b81d4,XOLODILNIK,"ООО «""XOLODILNIK"" MCHJ»",generic,https://web.xolodilnikgo.uz/payment/payme/
65d33ec73c319dec9d8b825a,Safia,"ООО «""MADINA-QANDOLAT"" MCHJ»",generic,https://panel.safiabakery.uz/payment/paycom?id=3149
65d3473c3c319dec9d8b8419,Safia,"ООО «""MADINA-QANDOLAT"" MCHJ»",generic,https://panel.safiabakery.uz/payment/paycom?id=172
65d347f93c319dec9d8b8433,Safia,"ООО «""MADINA-QANDOLAT"" MCHJ»",generic,https://panel.safiabakery.uz/payment/paycom?id=173
65d34874a10775d0a70068e5,Max Way,"ООО «""MAXWAY FOOD"" MCHJ»",generic,https://payment.api.delever.uz/payme
65d5cbd6a10775d0a7009b07,Yong'oq.uz,ЧП «OTAYOROV SARVAR»,generic,http://old.ytest.uz/api/payme
65d5e3d33c319dec9d8bbb37,MASTEROF TOOLS,"«""MASTEROF TOOLS"" MCHJ»",arca,https://api-qr.uzcard.uz
65d5e4033c319dec9d8bbb3b,MASTEROF TOOLS,"«""MASTEROF TOOLS"" MCHJ»",arca,https://api-qr.uzcard.uz
65d6fc9cde9e0abfa2a79d9e,NEOLINE,"ООО «""NEOSHOP"" MCHJ»",generic,https://neoline.uz/?wc-api=wc_payme
65d712ae3c319dec9d8bd45e,TIYN ZAYTUN,"ООО «""TIYN ZAYTUN"" MCHJ»",generic,https://attartil.uz/api/v2/payme/complete/
65d7286e3c319dec9d8bd77f,Mentor Edu,"НОУ «""MENTOREDU"" NTM»",generic,https://app.webinar-payment.uz/payme/pay?id=1
65d734ce22e21dc2a335d841,INREPORT,"ООО «""DOTSOFT"" MCHJ»",generic,https://inreport-payment.vercel.app/payme
65d7450cb32ff0de9f55b09e,K Watt Green Energy,"ИП ООО «""KALO HOLDINGS CORPORATION"" MCHJ»",generic,https://app.k-watt.uz/api/v1/payments/payme/
65d833d93c319dec9d8be863,ELPC OLYMPIAD,"ООО «""ELPC OLYMPIAD"" MCHJ»",generic,https://elpc-pay.firstcoders.uz/payments/payme/
65d8716cf4193eeca0aefb1f,SALOM CHADO,"ООО «""SALOM CHADO"" MCHJ»",generic,https://chado.humocrm.uz/handle/payme/d6d31e92-8d97-4b17-8dc1-d23a39d8ca69
65d876c43c319dec9d8bf2b1,Marc Cain,"ООО «""MYMODA"" MCHJ»",generic,https://mymoda.uz/module/paymepaycom/notification
65d877ee3c319dec9d8bf2e2,NEWAVE,"ООО «""NEWAVE"" MCHJ»",generic,https://newave.uz/?wc-api=wc_payme
65dc3bf53c319dec9d8c3485,МойСклад,"ООО «""LOGNEX"" MCHJ»",generic,https://payment-hook.moysklad.ru/payments/payme/merchant
65dc7bd33c319dec9d8c3e7f,Yaproq Donar,"ООО «""COOK LEADER"" MCHJ»",generic,https://yaproq.mediasolutions.uz/api/payme/
65dc88253c319dec9d8c4099,Safia,"ООО «""MADINA-QANDOLAT"" MCHJ»",generic,https://panel.safiabakery.uz/payment/paycom?id=174
65dc8b8fde9e0abfa2a80c73,NEOSHOP,"ООО «""NEOSHOP"" MCHJ»",generic,https://ru.neoline.uz/?wc-api=wc_payme
65dc94e83c319dec9d8c4289,Safia,"ООО «""MADINA-QANDOLAT"" MCHJ»",generic,https://panel.safiabakery.uz/payment/paycom?id=199
65dcbe9cf4193eeca0af4f6c,Tovar Marka,ООО «SOFT-GO»,generic,https://exams.softgo.uz/handle/payme
65dda71d3c319dec9d8c5531,Apex Pizza,"ООО «""PIZZAVATAN"" MCHJ»",generic,https://api.apexpizza.uz/api/payment/transactions/
65ddb4a93c319dec9d8c576c,ISUZU 01 175 QLA,"ООО «""GREEN LINE TRADING"" MCHJ»",arca,https://api-qr.uzcard.uz
65ddb4bc3c319dec9d8c576f,ISUZU 01 806 TAA ,"ООО «""GREEN LINE TRADING"" MCHJ»",arca,https://api-qr.uzcard.uz
65ddb4d23c319dec9d8c5775,ISUZU 01 671 ZGA ,"ООО «""GREEN LINE TRADING"" MCHJ»",arca,https://api-qr.uzcard.uz
65ddb4f63c319dec9d8c577e,LABO 01 472 LHA ,"ООО «""GREEN LINE TRADING"" MCHJ»",arca,https://api-qr.uzcard.uz
65ddb50b3c319dec9d8c5785,ISUZU 01 074 OLA ,"ООО «""GREEN LINE TRADING"" MCHJ»",arca,https://api-qr.uzcard.uz
65ddb5413c319dec9d8c5795,BONGO 01 179 QLA ,"ООО «""GREEN LINE TRADING"" MCHJ»",arca,https://api-qr.uzcard.uz
65ddb55a3c319dec9d8c5799,ISUZU 01 985 ZGA ,"ООО «""GREEN LINE TRADING"" MCHJ»",arca,https://api-qr.uzcard.uz
65ddb5703c319dec9d8c57a0,Наемная автолавка Самарканд ,"ООО «""GREEN LINE TRADING"" MCHJ»",arca,https://api-qr.uzcard.uz
65ddb5883c319dec9d8c57a5,ISUZU 01 024 RLA,"ООО «""GREEN LINE TRADING"" MCHJ»",arca,https://api-qr.uzcard.uz
65ddb5b23c319dec9d8c57b4,BONGO 01 176 QLA,"ООО «""GREEN LINE TRADING"" MCHJ»",arca,https://api-qr.uzcard.uz
65ddb5cf3c319dec9d8c57ba,Магазин Алмалык ,"ООО «""GREEN LINE TRADING"" MCHJ»",arca,https://api-qr.uzcard.uz
65ddb5e23c319dec9d8c57c1,ISUZU 01 280 ZHA,"ООО «""GREEN LINE TRADING"" MCHJ»",arca,https://api-qr.uzcard.uz
65ddb5f43c319dec9d8c57c6,Наёмная 4,"ООО «""GREEN LINE TRADING"" MCHJ»",arca,https://api-qr.uzcard.uz
65ddb6133c319dec9d8c57ce,BONGO 01 184 PLA ,"ООО «""GREEN LINE TRADING"" MCHJ»",arca,https://api-qr.uzcard.uz
65ddb6253c319dec9d8c57d2,ISUZU 01 834 TAA,"ООО «""GREEN LINE TRADING"" MCHJ»",arca,https://api-qr.uzcard.uz
65ddb63d3c319dec9d8c57d6,LABO 01 825 CJA,"ООО «""GREEN LINE TRADING"" MCHJ»",arca,https://api-qr.uzcard.uz
65ddb64f3c319dec9d8c57da,Магазин Бухара,"ООО «""GREEN LINE TRADING"" MCHJ»",arca,https://api-qr.uzcard.uz
65ddb6873c319dec9d8c57e1,Наемная автолавка Чирчик ,"ООО «""GREEN LINE TRADING"" MCHJ»",arca,https://api-qr.uzcard.uz
65ddca5e3c319dec9d8c5adc,Credit Asia,ООО «SIFAT-BIZNES-SAVDO»,generic,https://m1c.creditasia.uz:30443/api/hs/payments/pay
65ddf4e7a10775d0a701432c,Baraka Nasiya,ООО «Infinity-System Mas'uliyati Cheklangan Jamiyat»,generic,https://pay.barakadev.uz/payme
65ddf59122e21dc2a3365d73,Baraka Nasiya,ООО «Goods Trade Mall Mas'uliyati Cheklangan Jamiyat»,generic,https://pay.barakadev.uz/payme
65ddf5eea10775d0a7014342,Baraka Nasiya,ООО «Infinite Trade 2014 Mas'uliyati Cheklangan Jamiyat»,generic,https://pay.barakadev.uz/payme
65df1b843c319dec9d8c76d7,COFFEENATOR,"ООО «""IMPEX PROJECT"" MCHJ»",generic,https://b.ivend.uz/payme/api/v1/ul0nw15rohvppbprayhc/rpc
65df1e0522e21dc2a33674b0,MAGICAL PIZZA Asia I/O,ООО «MCHJ MAGICAL PIZZA»,generic,https://pay.bpnet.uz/api/payment/payme
65df1e4a3c319dec9d8c77da,ASHUROVA MAXZUNA AVAZBEKOVNA,ЧП «ASHUROVA MAXZUNA»,generic,https://mrclub.uz/?wc-api=wc_payme
65e0074cde9e0abfa2a84fbd,Rahmat | единый QR,"ООО «""MULTICARD PAYMENT"" AJ»",generic,https://mesh.multicard.uz/payment/callback/payme
65e0246ca10775d0a7016de7,test,ООО «Smartup»,generic,https://smartup.online/bill/paycom
65e04dee3c319dec9d8c9651,Safia,"ООО «""MADINA-QANDOLAT"" MCHJ»",generic,https://panel.safiabakery.uz/payment/paycom?id=176
65e059acde9e0abfa2a8603f,STARTUP LAB,"ООО «""STARTUP LAB"" MCHJ»",generic,http://5.182.26.114:3000/v1/payme
65e0641d3c319dec9d8c9976,MegaGroup ,"ООО «""MEGA GROUP DESIGN""»",generic,https://psapi.megagroup.ru/accounts/94645/notify
65e1841bf4193eeca0afb668,MiranNet,"ООО «""MIRAN NET  4155"" MCHJ»",generic,https://93.170.102.242/paysys_check.cgi
65e1855722e21dc2a336ab45,Examy,ЧП «SHUXRATOV BEHZOD»,generic,https://api.examy.me/payment/payme/api
65e19b9722e21dc2a336adc3,ASBC ENTITY,"ИП ООО «""ASBC ENTITY"" MCHJ XK»",generic,https://ispace.uz/api/cart/checkout/payment/uz/pay-me/webhook
65e1a6843c319dec9d8cb4d0,IT Ta'lim Uyushmasi,ННО «IT TA`LIM UYUSHMASI»,generic,https://admin.it-ea.uz/api/pay-me
65e2f91cf4193eeca0afd4b0,Kale Gallery,"ООО «""KALE GALLERY"" MCHJ»",generic,https://api.myproje.uz/api/payments/payme
65e37cfe22e21dc2a336d62b,SkillUp,ЧП «INOYATOV XUMOYUN SHUKURILLAYEVICH»,generic,https://api.skillup.uz/payments/payme/callback/
65e559293c319dec9d8cf38d,muallimlar.uz,ЧП «RUSTAMOV DONIYORBEK»,generic,http://muallimlar.uz/?a=service/payme
65e55e0a3c319dec9d8cf48d,Safia,"ООО «""MADINA-QANDOLAT"" MCHJ»",generic,https://panel.safiabakery.uz/payment/paycom?id=179
65e55ecd3c319dec9d8cf4b2,Safia,"ООО «""MADINA-QANDOLAT"" MCHJ»",generic,https://panel.safiabakery.uz/payment/paycom?id=180
65e56b323c319dec9d8cf7f7,Safia,"ООО «""MADINA-QANDOLAT"" MCHJ»",generic,https://panel.safiabakery.uz/payment/paycom?id=178
65e5a8773c319dec9d8d0583,WOK/STREET77,"ООО «""MEGACAPITAL"" MCHJ»",generic,https://wok.zoomda.uz:4001/payme/
65e5b52fa10775d0a701ecd1,Metest,ЧП «OTAYOROV SARVAR»,generic,https://metest.uz/dashboard/api/payme
65e719eb3c319dec9d8d29be,RUBLYOVKA MARKET,"ООО «""RUBLYOVKA MARKET"" MCHJ»",arca,https://api-qr.uzcard.uz
65e7269b3c319dec9d8d2b55,UZINFOCOM,ООО «Davlat axborot tizimlarini yaratish va qo‘llab-quvvatlash bo‘yicha yagona integrator-UZINFOCOM»,generic,https://api.e-obuna.uz/api/core/payments/payme
65e813383c319dec9d8d3992,JET,ООО «WINNER ELECTRIC VEHICLE»,generic,https://service.jetscooters.fun/payme-integration/api/callback/merchant-api
65e84f8b3c319dec9d8d43a5,LIME MIKROMOLIYA TASHKILOTI,"ООО «""LIME MIKROMOLIYA TASHKILOTI"" MCHJ MMT»",generic,https://mfo106.flexpul.uz/public/payme/payments
65e8671127babe2f6d4f8115,UKLON,ИП ООО «UKLON UB»,uklon,https://payment.uklon.com.ua/api/v1/payme/callback
65e98b42a10775d0a7024504,MIRZAMAXMU DOV SH OXJAXON DILSH OD O‘G‘LI,ЧП «MIRZAMAXMUDOV SHOXJAXON»,generic,https://pay.regos.uz/paysystem/callback/6448c4b5-0225-4f90-b8a2-22dc81629a9a/
65eea98f3c319dec9d8dbe12,Рис. Вкусно как дома,ООО «MAYOR TAYYOR»,generic,https://payment.api.delever.uz/payme
65eea9bf3c319dec9d8dbe1a,Рис. Вкусно как дома,ООО «MAYOR TAYYOR»,generic,https://payment.api.delever.uz/payme
65eea9e83c319dec9d8dbe26,RIS  SERGELI - DELEVER,ООО «MAYOR TAYYOR»,generic,https://payment.api.delever.uz/payme
65eeccca87d1008944042705,Credit Asia,ООО «OSON-TEXNIK-KREDIT»,generic,https://m1c.creditasia.uz:30443/api/hs/payments/pay
65eef141d187b1a144af69c3,Trend Bakery,ООО «OOO ABC Trend Bakery»,generic,http://164.92.216.221:5111/api/payment/
65eff43087d1008944043a79,IBROXIMOV ABDURAXMON QAXRAMONOVICH,ЧП «IBROXIMOV ABDURAXMON»,generic,https://atlet-back.applied-nutrition.uz/api/v1/payments/payme/pay
65eff6e187d1008944043b05,ADILOV XIKMATILLA SHKURULLAYEVICH,ЧП «ADILOV XIKMATILLA»,generic,https://milliytaxicash.uz/api/billing/payme
65eff7c687d1008944043b2a,ADILOVA MOXIRA ,ЧП «ADILOVA MOXIRA»,generic,https://ipaktaxi.go2pay.uz/api/billing/payme
65f030c387d100894404435e,MEGA LIGHTING DISTRIBUTION,"ООО «""MEGA LIGHTING DISTRIBUTION"" XK»",arca,https://api-qr.uzcard.uz
65f030f087d1008944044367,MEGA LIGHTING DISTRIBUTION,"ООО «""MEGA LIGHTING DISTRIBUTION"" XK»",arca,https://api-qr.uzcard.uz
65f0399d87d10089440444bf,FINOGEYEVA YAROSLAVA VIKTOROVNA,ЧП «FINOGEYEVA YAROSLAVA»,generic,https://bloomfield.boutique/module/payme/notification
65f15e6887d1008944045836,BNZ INDUSTRIAL SUPPORT,"СП ООО «""BNZ INDUSTRIAL SUPPORT"" MCHJ»",arca,https://api-qr.uzcard.uz
65f15e8687d100894404583f,BNZ INDUSTRIAL SUPPORT,"СП ООО «""BNZ INDUSTRIAL SUPPORT"" MCHJ»",arca,https://api-qr.uzcard.uz
65f1766087d1008944045b83,AZIAMIKS,"ООО «""AZIAMIKS"" XK»",arca,https://api-qr.uzcard.uz
65f28f7687d1008944046e4b,NRG-BI Service,ООО «NRG-BI Service»,bi-group,https://apigw.bi.group/uzb_buh/hs/PaymeService
65f2951d87d1008944047067,Safia,"ООО «""MADINA-QANDOLAT"" MCHJ»",generic,https://panel.safiabakery.uz/payment/paycom?id=75
65f29ade33187ead44b22f4c,EVOS,ООО «MCHJ MAK FOOD SERVIS»,generic,https://payment.api.delever.uz/payme
65f29b1ed187b1a144afae63,EVOS,ООО «MCHJ MAK FOOD SERVIS»,generic,https://evsapi.ectn.uz/callback/payme
65f2a68c33187ead44b23253,FIND WORK NEW SERVICE,"ООО «""FIND WORK NEW SERVICE"" MCHJ»",generic,https://staging-payment.kornet.uz/api/payme-system/pay
65f2c75cd187b1a144afb8f6,CARDIN,"ООО «""CARDIN"" XK»",generic,https://backend.cardinmarket.uz/integrator-api/v1/payme
65f2ca4fea95cfb944cc2a98,CARDIN,"ООО «""CARDIN"" XK»",generic,https://backend.cardintaxi.uz/paysys-api/payme
65f2fa9587d1008944048bd8,Payme Nasiya,PAYME NASIYA,tbc-fin-service,https://gateway.paymenasiya.uz/vsirs/payme/transaction
65f7f09187d100894404ea7c,EL TESLA,"ООО «ООО ""EL TESLA ""»",arca,https://api-qr.uzcard.uz
65f8081687d100894404ed64,"ЖИВАЯ ВОДА СЕРГИЛИ ТУМАН,БУНЕБОД МФЙ ТХАЙ 4","ООО «""VAKIL GROUP"" MCHJ»",alivewater,https://mobile.api.alivewater.online
65f81fb987d100894404f1ae,MOBILIARE,"ООО «""MOBILIARE"" MCHJ»",arca,https://api-qr.uzcard.uz
65f95c7e5b347a44404ba244,МЕГА РУЧКА,"ООО «""MEGA RUCHKA"" MCHJ»",arca,https://api-qr.uzcard.uz
65f96c655b347a44404ba560,GRAND ONE WAY,"ООО «""GRAND ONE WAY"" MCHJ»",generic,https://bots.texnoweb.uz/bektaxi-new/Payme/
65f9857a5b347a44404baae2,JET,ООО «WINNER ELECTRIC VEHICLE»,generic,https://service.urentbike.ru/payme-integration/api/callback/merchant-api
65f985aa5b347a44404baaf5,JET,ООО «WINNER ELECTRIC VEHICLE»,generic,https://service.urentbike.ru/payme-integration/api/callback/merchant-api
65f985df5b347a44404bab03,JET,ООО «WINNER ELECTRIC VEHICLE»,generic,https://service.urentbike.ru/payme-integration/api/callback/merchant-api
65fab0fe5b347a44404bbff7,JET,ООО «WINNER ELECTRIC VEHICLE»,generic,https://service.urentbike.ru/payme-integration/api/callback/merchant-api
65fab11e5b347a44404bbffd,JET,ООО «WINNER ELECTRIC VEHICLE»,generic,https://service.urentbike.ru/payme-integration/api/callback/merchant-api
65fb3156ea95cfb944ccdb38,Psixologiya,"ООО «""DR ANVAROVNA"" MCHJ»",generic,https://crmbot.bots.manu.uz/payment/payme
65fd5b72ea95cfb944ccf6ce,Abusaxiy,"ООО «""TASHKENT TRADE CENTER"" MCHJ»",generic,https://api.sahiy.uz/open/paycom/3660
660115315b347a44404c1bc7,TRIP YOUR DREAMS,"ООО «""TRIP YOUR DREAMS"" MCHJ»",generic,https://tripyourdreams.uz/?wc-api=wc_payme
6601713b5b347a44404c2b12,TRIANON ENERGY,"ООО «""TRIANON ENERGY"" MCHJ»",generic,https://payment.trianonenergy.uz/api/paycom
660252b95b347a44404c359a,RO MARKET,"ООО «""CARAVAN GLOBAL COMMERCE"" MCHJ»",arca,https://api-qr.uzcard.uz
660256055b347a44404c3600, MARIOLIVA DISTRIBUTION  GROUP,"ООО «""MARIOLIVA EXIMUS TRADE"" MCHJ»",arca,https://api-qr.uzcard.uz
66025f205b347a44404c3847,BI GROUP ,"ООО «""AMIR ESTATES"" MCHJ XK»",generic,https://pay.bi-group.org/api/v1/jsonrpc/PayMeExternal/PayMeExternal
66026fb85b347a44404c3d05,Safia,"ООО «""JUGER REGION"" MCHJ»",generic,https://panel.safiabakery.uz/payment/paycom?id=182
6602703a5b347a44404c3d38,Safia,"ООО «""JUGER REGION"" MCHJ»",generic,https://panel.safiabakery.uz/payment/paycom?id=183
66027b0b5b347a44404c3fef,Safia,"ООО «""MADINA-QANDOLAT"" MCHJ»",generic,https://panel.safiabakery.uz/payment/paycom?id=181
66027fa733187ead44b360aa,ACFP,ННО «ACFP»,generic,https://acfp.uz/scripts/pay/payme
66028ebf5b347a44404c44d1,Safia,"ООО «""MADINA-QANDOLAT"" MCHJ»",generic,https://panel.safiabakery.uz/payment/paycom?id=185
660298f85b347a44404c4817,XASANBOY FARMA,"ООО «""XASANBOY  FARMA"" MCHJ»",arca,https://api-qr.uzcard.uz
660299125b347a44404c4822,XASANBOY FARMA,"ООО «""XASANBOY  FARMA"" MCHJ»",arca,https://api-qr.uzcard.uz
6602a0815b347a44404c4a31,SELLTON,"ООО «""SELLTON"" MCHJ»",generic,https://mebelko.uz/?route=extension/payment/kit_payme&f=Callback
6602b6375b347a44404c506a,Ecco,ЧП «ISHMUXAMEDOVA S.A.»,generic,https://ecco-shoes.uz/module/paymepaycom/notification
6603bf73d49d4f8377a2e8d1,aralashuz,"ООО «""TASHKENT TRADE CENTER"" MCHJ»",generic,https://staging-api.greatmall.uz/payme-api/v1/payments
6603c4de33187ead44b37fc9,FINSUM NASIYA,"ИП ООО «""FINSUM MARKET"" MCHJ XK»",generic,https://finance.finsum.uz/api/payme/
6603e2f75b347a44404c6675,FEEDUP ECO,"ООО «""FEEDUP ECO"" MCHJ»",generic,https://feedup.zoomda.uz:4001/payme/
6604055f5b347a44404c6b9d,YAPONA MAMA,"ООО «""YM-SAGBAN"" MCHJ»",generic,https://payment.api.delever.uz/payme
660405b25b347a44404c6baf,YAPONAMAMA ,"ООО «""YM-CITY"" MCHJ»",generic,https://payment.api.delever.uz/payme
660406165b347a44404c6bc2,YAPONA MAMA,"ООО «""YM FARG'ONA"" MCHJ»",generic,https://payment.api.delever.uz/payme
660406515b347a44404c6bcc,YAPONA MAMA,"ООО «""SUSHI TIER"" MCHJ»",generic,https://payment.api.delever.uz/payme
6604069a5b347a44404c6bd9,YAPONA MAMA DEPO MALL,"ООО «""SUSHI PRO"" MCHJ»",generic,https://payment.api.delever.uz/payme
66040fa95b347a44404c6d41,BI GROUP ,"ООО «""AMIR ESTATES"" MCHJ XK»",generic,https://pay.bi-group.org/api/v1/jsonrpc/PayMeExternal/PayMeExternal
66041d995b347a44404c6f73,TWENTY ONE ENTERTAINMENT,"ООО «""TWENTY ONE ENTERTAINMENT"" MCHJ»",generic,https://azweb.uz/payment/payme
6605024f5b347a44404c79dd,TAXI-SULTAN,"ООО «""TAXI-SULTAN"" MCHJ»",generic,https://titutinktuf.beget.app/fleet/paycom/
660515405b347a44404c7c58,MARIOLIVA DISTRIBUTION  GROUP,"ООО «""MARIOLIVA EXIMUS TRADE"" MCHJ»",arca,https://api-qr.uzcard.uz
66053f9b5b347a44404c81c7,OPTIMUM KREDIT LOMBARD,"ООО «""OPTIMUM KREDIT LOMBARD"" MCHJ»",generic,https://lmb115.flexpul.uz/public/payme/payments
6607c33333187ead44b3cbac,Blaze,ООО «Blaze.ERP»,atomlab,https://core.blaze.uz/handle/payme
660a50fe5b347a44404ccfc0,efayl.uz,ООО «INNOVATION SCIENCE AND RESEARCH»,generic,https://efayl.uz/payments/merchant/
660aa2eb8dd95c4de5e16284,SAMARKAND TOURISTIC CENTRE,ООО «SAMARKAND TOURISTIC CENTRE MCHJ»,generic,http://185.203.239.116:37777/api/v1/payme
660baf8a8dd95c4de5e1732c,INNOFIT.UZ,"ООО «""INNOBIOTIC"" MCHJ»",generic,https://admin.innobiotic.uz/api/v1/payme
660bc2f0f7cf3cce1739d037,Uzbekistan Airways,"ГУП «""UZBEKISTAN AIRWAYS"" AKSIYADORLIK JAMIYATI»",generic,https://pay.uzairways.com:89/paycom/
660bd39f8dd95c4de5e17825,TEMIZ CORP,"ООО «""TEMIZ CORP"" MCHJ»",generic,https://app.temizcorp.uz/backend/payme/pay
660bfc478dd95c4de5e17e5a,TOKU,"ООО «""TOKU LINE"" MCHJ»",arca,https://api-qr.uzcard.uz
660d07be8dd95c4de5e18eed,TAPS,ООО « ООО «TAPS»  »,generic,https://tirikchilik.shopbot.me/paycom
660d22a78dd95c4de5e193a5,Safia,"ООО «""MADINA-QANDOLAT"" MCHJ»",generic,https://panel.safiabakery.uz/payment/paycom?id=167
660d2e688dd95c4de5e19622,Safia,"ООО «""MADINA-QANDOLAT"" MCHJ»",generic,https://panel.safiabakery.uz/payment/paycom?id=170
660d32868dd95c4de5e196bb,BNZ INDUSTRIAL SUPPORT,"СП ООО «""BNZ INDUSTRIAL SUPPORT"" MCHJ»",arca,https://api-qr.uzcard.uz
660e4e3d8dd95c4de5e1aa61,Kabir Perfect,"ООО «""KABIR PERFECT"" MCHJ»",generic,https://b.ivend.uz/payme/api/v1/ve5qxe69cke9i7c6yi7v/rpc
660e504b9f11a75ee8e7ab80,Hokim yordamchisi,"ГУП «""FARG'ONA VILOYAT HOKIMLIGI HUZURIDAGI ELEKTRON HOKIMIYATNI»",generic,https://pay.yettilik.uz/api/payme
660e805cabe7377ebe574370,ARTEL TECHNICAL SCHOOL,ООО «ARTEL TECHNICAL SCHOOL»,generic,http://artelts.akfaeye.uz:5005/Artel-TS-IFRS/hs/trust_paycom/debt_check
660fee06abe7377ebe57614f,ANORTAXI,"ООО «""ANORTAXI"" MCHJ»",generic,https://strequudrousay.beget.app/fleet/paycom/
660ff745abe7377ebe5762b5,Safia,"ООО «""MADINA-QANDOLAT"" MCHJ»",generic,https://panel.safiabakery.uz/payment/paycom?id=189
660ff827abe7377ebe5762e8,Safia,"ООО «""MADINA-QANDOLAT"" MCHJ»",generic,https://panel.safiabakery.uz/payment/paycom?id=190
66110063aa20dce2bda6902e,PROF-MILK,"ИП ООО «""PROF-MILK"" MCHJ XK»",generic,https://profmilk.uz/api/payme
661398c9abe7377ebe5790f0,Zoom Taxi - Payme,ООО «STOR FAMILJ»,generic,https://strequudrousay.beget.app/zoomtaxi/fleet/paycom/
6613c84aaa20dce2bda6b903,MUSIC SUPPLY,"ООО «""MUSIC SUPPLY"" MCHJ»",generic,https://music-supply.uz/?wc-api=wc_payme
6613d688abe7377ebe579a99,SHTEFAN DMITRIY IGOREVICH,ЧП «SHTEFAN DMITRIY»,arca,https://api-qr.uzcard.uz
6613f27babe7377ebe579ea2,HOME SHOPPING MEDIA,ООО «HOME SHOPPING MEDIA»,generic,http://hopshop.uz/index.php?dispatch=payment_notification.notification&payment=payme
6614cdfc9aeef890be5091e4,MAX TAXI,"ООО «""ETALON TRANS LOGISTICS"" MCHJ»",generic,https://fleet-money.fullfocus.uz/api/merchant/6614cdfc9aeef890be5091e4
6614cf15bf1961f6b846fa2d,Max Way,"ООО «""MAXWAY FOOD"" MCHJ»",generic,https://payment.api.delever.uz/payme
6615160057907fac117aa06f,LOOOK,"ООО «ООО ""CH-FOODEX""»",generic,https://payment.api.delever.uz/payme
6615166557907fac117aa088,LOOOK YUNUSOBOD,"ООО «ООО ""YU-SWIZZA""»",generic,https://payment.api.delever.uz/payme
661516cf57907fac117aa09c,LOOOK MAKSIM GORKIY,"ООО «""M-SMILE"" MCHJ»",generic,https://payment.api.delever.uz/payme
6615178f57907fac117aa0b5,LOOOK Tashkent City,"ООО «""C-SYMBOL"" MCHJ»",generic,https://payment.api.delever.uz/payme
6615735376bfd30a77f1f005,IZI PRO TEAM,"ООО «""IZI PRO TEAM"" MCHJ»",generic,https://izi-study.com/api/payme
661962a618c527cb757ef002,Donerci,"ООО «""DONERCI HAMDI USTA"" MCHJ»",generic,https://hamdi-usta-backend.medias.uz/api/payme/
6619a47118c527cb757ef268,STT,"ООО «""AIM LAB"" MCHJ»",generic,https://api.kotibai.uz/api/v1/payments/merchant/
661a3a9ff83b22d2752ee050,bai•software,"ООО «""BAI`SOFTWARE"" MCHJ»",generic,https://license.alif.software/payme
661cb706067bde847bea9b2d,ASBC ENTITY,"ИП ООО «""ASBC ENTITY"" MCHJ XK»",arca,https://api-qr.uzcard.uz
661cb71b067bde847bea9b32,ASBC ENTITY,"ИП ООО «""ASBC ENTITY"" MCHJ XK»",arca,https://api-qr.uzcard.uz
661cc7eb067bde847bea9dbf,SHAKIROV ROMAN RAVILEVICH,ЧП «SHAKIROV ROMAN»,generic,https://avtobunker.uz/?wc-api=wc_payme
661ccf47067bde847bea9eef,TWENTY ONE ENTERTAINMENT,"ООО «""TWENTY ONE ENTERTAINMENT"" MCHJ»",generic,https://azweb.uz/salom/payment/payme
661cfdf8159ec70e7a995f6d,Kamolon Osh Гулзор,"ООО «""TANDIRS"" MCHJ»",generic,https://kamolon.zoomda.uz/backend/payme/
661d1134067bde847beaaa21,TARONA MEDIA,"ООО «""TARONA MEDIA"" MCHJ»",tickets,http://172.17.9.240:3448
661e1441067bde847beaba67,PILOT SERVER,ООО «MCHJ PILOT SERVER»,generic,https://irafayiy.beget.app/fleet/paycom/
661e24aa067bde847beabca0,ALIKOV BAXTIYOR ALIKOVICH,ЧП «ALIKOV BAXTIYOR»,arca,https://api-qr.uzcard.uz
661e24fc067bde847beabca6,ASBC ENTITY,"ИП ООО «""ASBC ENTITY"" MCHJ XK»",arca,https://api-qr.uzcard.uz
661e55d7067bde847beac2d7,KAIZEN,ООО «MCHJ KAI-ZEN SUSHI»,generic,https://payment.api.delever.uz/payme
661e598618c527cb757f41ec,Brony,"ООО «""SLOTSPOT APP"" MCHJ»",generic,https://backend.brony.io/api/payments/payme/
661e6184067bde847beac4bf,Green Line Trading,"ООО «""GREEN LINE TRADING"" MCHJ»",arca,https://api-qr.uzcard.uz
661e61a1067bde847beac4c2,Green Line Trading,"ООО «""GREEN LINE TRADING"" MCHJ»",arca,https://api-qr.uzcard.uz
661e61b7067bde847beac4c5,Green Line Trading,"ООО «""GREEN LINE TRADING"" MCHJ»",arca,https://api-qr.uzcard.uz
661e61d1067bde847beac4d0,Green Line Trading,"ООО «""GREEN LINE TRADING"" MCHJ»",arca,https://api-qr.uzcard.uz
661e61ec067bde847beac4d9,Green Line Trading,"ООО «""GREEN LINE TRADING"" MCHJ»",arca,https://api-qr.uzcard.uz
661e6200067bde847beac4de,Green Line Trading,"ООО «""GREEN LINE TRADING"" MCHJ»",arca,https://api-qr.uzcard.uz
661e6222067bde847beac4e6,Green Line Trading,"ООО «""GREEN LINE TRADING"" MCHJ»",arca,https://api-qr.uzcard.uz
661e6237067bde847beac4eb,Green Line Trading,"ООО «""GREEN LINE TRADING"" MCHJ»",arca,https://api-qr.uzcard.uz
661e624e067bde847beac4ed,Green Line Trading,"ООО «""GREEN LINE TRADING"" MCHJ»",arca,https://api-qr.uzcard.uz
661e6262067bde847beac4f3,Green Line Trading,"ООО «""GREEN LINE TRADING"" MCHJ»",arca,https://api-qr.uzcard.uz
661e627c067bde847beac4fd,Green Line Trading,"ООО «""GREEN LINE TRADING"" MCHJ»",arca,https://api-qr.uzcard.uz
661e6292067bde847beac506,Green Line Trading,"ООО «""GREEN LINE TRADING"" MCHJ»",arca,https://api-qr.uzcard.uz
661e62db067bde847beac50c,Green Line Trading,"ООО «""GREEN LINE TRADING"" MCHJ»",arca,https://api-qr.uzcard.uz
661e633f067bde847beac51e,Green Line Trading,"ООО «""GREEN LINE TRADING"" MCHJ»",arca,https://api-qr.uzcard.uz
661e6354067bde847beac522,Green Line Trading,"ООО «""GREEN LINE TRADING"" MCHJ»",arca,https://api-qr.uzcard.uz
661e6370067bde847beac527,Green Line Trading,"ООО «""GREEN LINE TRADING"" MCHJ»",arca,https://api-qr.uzcard.uz
661e63e3067bde847beac53e,Green Line Trading,"ООО «""GREEN LINE TRADING"" MCHJ»",arca,https://api-qr.uzcard.uz
661e6407067bde847beac543,Green Line Trading,"ООО «""GREEN LINE TRADING"" MCHJ»",arca,https://api-qr.uzcard.uz
661e6421067bde847beac54b,Green Line Trading,"ООО «""GREEN LINE TRADING"" MCHJ»",arca,https://api-qr.uzcard.uz
661e6439067bde847beac551,Green Line Trading,"ООО «""GREEN LINE TRADING"" MCHJ»",arca,https://api-qr.uzcard.uz
661e644f067bde847beac555,Green Line Trading,"ООО «""GREEN LINE TRADING"" MCHJ»",arca,https://api-qr.uzcard.uz
661e6488067bde847beac55e,Green Line Trading,"ООО «""GREEN LINE TRADING"" MCHJ»",arca,https://api-qr.uzcard.uz
661e64a6067bde847beac564,Green Line Trading,"ООО «""GREEN LINE TRADING"" MCHJ»",arca,https://api-qr.uzcard.uz
661e64ba067bde847beac56b,Green Line Trading,"ООО «""GREEN LINE TRADING"" MCHJ»",arca,https://api-qr.uzcard.uz
661e64e1067bde847beac571,Green Line Trading,"ООО «""GREEN LINE TRADING"" MCHJ»",arca,https://api-qr.uzcard.uz
661e64f6067bde847beac579,Green Line Trading,"ООО «""GREEN LINE TRADING"" MCHJ»",arca,https://api-qr.uzcard.uz
661e650b067bde847beac57b,Green Line Trading,"ООО «""GREEN LINE TRADING"" MCHJ»",arca,https://api-qr.uzcard.uz
661e652f067bde847beac583,Green Line Trading,"ООО «""GREEN LINE TRADING"" MCHJ»",arca,https://api-qr.uzcard.uz
661e6555067bde847beac58c,Green Line Trading,"ООО «""GREEN LINE TRADING"" MCHJ»",arca,https://api-qr.uzcard.uz
661e6570067bde847beac594,Green Line Trading,"ООО «""GREEN LINE TRADING"" MCHJ»",arca,https://api-qr.uzcard.uz
661e6589067bde847beac597,Green Line Trading,"ООО «""GREEN LINE TRADING"" MCHJ»",arca,https://api-qr.uzcard.uz
661e65b6067bde847beac5a5,Green Line Trading,"ООО «""GREEN LINE TRADING"" MCHJ»",arca,https://api-qr.uzcard.uz
661e6b37067bde847beac67a,ARISBAYEV BAXITJAN,ЧП «ARISBAYEV BAXITJAN»,generic,https://ucoffee.uz/payme/transaction/
661e720af83b22d2752f2bff,buyseenrubot,ЧП «KOZIMOV ABDULVAXXOB»,generic,https://anorsmm.uz/yangiseen/payme/index.php
661f6ea4b8452bca992f876a,Compass Cinema,"ООО «""KINO OLAMI"" MCHJ»",generic,https://api.cinematrix.uz/payme
661f6f53b8452bca992f8789,Sergeli Cinema,"ООО «""KINO OLAMI"" MCHJ»",generic,https://api.cinematrix.uz/payme
661f7477708822be995a3a58,Mane Bakery,"ООО «""MANE BAKERY AND SWEETS"" MCHJ»",generic,https://api.manecafe.uz/api/v1/payme/endpoint-url/
661f998b067bde847bead9d1,O'ZAGROSUG'URTA,"АО «""O`ZAGROSUG`URTA""»",uzagrosugurta,https://api.agros-online.uz/api/v1/insurance/contract/onlinePays/payme
661fad7e067bde847beadcc1,MEGA LIGHTING DISTRIBUTION,"ООО «""MEGA LIGHTING DISTRIBUTION"" XK»",arca,https://api-qr.uzcard.uz
661fd420067bde847beae179,Onco School by Djamila Polatova,"ООО «""ONCO SCHOOL BY DJAMILA POLATOVA"" MCHJ»",generic,https://oncoschool.uz/?wc-api=wc_payme
6620e37a2aafa476603e255f,ECONTRACT,"ООО «""ECONTRACT"" MCHJ»",generic,https://api.econtract.uz/api/payme
6620e521d57ca2a5992fd113,UPGaming.uz,ЧП «ABDULXAYEV BAHODIR»,generic,https://upgaming.uz/api/payme/merchant
6620f7312aafa476603e2a12,MEGA LIGHTING DISTRIBUTION,"ООО «""MEGA LIGHTING DISTRIBUTION"" XK»",arca,https://api-qr.uzcard.uz
662101b32aafa476603e2b79,TWENTY ONE ENTERTAINMENT,"ООО «""TWENTY ONE ENTERTAINMENT"" MCHJ»",generic,https://payment.salomtv.uz/payme
662206d12aafa476603e395a,O ZB.AKUSHER-GINEKOLOG.ASSOTSI,ННО «O ZB.AKUSHER-GINEKOLOG.ASSOTSI»,generic,https://asag.uz/payment/payme/index.php
66220936b8452bca992fb6bc,Bay Iskender Doner - Optochka,"ООО «ООО ""TURKISH DONER KEBAB""»",generic,https://backend.optochka.com/payments/activate-payme
66221b3d2aafa476603e3eb4,Green Line Trading,"ООО «""GREEN LINE TRADING"" MCHJ»",arca,https://api-qr.uzcard.uz
66221b562aafa476603e3ebe,Green Line Trading,"ООО «""GREEN LINE TRADING"" MCHJ»",arca,https://api-qr.uzcard.uz
66221b6b2aafa476603e3ec2,Green Line Trading,"ООО «""GREEN LINE TRADING"" MCHJ»",arca,https://api-qr.uzcard.uz
66221b7f2aafa476603e3eca,Green Line Trading,"ООО «""GREEN LINE TRADING"" MCHJ»",arca,https://api-qr.uzcard.uz
66221b9a2aafa476603e3ed3,Green Line Trading,"ООО «""GREEN LINE TRADING"" MCHJ»",arca,https://api-qr.uzcard.uz
66221bb52aafa476603e3edf,Green Line Trading,"ООО «""GREEN LINE TRADING"" MCHJ»",arca,https://api-qr.uzcard.uz
66221bc72aafa476603e3ee2,Green Line Trading,"ООО «""GREEN LINE TRADING"" MCHJ»",arca,https://api-qr.uzcard.uz
66221be02aafa476603e3ee4,Green Line Trading,"ООО «""GREEN LINE TRADING"" MCHJ»",arca,https://api-qr.uzcard.uz
66221bf62aafa476603e3ee7,Green Line Trading,"ООО «""GREEN LINE TRADING"" MCHJ»",arca,https://api-qr.uzcard.uz
66221c072aafa476603e3ee9,Green Line Trading,"ООО «""GREEN LINE TRADING"" MCHJ»",arca,https://api-qr.uzcard.uz
66221c1b2aafa476603e3eed,Green Line Trading,"ООО «""GREEN LINE TRADING"" MCHJ»",arca,https://api-qr.uzcard.uz
66221d132aafa476603e3f23,Green Line Trading,"ООО «""GREEN LINE TRADING"" MCHJ»",arca,https://api-qr.uzcard.uz
66221d282aafa476603e3f2d,Green Line Trading,"ООО «""GREEN LINE TRADING"" MCHJ»",arca,https://api-qr.uzcard.uz
66221d462aafa476603e3f31,Green Line Trading,"ООО «""GREEN LINE TRADING"" MCHJ»",arca,https://api-qr.uzcard.uz
66221d692aafa476603e3f38,Green Line Trading,"ООО «""GREEN LINE TRADING"" MCHJ»",arca,https://api-qr.uzcard.uz
66221d992aafa476603e3f3e,Green Line Trading,"ООО «""GREEN LINE TRADING"" MCHJ»",arca,https://api-qr.uzcard.uz
66221dad2aafa476603e3f45,Green Line Trading,"ООО «""GREEN LINE TRADING"" MCHJ»",arca,https://api-qr.uzcard.uz
66221dbe2aafa476603e3f4f,Green Line Trading,"ООО «""GREEN LINE TRADING"" MCHJ»",arca,https://api-qr.uzcard.uz
66221dd72aafa476603e3f52,Green Line Trading,"ООО «""GREEN LINE TRADING"" MCHJ»",arca,https://api-qr.uzcard.uz
66221df12aafa476603e3f59,Green Line Trading,"ООО «""GREEN LINE TRADING"" MCHJ»",arca,https://api-qr.uzcard.uz
66221e172aafa476603e3f5e,Green Line Trading,"ООО «""GREEN LINE TRADING"" MCHJ»",arca,https://api-qr.uzcard.uz
66221e292aafa476603e3f63,Green Line Trading,"ООО «""GREEN LINE TRADING"" MCHJ»",arca,https://api-qr.uzcard.uz
66221e402aafa476603e3f66,Green Line Trading,"ООО «""GREEN LINE TRADING"" MCHJ»",arca,https://api-qr.uzcard.uz
66221e592aafa476603e3f6a,Green Line Trading,"ООО «""GREEN LINE TRADING"" MCHJ»",arca,https://api-qr.uzcard.uz
66221e6e2aafa476603e3f6c,Green Line Trading,"ООО «""GREEN LINE TRADING"" MCHJ»",arca,https://api-qr.uzcard.uz
66221e802aafa476603e3f6f,Green Line Trading,"ООО «""GREEN LINE TRADING"" MCHJ»",arca,https://api-qr.uzcard.uz
662221140e1e5fb1997d469b,EV CHARGING GROUP,"ООО «""EV CHARGING GROUP"" MCHJ»",generic,https://cpms.wattpoint.uz/api/payment/payme/
66226fe52aafa476603e4a2d,Soliq Konstruktor,"ООО «""SOLIQ KONSTRUKTOR"" MCHJ»",generic,https://payment.inplus.uz/api/payments/payme/default/pay
66233e3d0e1e5fb1997d57e2,Matematika Usmanov,"ООО «""USMANOV MATH ACADEMY"" MCHJ»",generic,https://api.uma.uz/api/v1/payme
662633eb9eac5ca722b4d272,BELLISSIMO Kokand2 I/O,ООО «BELLISSIMO PIZZA INTERNATIONAL»,generic,https://pay.bpnet.uz/api/payment/payme
662752522eb76ec81b693ffb,FAYZ NOVA MEDICAL,"ООО «""FAYZ NOVA MEDICAL"" MCHJ»",arca,https://api-qr.uzcard.uz
66275e269eac5ca722b4eab2,ООО GOUPBAKERY,ООО «GOUPBAKERY»,generic,https://ilhomgroup.uz/api/payme/merchant
662798062eb76ec81b694af7, CHAQMOQ TEZKOR,"ООО «""CHAQMOQ-TEZKOR"" MCHJ»",generic,https://titutinktuf.beget.app/chaqmoq/fleet/paycom/
6629ef852eb76ec81b69769e,Speaklish.uz,ООО «Speaklish.uz»,generic,https://api.speaklish.uz/payments/payme/
662a3ebb9eac5ca722b52798,FUSE HVAC ENGINEERING,"ООО «""FUSE HVAC ENGINEERING"" MCHJ»",generic,https://fuse.uz/?wc-api=wc_payme
662ba46e03e7e088228e0166,greatmall,"ООО «""TASHKENT TRADE CENTER"" MCHJ»",generic,https://dev-api.greatmall.uz/payme-api/v1/payments
662ba6702eb76ec81b699ad3,TAXI  CAR TRADE,"ООО «""TAXI  CAR TRADE"" MCHJ»",generic,https://gidadouji.beget.app/fleet/paycom/
662be25f98b26b5524990a85,EVOS,ООО «MCHJ MAK FOOD SERVIS»,generic,https://evsapi.ectn.uz/callback/payme
662be29cd8b2a6cf1b676881,EVOS,ООО «MCHJ MAK FOOD SERVIS»,generic,https://evsapi.ectn.uz/callback/payme
662cc5392c3ef1dc22cfdbe7,BRAVO 111,"ООО «""BRAVO 111"" MCHJ»",generic,https://lk.kokandtelecom.uz/payin/payme/payin.php
662e49722c3ef1dc22cfed07,Tolav,ЧП «SAYMOV ALIBEK»,generic,https://yolharakatiqoidalari.app/apilargo/payme/merchant
662f4d232eb76ec81b69c578,InterActive,"ООО «ООО ""INTERACTIVE-NUKUS""»",generic,https://bots.techwiz.uz/interactive-nukus-bot/Payme/
662f5ea62c3ef1dc22cffbe3,ПЯТЬ С ПЛЮСОМ,"ООО «ООО ""EXCLUSIVE EDUCATION""»",generic,https://api.beshplus.uz/merchant-api/v1/marketplace/payme/jsonrpc
662f69642eb76ec81b69c94d,LA-MAREE MARKET,"ООО «""LA MAREE MARKET"" MCHJ»",generic,https://lamer.shopbot.uz/paycom/check
662fefa6d8b2a6cf1b679f96,SEVARSOY SANATORIYSI,"ООО «""SEVARSOY SANATORIYSI"" MCHJ»",generic,https://sevarsoyresort.uz/payme
6631f6272eb76ec81b69f7ca,CONSTANTLY BUSINESS,"ООО «""CONSTANTLY BUSINESS"" MCHJ»",generic,https://tiejisnohod.beget.app/fleet/paycom/
6632951003e7e088228e6e7e,Yemak,ООО «YEMAK»,generic,https://payments.yemak.uz/payme
663363772eb76ec81b6a166b,FAR INTER GARDEN,"ООО «""FAR INTER GARDEN"" MCHJ»",arca,https://api-qr.uzcard.uz
66347ace2eb76ec81b6a25fc,InterActive,"ООО «ООО ""INTERACTIVE-NUKUS""»",generic,https://bots.techwiz.uz/interactive-nukus-bot/Payme-bot/
66348a312eb76ec81b6a2814,EASTESSE GROUP,"ООО «""EASTESSE GROUP"" MCHJ»",generic,https://mialine.uz/api/payment-payme
6634d8322eb76ec81b6a33db,ECCO,"ООО «""EAST MARKET"" MCHJ»",generic,https://ecco.uz/module/paymepaycom/notification
6634d8cc2eb76ec81b6a33eb,GLOBEX,"ООО «""GLOBEX-MED-FARM"" MCHJ»",arca,https://api-qr.uzcard.uz
663869f92eb76ec81b6a5db4,ABC BAZAAR,"ООО «""TURKMALI BRAND"" MCHJ»",arca,https://api-qr.uzcard.uz
66386a392eb76ec81b6a5dbf,ABC BAZAAR,"ООО «""TURKMALI BRAND"" MCHJ»",arca,https://api-qr.uzcard.uz
66387f899eac5ca722b60403,La Crema - Optochka,"ООО «""LACREMA"" MCHJ»",generic,https://backend.optochka.com/payments/activate-payme
6638c0d12eb76ec81b6a6b04,Iramen Seoul Mun,ООО «Iramen Seoul Mun»,generic,https://payment.api.delever.uz/payme
6638d354d8b2a6cf1b683687,EVOS,ООО «MCHJ MAK FOOD SERVIS»,generic,https://payment.api.delever.uz/payme
6639bdd42eb76ec81b6a7bbd,GAMBI-RIM,"ООО «""GAMBI-RIM"" MCHJ»",arca,https://api-qr.uzcard.uz
6639c12d2eb76ec81b6a7c34,Safia,"ООО «""MADINA-QANDOLAT"" MCHJ»",generic,https://panel.safiabakery.uz/payment/paycom?id=194
6639c2582eb76ec81b6a7c5d,Safia,"ООО «""MADINA-QANDOLAT"" MCHJ»",generic,https://panel.safiabakery.uz/payment/paycom?id=193
6639c3ab2eb76ec81b6a7c92,Safia,"ООО «""MADINA-QANDOLAT"" MCHJ»",generic,https://panel.safiabakery.uz/payment/paycom?id=192
6639c8e62eb76ec81b6a7d49,Safia,"ООО «""MADINA-QANDOLAT"" MCHJ»",generic,https://panel.safiabakery.uz/payment/paycom?id=191
6639d9092eb76ec81b6a7f6a,TASHMEDIATRANS,"ООО «""TASHMEDIATRANS"" MCHJ»",generic,https://copudlooffil.beget.app/fleet/paycom/
6639eec32eb76ec81b6a81e8,MABRUK FINANCE MIKROMOLIYA TASHKILOTI,"ООО «""MABRUK FINANCE MIKROMOLIYA TASHKILOTI"" MCHJ»",generic,https://mfo90.flexpul.uz/public/payme/payments
663a01d32eb76ec81b6a84e4,ACTIVE WATER BOTTLES,"ООО «""ACTIVE WATER BOTTLES"" MCHJ»",generic,https://yashil-water.murodbaxshsuv.uz/api/transaction/payme
663a02fd2eb76ec81b6a851e,payme avia,"ООО «""ULYSSE AVIA"" MCHJ»",avia,http://172.17.9.239:7900
663cf61bcdfecd127ef1f623,Helloo,"ООО «""CHECKER"" MCHJ»",generic,https://api.helloo.uz/v1/transactions/payme
663dc8cbfe41a3907df92311,Open shop,ООО «Openshop»,generic,https://secure.openshop.uz/v1/pay/openshop/handle/payme
663e0cbffe41a3907df92efc,Plagiat.uz,"ООО «""INSOFTLAB"" MCHJ»",generic,https://plagiat.uz/callback/payme
6641e975fe41a3907df96b7a,GIPNOZE HOOKAH BAR,"ООО «""GIPNOZE FOOD"" MCHJ»",arca,https://api-qr.uzcard.uz
6641f15ffe41a3907df96c8a,PESTO-CAFE,"ООО «""PESTO-CAFE"" MCHJ»",generic,https://backend.optochka.com/payments/activate-payme
6641f21b936f229d7dea73c5,"""HUMOWELS"" MCHJ","ООО «""HUMOWELS"" MCHJ»",generic,https://app.magicdonate.uz/api/v1/handle/donate/payme
6641fe86fe41a3907df96e7a,Оплата услуги Мониторинг,АО 'PAYME',generic,http://172.17.9.120:56890
664202b9fe41a3907df96ef3,CHINOR FINANCE,"ООО «""CHINOR FINANCE"" MCHJ MMT»",generic,https://mfo110.flexpul.uz/public/payme/payments
66430b57fe41a3907df98214,Safia,"ООО «""MADINA-QANDOLAT"" MCHJ»",generic,https://panel.safiabakery.uz/payment/paycom?id=198
66430fe8fe41a3907df9830f,INAF AGENCY,"НОУ «""INAF AGENCY"" NTM»",generic,https://app.webinar-payment.uz/payme/pay?id=2
66431984cdfecd127ef260f5,STARK-TV TELECOM,"ООО «""EAST STARK-TV"" MCHJ»",generic,https://bill.stark-tv.uz/paysys_check.cgi
66432882fe41a3907df987f8,NISHON MARK,"ООО «""NISHON-MARK"" MCHJ»",arca,https://api-qr.uzcard.uz
664356d5fe41a3907df99338,GREEN- ECO- MAX,"ООО «""GREEN- ECO- MAX"" MCHJ»",arca,https://api-qr.uzcard.uz
66436e77fe41a3907df9961e,STAR CRYSTAL ARKA,"ООО «""STAR CRYSTAL"" MCHJ»",arca,https://api-qr.uzcard.uz
66448b03936f229d7deaaf89,SHARIFA COM,"ООО «""SHARIFA COM"" MCHJ»",generic,https://3-d.uz/?wc-api=wc_payme
6644967ffe41a3907df9acbc,KAMI LOVE ,"ООО «""ORGANIC COSMETICS"" MCHJ»",generic,https://kamilove.magicstore.uz/handle/payme/3e9f86e5-a4a6-4d1f-8c24-49729fb55e3a
6644a63ffe41a3907df9af48, Apex Pizza Qoyliq,"ООО «""PIZZAQOYLIQ"" MCHJ»",generic,https://api.apexpizza.uz/api/payment/transactions/
6644ae4afe41a3907df9b04b, SERGOSHT 1,"ООО «""SERGOSHT 1"" MCHJ»",generic,https://payment.api.delever.uz/payme
6645b47bfe41a3907df9bf24,"""YUNUS RAJABIY NOMIDAGI O`ZBEK MILLIY MUSIQA SAN`ATI INSTITUTI"" DM","ГУП «""YUNUS RAJABIY NOMIDAGI O`ZBEK MILLIY MUSIQA SAN`ATI INSTITUTI"" DM»",generic,https://maqomfund.uz/?route=extension/payment/kit_payme&f=Callback
6645b678fe41a3907df9bf7b,SUNPOWER,"ООО «""SUNPOWER"" MCHJ»",generic,https://api.vayvo.uz/webhooks/payme
6645e420fe41a3907df9c538,OPTIMUS INVEST ACADEMY,"НОУ «""OPTIMUS INVEST ACADEMY"" NTM»",generic,https://api.optimusinvest.org/api/payment/payme/payme/endpoint/
664700d1f3e6aebd6e81c73c,STAR JOVISION,"СП «""STAR JOVISION"" OK»",arca,https://api-qr.uzcard.uz
66472cbef3e6aebd6e81cbe8,Spectre,"ООО «""SPECTRE-ENERGY"" MCHJ»",generic,https://api.spectre-energy.uz/api/public/payme_endpoint/
66473068f3e6aebd6e81cc74,PDP IT-ACADEMY,ООО «Inflex Inc»,generic,https://api.pdp.uz/api/finance/v1/payme
66473c8ff3e6aebd6e81ce1e,PDP School,"ООО «""PDP SCHOOL"" MCHJ»",generic,http://195.158.9.110:94/middlewarePDPSchoolPayme/hs/billingExchange/Payme
664ae20cc3cdc5f383f35c54,Gamma Doro,"ООО «""AROMA TREND"" MCHJ»",generic,https://gammadoro.shopbot.uz/paycom/check
664afd12f3e6aebd6e81ff3d,HUMO STOM DENTA,"ООО «""HUMO STOM DENTA"" MCHJ»",arca,https://api-qr.uzcard.uz
664b309bf3e6aebd6e8207f3,FAYZZ,"ООО «""FAYZZ"" MCHJ»",arca,https://api-qr.uzcard.uz
664b40e2f3e6aebd6e820b04,"""MK ORIGINAL""","ООО «""MK ORIGINAL"" MCHJ»",arca,https://api-qr.uzcard.uz
664b4661f3e6aebd6e820beb,MILLENNIUM HOME MAX,"ООО «""MILLENNIUM HOME MAX"" MCHJ»",generic,https://millennium.uz/?wc-api=wc_payme
664c12c0c3cdc5f383f377cb,EVOS,ООО «MCHJ MAK FOOD SERVIS»,generic,https://evsapi.ectn.uz/callback/payme
664c13023413a37f84033f7d,EVOS,ООО «MCHJ MAK FOOD SERVIS»,generic,https://payment.api.delever.uz/payme
664c2e9af3e6aebd6e821ba1,PANDORA,ООО «Region Proekt»,generic,https://app.ox-sys.com/payments/pandora/paycom
664c3052f3e6aebd6e821bd8,MAMBETOVA OFFICE TRADE,"ООО «""MAMBETOVA OFFICE TRADE"" MCHJ»",generic,https://globus-nukus.uz/payments/merchant/
664c72673413a37f84034cd0,EVOS,ООО «MCHJ MAK FOOD SERVIS»,generic,https://qrtest.rpos.uz/api/payme/callback
664cbb3b678d78006527c391,Holitech,ЧП «BOZOROV AMIRBEK»,generic,https://assos-backend-pay-production.up.railway.app/payme
664d9752863dfb8a65bdbd31,Mebelko,"ООО «""SELLTON"" MCHJ»",generic,https://mebelko.monstable.com/payme
664dca9970ee2ef365a8232c,MASTEROF TOOLS,"«""MASTEROF TOOLS"" MCHJ»",generic,https://epamarket-api-new.on-forge.com/api/v1/payments/payme
664f15dc47f9050c65c0fd8f,OSNOVA,"ООО «""OSNOVA"" MCHJ»",generic,https://amo.icorp.uz/private/alfa/payme_hook.php
664f2ef90d43eb1d7266c6b2,SARDOR SANTEX N1,"ООО «""SARDOR-SANTEX N1"" MCHJ»",arca,https://api-qr.uzcard.uz
664f42280d43eb1d7266c8ee,STAR CRYSTAL ARKA,"ООО «""STAR CRYSTAL"" MCHJ»",arca,https://api-qr.uzcard.uz
6650791e40bff418658b5bc2,Kimoshdi,"ООО «""KIMOSHDI AUCTIONS"" MCHJ»",generic,https://autopilot.uz/api/payme/merchant
665083910d43eb1d7266e022,MARK FORMELLE,"ООО «ООО ""MARK FORMELLE IT""»",arca,https://api-qr.uzcard.uz
665083a20d43eb1d7266e026,MARK FORMELLE,"ООО «ООО ""MARK FORMELLE IT""»",arca,https://api-qr.uzcard.uz
665083bb0d43eb1d7266e02a,MARK FORMELLE,"ООО «ООО ""MARK FORMELLE IT""»",arca,https://api-qr.uzcard.uz
665094de0d43eb1d7266e27e,Стекляшка Market,"ООО «""BIG TRIO MARKET"" MCHJ»",arca,https://api-qr.uzcard.uz
6654572e0d43eb1d7267118f,ASIA LUX IMPEX,"ООО «""ASIA LUX IMPEX"" MChJ»",arca,https://api-qr.uzcard.uz
66547dcd0d43eb1d72671757,MINI CAFE GROUP,"СП «""MINI CAFE GROUP"" OK»",generic,https://payment.api.delever.uz/payme
66559fda9f5e03e14b9df6c3,ROBBIT KIDS,"ООО «""ROBBIT KIDS"" MCHJ»",generic,https://integration-payment.robbit.uz/payme
6655aba9974483ed4b049912,Jiz Biz Yangiyol,ООО «RUN BUSINESS SECRETS MCHJ»,generic,https://payment.api.delever.uz/payme
6655ac27974483ed4b049924,Jiz Biz Farxod,"ООО «""OLIM  BIZNESMAN"" MCHJ»",generic,https://payment.api.delever.uz/payme
6655aca20769b4c84b1d6738,Jiz Biz Chilonzor,"ООО «""RUN BUSINESSES SOLVES"" MCHJ»",generic,https://payment.api.delever.uz/payme
6655cac7431772b04b79b3cd,BI GROUP ,"ООО «""AMIR ESTATES"" MCHJ XK»",bi-group-botanika,https://pay.bi-group.org/api/v1/jsonrpc/PayMeInstallment/PayMeInstallment
6656a1b7ef51e5d54b986aec,Dubdemy,ООО «Dubdemy»,generic,https://dubdemy.com/api/transactions/payme
665722a3dc744dbc4b224546,chatseen,ЧП «XUSANOV ELBEK»,generic,https://chatseen.uz/payme/index.php
66595927ef51e5d54b989cc4,BeBrand,ЧП «AXMADJONOVA LOBAR»,generic,https://bebrand.multibot.uz/paycom/check
665988a59ff29c3bb0099f89,NORBEKOV SOG`LOMLASHTIRISH VA MASLAHAT MARKAZI,"ООО «""NORBEKOV SOG`LOMLASHTIRISH VA MASLAHAT MARKAZI"" MCHJ»",generic,https://amo.icorp.uz/private/norbekov/payme_hook.php
6659aafcb014101c5b29bbaf,BELLISSIMO PIZZA,ООО «BELLISSIMO PIZZA INTERNATIONAL»,generic,https://pay.bpnet.uz/api/payment/payme
665d5afa9ff29c3bb009dd4a,Homiladorlik Maktabi,"ООО «""BAKUMOV IT SOLUTION"" MCHJ»",generic,https://api.homilador.uz/api/payme/checkout/v2
665d6282c9eaed482ffba3bf,RESPUBLIKA IXTISOSLASHTIRILGAN ONA VA BOLA SALOMATLIGI ILMIY-AMALIY TIBBIYOT MARKAZI,"ГУП «""RESPUBLIKA IXTISOSLASHTIRILGAN ONA VA BOLA SALOMATLIGI ILMIY-AMALIY TIBBIYOT MARKAZI"" DM»",generic,http://195.158.1.234:58699/api/payme/index.php
665d9645c9eaed482ffbad40,NAJOD SHIFO,"СП ООО «""NAJOD-SHIFO "" MCHJ QK»",arca,https://api-qr.uzcard.uz
665d978c9ff29c3bb009e93a,BIRZOOM,"ООО «""ZZUR FOOD CHAIN"" MCHJ»",generic,https://payment.api.delever.uz/payme
665da886c9eaed482ffbb313,DOSTON DAVRON PREMIUM SHOP,"ООО «""DOSTON DAVRON PREMIUM SHOP"" MCHJ»",arca,https://api-qr.uzcard.uz
665ea5f1506c1cb0b5220300,VOGZAL ,"ООО «""IMPORT TOBACCO"" MCHJ»",arca,https://api-qr.uzcard.uz
665eb484506c1cb0b5220520,TARONA MEDIA,"ООО «""TARONA MEDIA"" MCHJ»",generic,http://172.17.9.230:3448
665edd58506c1cb0b5220b34,FREE LINK,ООО «FLINK»,freelink,https://paysys.flink.uz/
665ee832506c1cb0b5220d0c,НА КРЫШЕ,"ООО «""MANIFEST CINEMA"" MCHJ»",generic,https://nakrishe.uz/payme.php
665f10a2506c1cb0b5221437,XOTAMBOY LUX,"ООО «""XOTAMBOY LUX"" XK»",arca,https://api-qr.uzcard.uz
665f1442506c1cb0b52214b8,"""MK ORIGINAL""","ООО «""MK ORIGINAL"" MCHJ»",arca,https://api-qr.uzcard.uz
666168819fe76014d8805c49,KINOKAM,"ООО «""KINOKAM"" MCHJ»",generic,https://banana-pay.techno-teach.uz/api/payme/checkout
66616a3a506c1cb0b52245d8,BABY PRO,"ООО «""BABY PRO"" MCHJ»",generic,https://botifi.me/i/payme/
66629d79506c1cb0b5225e59,XOLODILNIK,"ООО «""XOLODILNIK"" MCHJ»",generic,https://xolodilnik-erp.uicgroup.tech/payment/payme/
6662b3ec506c1cb0b52262b3,PREMIUM FEETIN MCHJ,"ООО «""PREMIUM FEETIN"" MCHJ»",arca,https://api-qr.uzcard.uz
6662de73e2d3a0b2322b7ea1,xdp.uz,ННО «ЦЕНТР.СОВЕТ НДПУ»,generic,https://api.xdp.uz/api/payment-callback
6662ec64d97287f99f2797f0,Safia,"ООО «""JUGER REGION"" MCHJ»",generic,https://panel.safiabakery.uz/payment/paycom?id=230
6662eea6d97287f99f27985b,Safia,"ООО «""MADINA-QANDOLAT"" MCHJ»",generic,https://panel.safiabakery.uz/payment/paycom?id=202
6666a1fe37d1791960debbd7,BOQIY INFINITY,"ООО «""BOQIY INFINITY"" MCHJ»",generic,https://boqiy.uz/payme/callback
6666c787d13de2e3282ab541,GLOBERENT FINANCE,ООО «GLOBERENT FINANCE»,generic,http://vending.alg.yasam.top/api/v1/payment/paymeUz/
6667eef821401fb2df8157da,YANGIYO'L BAHOLASH KONSALTING,"ООО «""YANGIYO`L BAHOLASH KONSALTING"" MCHJ»",arca,https://api-qr.uzcard.uz
66682db27a8227b0aff5eb08,EDFIX,"ООО «""EDFIX"" MCHJ»",generic,https://payment.najottalim.uz/payme
666964a17f0501ea4ac78bdf,EVOS,ООО «MCHJ MAK FOOD SERVIS»,generic,https://payment.api.delever.uz/payme
66697d3920bcd0dfefa4a40d,ENJOY FLY,"ООО «""ENJOY FLY"" MCHJ»",generic,https://enjoyfly.uz/?wc-api=wc_payme
666adcd4b20e10153eaaf559,SHOX MED CENTER,ООО «SHOX MED CENTER»,generic,http://195.158.9.168:8111/api/payme/index.php
666be6cdb20e10153eab05bd,SMPro,ООО «Sales Doctor Solutions»,generic,https://billing.ibox.io/api/payment/payme
666c08ac781efeab4ee374ae,ADORA & EMA,"ИП ООО «ИП ООО ""LAURA PERI FASHION""»",generic,https://psapi.megagroup.ru/accounts/97561/notify
667196404e65d49ecbfb265b,KTV,"ООО «""WORLD FILMS"" MCHJ»",generic,https://payments.kinopro.tv/system/payme
6672708fe0a965836b233f35,MANDU MANTI,"ООО «""MANDU MANTI"" MCHJ»",generic,https://backend.optochka.com/payments/activate-payme
667290bce0a965836b234486,Tut.uz,"ООО «""U-WIN MARKET"" MCHJ»",generic,https://api.cody.mn/webhooks/pay_me/operate
6672b1f3e0a965836b234853,HOTY DOGY,"ООО «""HOTY DOGY"" MCHJ»",generic,https://hd.botagent.uz/payment/paycom
6673d0b03bf7348996c0b81b,BURSA FAMILY RESTORAN,"ООО «""BURSA FAMILY RESTORAN"" MCHJ»",generic,https://bursa.zoomda.uz:4001/payme
6673d7eb3bf7348996c0ba49,Sales Doctor,ООО «Sales Doctor Solutions»,generic,https://billing.ibox.io/api/payment/payme/subscription
667423733bf7348996c0c66e,ISSIQLIK MANBAI,"ГУП «""ISSIQLIK MANBAI"" DUK»",hiwater,https://api-hotwater.kommunal.uz/api/pay
66754a5125220e4c2319054b,BELLISSIMO SAMARKAND,ООО «BELLISSIMO SAMARKAND MCHJ»,generic,https://pay.bpnet.uz/api/payment/payme
66754d99f9ad7f6db82898ea,BELLISSIMO PIZZA,ООО «BELLISSIMO PIZZA INTERNATIONAL»,generic,https://pay.bpnet.uz/api/payment/payme
66767a15f7b6a90459fb2be0,BUNKER ACADEMY,"ООО «""BUNKER ACADEMY"" MCHJ»",generic,https://bunkerschool.uz/?wc-api=wc_payme
667915d72da784211fe4c2d7,Safia,"ООО «""MADINA-QANDOLAT"" MCHJ»",generic,https://panel.safiabakery.uz/payment/paycom?id=208
6679215d2da784211fe4c44c,BEIJING DUCK,"ООО «""BEIJING DUCK"" MCHJ»",generic,https://payment.api.delever.uz/payme
667926c992c90451bb1a7f81,CHECKER,"ООО «""CHECKER"" MCHJ»",generic,https://admin.olimpiadalar.uz/payment/payme/
667950122da784211fe4cd1c,АТТО,ООО «AVTOMATLASHTIRILGAN TRANSPORT TO’LOV TIZIMI OPERATORI»,atto,https://payme.atto.uz/v1.0
667990aaf7b6a90459fb5aed,INSAYR,ООО «INSAYR»,generic,https://24aa-117-218-180-55.ngrok-free.app
667a71bfadb6d4d7265712bf,podushechnaya,"ООО «""BLOSSOM""»",generic,https://ilhomgroup.uz/api/payme/merchant
667a9e772da784211fe4e439,SAYFUDDINOVA SHAXNOZAXON BOTIR QIZI,ЧП «SAYFUDDINOVA SHAXNOZAXON»,generic,https://urganch.go2pay.uz/api/billing/payme
667aa909e8c1ff5cab282415,SAYFUDDINOVA MADINA ABDURAXIM QIZI,ЧП «SAYFUDDINOVA MADINA»,generic,https://xiva.go2pay.uz/api/billing/payme
667aba464b23928079050073,M AND S TRADING,"ООО «""M AND S TRADING"" MCHJ»",arca,https://api-qr.uzcard.uz
667ac3b14b2392807905018c,Sleep market,"СП ООО «""SLEEP MARKET"" MCHJ XK»",arca,https://api-qr.uzcard.uz
667ac3c44b2392807905018f,Sleep market,"СП ООО «""SLEEP MARKET"" MCHJ XK»",arca,https://api-qr.uzcard.uz
667ac3d14b23928079050191,Sleep market,"СП ООО «""SLEEP MARKET"" MCHJ XK»",arca,https://api-qr.uzcard.uz
667ac4505a7f90cb8d2a5cbc,Sleep market,"СП ООО «""SLEEP MARKET"" MCHJ XK»",arca,https://api-qr.uzcard.uz
667ac4675a7f90cb8d2a5cbe,Sleep market,"СП ООО «""SLEEP MARKET"" MCHJ XK»",arca,https://api-qr.uzcard.uz
667ac473a9220d164bf1ec23,Sleep market,"СП ООО «""SLEEP MARKET"" MCHJ XK»",arca,https://api-qr.uzcard.uz
667ac6d292c90451bb1aa445,JizBiz,"ООО «""MULTI FOOD TRUST"" MCHJ»",generic,https://payment.api.delever.uz/payme
667bb672d989c6397982d911,NOMDOR SOMSA,"ООО «""NOMDOR SOMSA"" MCHJ»",generic,https://nomdor.zoomda.uz:4001/payme/
667bce8c824908f15faca63e,BRONLA,"ООО «""BRONLA"" MCHJ»",generic,https://bronla.uz/payments/merchant/
667c16acd989c6397982e7c7,HALOL PRODUCT BEST,"ООО «""HALOL PRODUCT BEST"" MCHJ»",arca,https://api-qr.uzcard.uz
667d48e0d989c6397982fcc8,UPG,ООО «UPG HOME FOR GAMERS»,generic,https://app.ox-sys.com/payments/upgrade/paycom
667e52d7d989c63979830bc2,Safia,"ООО «""MADINA-QANDOLAT"" MCHJ»",generic,https://panel.safiabakery.uz/payment/paycom?id=210
667e56a06b5a1dd4afe72caf,Max Way,"ООО «""MAXWAY FOOD"" MCHJ»",generic,https://payment.api.delever.uz/payme
667e8858d989c63979831286,Marvarid,ООО «PEARL HERITAGE»,generic,https://payment.api.delever.uz/payme
667ea07957ccf10061978018,Poytaxt Taxi,"ООО «""INTERNATIONAL SOFTWARE"" MCHJ»",generic,https://intercity.lidertaxi.uz/admin/pay-ment/payme-end-point
6682365a6db851cd35ba0a56,EVOS,ООО «MCHJ MAK FOOD SERVIS»,generic,https://evsapi.ectn.uz/callback/payme
66823f9bd989c63979834590,ENJOY FLY,"ООО «""ENJOY FLY"" MCHJ»",arca,https://api-qr.uzcard.uz
6683aacbd89bfe3733da9e4b,Гос.инспекция по карантину растений - Munis - 0218,Государственная инспекция по карантину растений при КМ РУз,munis-quarantine,http://merchant-proxy-munis-aloqa/munis-api/munisapi/payme
6684e328d1602a403ae303da,InOnTrips,"ООО «""INONTRIPS"" MCHJ»",generic,https://psapi.megagroup.ru/accounts/98143/notify
66851c83d1602a403ae30b59,NEW DAWN,"ООО «""NEW DAWN"" MCHJ»",arca,https://api-qr.uzcard.uz
66853bb2d1602a403ae31091,BAXT,"ООО «OOO  ""BAXT""»",arca,https://api-qr.uzcard.uz
66868842d1602a403ae328ef,SHASHLEEK,ООО «SHASHLEEK»,generic,https://backend.optochka.com/payments/activate-payme
66869134d1602a403ae32a61,Safia,"ООО «""MADINA-QANDOLAT"" MCHJ»",generic,https://panel.safiabakery.uz/payment/paycom?id=212
6686a7fab4b621770c7b5611,Startup Garage,"ООО «""HUMOWELS"" MCHJ»",generic,https://humo.magicbotdev.uz/handle/payme/25f5e2a3-0a7f-4e8a-a50a-18e60dfabcb3
6687cb74d1602a403ae33f03,MARIIYAM MANSUROVNA ACADEMY,"ООО «""MARIIYAM MANSUROVNA ACADEMY"" MCHJ»",generic,https://mariyam.uicgroup.tech/api/payment/callbacks/payme/
6687e206d1602a403ae34202, MAXSUS TAXI,"ООО «""MAXSUS TAXI"" MCHJ»",generic,https://manisafit.beget.app/fleet/paycom/
6687f136d1602a403ae34410,SATIS PHARM,"ООО «""SATIS PHARM"" MCHJ»",arca,https://api-qr.uzcard.uz
6687f41ad1602a403ae3446d,HAYAT KABEL,"ООО «""HAYAT KABEL"" MCHJ»",arca,https://api-qr.uzcard.uz
668b8cdcd1602a403ae373f7,WOK - СД Online,"ООО «""MEGACAPITAL"" MCHJ»",generic,https://street.botagent.uz/payment/paycom?id=10
668b8cffd1602a403ae373fe,Street 77 - СД Online,"ООО «""MEGACAPITAL"" MCHJ»",generic,https://wok.zoomda.uz:4001/payme/
668b9e48df40fe979e228dcb,DTD TECH,"ООО «""DTD TECH"" MCHJ»",generic,https://dtdtech.org/zycron/payments/payme/payme-hook.php
668bacfbdf40fe979e228fa3,Scienceproblems team,ООО «SCIENCEPROBLEMS TEAM»,generic,https://admin.bilimzone.uz/payme/get-me
668bb027315c14e87d85b1a2,HOSTIN.UZ,ООО «HASAN HUSEN BROTHERS»,generic,https://pay.hostin.uz/result/payme
668bbca4d1602a403ae37a47,YUSUPOVA FARIDA NURALIYEVNA,ЧП «YUSUPOVA FARIDA»,generic,https://loccitane.magicstore.uz/handle/payme/e896e163-398c-417e-8a6a-37417e225d7e
668bc1b3d1602a403ae37b0a,SAMTELECOM,"ООО «""SAMTELECOM""»",generic,https://194.213.16.250/paysys_check.cgi
668bc2ddd1602a403ae37b50,BEK OSIYO,"СП «""ULUG'BEK OSIYO SAVDO"" OK»",generic,https://payment.api.delever.uz/payme
668c140ad718688110dd1271,Tottiy,"ООО «""MOTHER AND CHILD"" MCHJ»",generic,https://tottiyshop.magicstore.uz/handle/payme/07f555aa-1ab1-40d7-8f86-a73e7a315410
668cdd46d1602a403ae38ef3,DUAS,"ООО «""INTERNATIONAL SWEETFOOD"" MCHJ»",generic,https://payment.api.delever.uz/payme
668ce945d1602a403ae390da,APEX PIZZA BUKHARA,"ООО «""APEX PIZZA BUKHARA"" MCHJ»",generic,https://api.apexpizza.uz/api/payment/transactions/
668d0f76d1602a403ae39611,BUKHUB COM,"ООО «""BUKHUB COM"" MCHJ»",generic,https://almuz.magicstore.uz/handle/payme/ef51a807-34d0-42cb-8918-c81d40c92492
668d164fb4b621770c7bbebd,OSNOVA,"ООО «""OSNOVA"" MCHJ»",generic,https://api.osnovaedu.uz/webhooks/payme
668d2ebdd1602a403ae39aec,Xizmat Xalq Xizmatida,"ООО «""PRAYM TAKSI"" MCHJ»",generic,https://lefubklotor.beget.app/fleet/paycom/
668d6914b4b621770c7bc835,DTD TECH,"ООО «""DTD TECH"" MCHJ»",generic,https://payments.isbcbot.ru/controllers/payments/payme/payme-hook.php
668e8c22df40fe979e22cd12,BELLISSIMO PIZZA Andijon 3,ООО «BELLISSIMO PIZZA INTERNATIONAL»,generic,https://pay.bpnet.uz/api/payment/payme
668f7a28d1602a403ae3c1d9,Yandex ,ЧП «ALISHEROV LUTFULLOH»,generic,https://miron.go2pay.uz/api/billing/payme
668fc513111200d2c295aacb,АДМИНИСТРАТИВНЫЕ ШТРАФЫ - Munis - 0210,"АО «""TBC BANK"" ATB»",munis-tbc-mvd-shtraf,http://10.100.115.73/api
668fc9d9111200d2c295ab70,Safia,"ООО «""JUGER REGION"" MCHJ»",generic,https://panel.safiabakery.uz/payment/paycom?id=231
668fd705111200d2c295ad21,1313shaharlararo,"ООО «""SARDOR COMFORT TAXI"" MCHJ»",generic,https://taxi1313.ru/api/v1/payme-base/payme-end-point
6690cb0a111200d2c295ba8d,Sarmoya Books,"ООО «""SARMOYA BOOKS"" MCHJ»",generic,https://sarmoya-books.uz/?wc-api=wc_payme
6690f0f8111200d2c295bf76,Agroplatforma,"ООО «""YAGONA INTEGRATOR-UZINFOCOM"" MCHJ»",generic,https://agroplatforma.uz/billing/pay-with-payme/
669111b0111200d2c295c50e,INFO BOZOR,"ООО «""INFO BOZOR"" XK»",generic,https://api.infobozor.uz/payme-merchant/payment
6691241765f6a3ef60841d8f,web-kassa,ННО «Ўзбекистон Экологик партияси Марказий Кенгаши»,generic,https://payment.ecouz.uz/merchant/payme/
6694cd61111200d2c295f243,ЎЗСТАНДАРТ - Munis - 0219,"АО «""TBC BANK"" ATB»",munis-tbc-uzstandart,http://10.100.115.73/api
6694d05e111200d2c295f291,Гос.инспекция по карантину растений - Munis - 0218,"АО «""TBC BANK"" ATB»",munis-tbc-quarantine,http://10.100.115.73/api
6694d1a0111200d2c295f2b4,ЗАГС - Munis - 0208,"АО «""TBC BANK"" ATB»",munis-tbc-zags,http://10.100.115.73/api
6694d2e7111200d2c295f2dc,Нотариус - Munis - 0208,"АО «""TBC BANK"" ATB»",munis-tbc-notarius,http://10.100.115.73/api
6694f9e230c39cf3ab665c92,Sleep market,"СП ООО «""SLEEP MARKET"" MCHJ XK»",generic,https://askona.uz/local/api/payme/notification.php
66951e5030c39cf3ab66612e,BÜBCHEN,ООО «BABY PRO INTERNATIONAL MCHJ»,generic,http://185.228.88.16:8081/api/payme
6695242d30c39cf3ab6661bd,FARSAVDOXIZMAT,ООО «FARSAVDOXIZMAT XF»,arca,https://api-qr.uzcard.uz
669539ad2192b82b02af1d8d,BCT,ООО «BAR CODE TECHNOLOGIES»,generic,https://api.fbox.uz/api/v1/payme/merchant/
6696558930c39cf3ab66748f,BBA - Munis - 0213,"АО «""TBC BANK"" ATB»",munis-tbc-testingcenter,http://10.100.115.73/api
6696559230c39cf3ab667491,InOnTrips,"ООО «""INONTRIPS"" MCHJ»",generic,https://psapi.megagroup.ru/accounts/98143/notify
669655d130c39cf3ab66749b,InOnTrips,"ООО «""INONTRIPS"" MCHJ»",generic,https://psapi.megagroup.ru/accounts/98143/notify
6696584530c39cf3ab66750e,Оплата за тех.осмотр - Munis - 0212,"АО «""TBC BANK"" ATB»",munis-tbc-texosmotr,http://10.100.115.73/api
6696589430c39cf3ab66751d,AL-MANSUR,ООО «AL-MANSUR»,generic,http://185.247.185.211:5096/
6696594730c39cf3ab667539,Оплата государственных услуг - Munis - 0204,"АО «""TBC BANK"" ATB»",munis-tbc-agent-gos-uslug,http://10.100.115.73/api
669662b830c39cf3ab6676b4,E-AUKSION - Munis - 1002,"АО «""TBC BANK"" ATB»",munis-tbc-mib-auction,http://10.100.115.73/api
669666e530c39cf3ab667743,GM Uzbekistan,"АО «""TBC BANK"" ATB»",munis-tbc-gm-uzbekistan,http://10.100.115.73/api
669667cf30c39cf3ab66775e,Shoqodirov,ЧП «SHAKADIROV SHOILYOS»,arca,https://api-qr.uzcard.uz
6697735730c39cf3ab6685d8,UGET CASH,"ООО «""UGET CASH"" MCHJ»",generic,https://cabinet.cashbek.uz/payment/api/payme/transaction
6697983f30c39cf3ab668aa6,SOLIQ SERVIS - ЭҲФ,ГУП «O`ZBEKISTON RESPUBLIKASI DAVLAT SOLIQ QO`MITASI HUZURIDAGI SOLIQ SERVIS DAVLAT U»,generic,https://new.soliqservis.uz/api/payme
6697a98330c39cf3ab668e08,ГТК Munis 0203,"АО «""TBC BANK"" ATB»",munis-tbc-customs,http://10.100.115.73/api
6697aac730c39cf3ab668e3c,Intellekual mulk - Munis - 0208,"АО «""TBC BANK"" ATB»",munis-tbc-ima,http://10.100.115.73/api
6697abb530c39cf3ab668e5d,ГУБДД Штрафы - Munis - 0206,"АО «""TBC BANK"" ATB»",munis-tbc-dan,http://10.100.115.73/api
6697ad7a30c39cf3ab668e94,ГУБДД Тонировка - Munis - 0204,"АО «""TBC BANK"" ATB»",munis-tbc-driver-tinting,http://10.100.115.73/api
6697aec530c39cf3ab668ebd,МИБ - Munis - 0209,"АО «""TBC BANK"" ATB»",munis-tbc-mib,http://10.100.115.73/api
6697d19280d270b331826481,Qiblah,"ООО «""BEHAD"" MCHJ»",generic,https://srvr.qiblah.app/api/v1/payme
6698a98b30c39cf3ab669b13, PROGRESS IMPERIYA MEBELI,"ООО «""PROGRESS IMPERIYA MEBELI"" MCHJ»",generic,https://progressticket.ezbook.uz/payment/paycom
6698d2bd36c2c8c75790845b,Frame,"ООО «""FRAME MEDIA"" MCHJ»",generic,https://payme.frame.uz/payment/json-rpc/payme
669903c4b9762cf5a089615c,Joyla,"ООО «""LOCAL ADS"" MCHJ»",generic,https://mobile-api.joyla.uz/payment/api/v1/payme
6699355436c2c8c757909061,Talklif,ООО «MCHJ SIMYOG`OCH NJ»,generic,https://api-ai.lex.uz/api/v1/payments/payme/webhook
669999106382714c41f9e9c6,XAY MAYLI EVENTS,"ООО «""XAY MAYLI EVENTS"" MCHJ»",generic,https://sahna.multibot.uz/paycom-new?requisite=xay_mayli_events
6699ffc4b9762cf5a0896f4a,Оплата в бюджет - Munis - 0202,"АО «""TBC BANK"" ATB»",munis-tbc-budget,http://10.100.115.73/api
669a11e636c2c8c757909e7e,SAHNA STANDUP CLUB,"ООО «""SAHNA STANDUP CLUB"" MCHJ»",generic,https://sahna.multibot.uz/paycom-new?requisite=sahna_standup_club
669a4d38b9762cf5a0897ef2,BABABEKOV RUSTAM TAIRJANOVICH,ЧП «BABABEKOV RUSTAM»,generic,https://babymarket.uz/?wc-api=wc_payme
669b85f1d94b4a4537dce955,pDaftar,"ООО «""THEDEVS"" MCHJ»",generic,https://api.pdaftar2.uz/handle/payme
669bd66bb0ca9ce6866a72a4,"""LN FAMILY PRINT"" MCHJ","ООО «""LN FAMILY PRINT"" MCHJ»",generic,https://lipka.uz/?wc-api=wc_payme
669dedc3b9762cf5a089aa67,Юнга,"ООО «""YUNGA GROUP"" MCHJ»",arca,https://api-qr.uzcard.uz
669e0893d94b4a4537dd06aa,BRRAUF WOOD,"СП «""BRRAUF WOOD"" OK»",generic,https://api.admin.u-code.io/x-api/i/brrauf-payme?x-api-key=P-6cDPEYGY5TQtCCw8Cz97olGAEcItOudR
669e0a93b9762cf5a089aecb,BAKERY FINTORG,"ООО «""BAKERY FINTORG"" MCHJ»",generic,https://backend.optochka.com/payments/activate-payme
669f4c2bb9762cf5a089c464,ORIENT SH B,"ООО «""ORIENT SH B"" MCHJ»",generic,https://api.lamenu.uz/api/payments/v1/payme
669f5703b9762cf5a089c5cd,PULLOL BUSINESS,"ООО «""PULLOL BUSINESS MIKROMOLIYA TASHKILOTI"" MCHJ»",generic,https://mfo105.flexpul.uz/public/payme/payments
669f5bfeb9762cf5a089c66a,DENTMED TECHNOLOGY,ООО «DENTMED TECHNOLOGY»,generic,https://dentmed.exord.uz/payment/paycom
669f8156b9762cf5a089cae2,MARK FORMELLE,"ООО «ООО ""MARK FORMELLE IT""»",arca,https://api-qr.uzcard.uz
669f816cb9762cf5a089caea,MARK FORMELLE,"ООО «ООО ""MARK FORMELLE IT""»",arca,https://api-qr.uzcard.uz
669f817eb9762cf5a089caf2,MARK FORMELLE,"ООО «ООО ""MARK FORMELLE IT""»",arca,https://api-qr.uzcard.uz
66a097f4b9762cf5a089db9b,ShER-BEK-SAVDO,"ООО «""SHER-BEK-SAVDO"" MCHJ»",generic,https://api.lamenu.uz/api/payments/v1/payme
66a0987bb9762cf5a089dba9,Maskan by Amir,ООО «Maskan by Amir MCHJ»,generic,https://api.lamenu.uz/api/payments/v1/payme
66a0e51ab9762cf5a089e5c0,Topmavzular,ООО «Durdona-Mironshox»,generic,https://topmavzular.uz/index.php?route=extension/payment/kit_payme&f=Callback
66a0f8e56382714c41fa676b,Mehr Go,ООО «TEAMWORK IT SOLUTIONS»,generic,https://prod.mehrgo.uz/api/v1/payme-base/payme-end-point
66a0ffb4b9762cf5a089e93e,AZIZ NANO INNOVATION,"ООО «""AZIZ NANO INNOVATION"" MCHJ»",generic,https://195.158.26.58:4433/billing/paycom/
66a10bdd6382714c41fa6922,Adamari,"ООО «""SILK SHOP"" MCHJ»",generic,https://adamarionline.magicstore.uz/handle/payme/fbf2b562-bf47-48c6-97a7-c0c12fb5b1e8
66a1dfa2b9762cf5a089f1ed,MARK FORMELLE,"ООО «ООО ""MARK FORMELLE IT""»",arca,https://api-qr.uzcard.uz
66a1e923b9762cf5a089f33f,AVRAMENKO IGOR VIKTOROVICH,ЧП «AVRAMENKO IGOR»,generic,https://b.ivend.uz/payme/api/v1/AvL6OWbqBuyryAQfbziW/rpc
66a1f7beb0ca9ce6866ad010,Sherzod birja,"НОУ «""SHERZOD BIRJA MAKTABI"" NTM»",generic,https://birja-maktabi.nt-technosoft.uz/payments/merchant/
66a2431f6382714c41fa7eb6,SMART WORLD,ЧП «ISAMUXAMEDOV NODIR»,generic,https://smartpost.magicstore.ai/handle/payme/267b0276-66f9-4bda-ae42-00e9449ef237
66a2520f6382714c41fa8074,OsonIshTop,"ООО «""JDAVRONOV-GROUP"" MCHJ»",generic,https://api.osonishtop.uz/api/v1/payme
66a32c7cb9762cf5a08a0b19,PANORAMIC RESORT - PayConnectBE,"ООО «""PANORAMIC RESORT"" MCHJ»",generic,https://cb-pay.exely.com/Payme/generic/terminals/35bd79d2-1c42-47bd-95e7-9833fed29d54
66a354d5d94b4a4537dd678b,AbusahiyBOT,"ООО «""TASHKENT TRADE CENTER"" MCHJ»",generic,https://pochtabor.yiwuas.com/api/pay/payme
66a38027b9762cf5a08a1556,TIFA,"ООО «""ASHA YANDEX GROUP"" MCHJ»",generic,https://ugiesefip.beget.app/fleet/paycom/
66a389f0b9762cf5a08a16c3,MMS HADICHA,"СП «""MMS HADICHA"" OK»",arca,https://api-qr.uzcard.uz
66a38d04b9762cf5a08a172e,Tesla Taxi,"ООО «""999 NEW TAXI"" MCHJ»",generic,https://udapeyut.beget.app/fleet/paycom/
66a49fc936c2c8c757914d18,DMS EXPRESS,"ООО «""DMS EXPRESS"" MAS'ULIYATI CHEKLANGAN JAMIYAT»",generic,https://erpsystem.dms.uz/payme/handle
66a4caa4d94b4a4537dd7e9e,EVOS,ООО «MCHJ MAK FOOD SERVIS»,generic,https://payment.api.delever.uz/payme
66a77642b9762cf5a08a4e12,Оплата государственных пошлин ОВИР - Munis - 0211,"АО «""TBC BANK"" ATB»",munis-tbc-mvd-ovir,http://10.100.115.73/api
66a77725b9762cf5a08a4e41,"Оплата членских взносов Ассоциации ""Хунарманд"" РУз – Munis – 0204","АО «""TBC BANK"" ATB»",munis-tbc-agent-gos-uslug,http://10.100.115.73/api
66a77786b9762cf5a08a4e53,Судебные платежи - Munis - 0205,"АО «""TBC BANK"" ATB»",munis-tbc-sud,http://10.100.115.73/api
66a777b9b9762cf5a08a4e62,ГТК - Munis - 0203,"АО «""TBC BANK"" ATB»",munis-tbc-customs,http://10.100.115.73/api
66a779bcb9762cf5a08a4ec9,Биопаспорт - Загранпаспорт - ГЦП - Munis - 0217,"АО «""TBC BANK"" ATB»",munis-tbc-zagranpassport,http://10.100.115.73/api
66a77a14b9762cf5a08a4ed3,Агентство по кадастру - Munis - 1201,"АО «""TBC BANK"" ATB»",munis-tbc-cadastre,http://10.100.115.73/api
66a77aeeb9762cf5a08a4f00,Pedagog kadrlar attestatsiyasi - Munis - 0224,"АО «""TBC BANK"" ATB»",munis-tbc-teacher-certification,http://10.100.115.73/api
66a77b3cb9762cf5a08a4f05,ГНК - Munis - 0201,"АО «""TBC BANK"" ATB»",munis-tbc-nalog,http://10.100.115.73/api
66a77b60b9762cf5a08a4f10,ГНИ для Юр Лиц - Munis - 0223,"АО «""TBC BANK"" ATB»",munis-tbc-nalog,http://10.100.115.73/api
66a77b8eb9762cf5a08a4f14,Пропускные пункты ГТК - Munis - 1203,"АО «""TBC BANK"" ATB»",munis-tbc-border-gtk,http://10.100.115.73/api
66a77bc1b9762cf5a08a4f1c,Оплата за ВУЗы - Munis - 1303,"АО «""TBC BANK"" ATB»",munis-tbc-tuition,http://10.100.115.73/api
66a77f0db9762cf5a08a4f81,ГТК Аэропорт (физ.лица) – Munis - 1203,"АО «""TBC BANK"" ATB»",munis-tbc-aeroport,http://10.100.115.73/api
66a78137b9762cf5a08a4fca,BOOKHARA,"ООО «""ULYSSE AVIA"" MCHJ»",avia,http://172.17.9.230:8000
66a78d82b9762cf5a08a5181,APEXPIZZA,"ООО «""PRIMEPIZZA"" MCHJ»",generic,https://apex-go.lavina-staging.uz/api/payment/transactions/
66a78fbab9762cf5a08a51c4,OEFEN.UZ,ЧП «OMONOV FIRDAVS»,generic,https://oefen.uz/merchant/paycom
66a87434b9762cf5a08a5af0,Legend Water,"ООО «""TASS PRIMAVERA"" MCHJ»",generic,https://api.legendwater.uz/api/payments/payme
66a87eb5b9762cf5a08a5c2c,YANGI TV | YangiTV,"ООО «""SERIAL TV"" MCHJ»",generic,https://payments.yangi.tv/system/payme
66a8821ab9762cf5a08a5ca1,RASSVET KOFE,"ООО «""RASSVET KOFE"" MCHJ»",arca,https://api-qr.uzcard.uz
66a8828cb9762cf5a08a5cbe,COFFEE STORE,"ООО «""COFFEE STORE"" MCHJ»",generic,https://coffeestore.uz/index.php?route=extension/payment/payme/callback
66a88fb3b9762cf5a08a5e8e,BeshQozon (Nurafshon),"ООО «""FAZEEL"" MCHJ»",generic,https://beshqozon.zoomda.uz:4001/payme/
66a8959cb9762cf5a08a5f5a,WebMobile,ЧП «RAJABOV ISKANDAR»,generic,https://pay.webmobile.uz/pay/payme/XhqfZxnpBcoFtIrebNgwUGaRWlLPiSVmvsQYOMkzKuCEDAjyJd
66a8e36836c2c8c757919408,IDEA MEBEL,"СП «""IDEA MEBEL"" XK»",generic,https://0126-195-158-24-249.ngrok-free.app/payments/merchant/
66a9e527b9762cf5a08a796f,ZUMAR-TAOMLARI 1,"СП «""SARDOR TASTE"" OK»",generic,https://api.lamenu.uz/api/payments/v1/payme
66a9f49536c2c8c75791a292,Aralash,"ООО «""DIGITAL EDGE CONSULT"" MCHJ»",generic,https://dev.aralash.uz/payme-service/callback/index
66aa264ab0ca9ce6866b5a63,MISS TAXI,"ООО «""MISS TAXI"" MCHJ»",generic,https://backend.miss.fast-taxi.uz/paysys-api/payme
66aa296db9762cf5a08a81cb,BI GROUP,"ООО «""BOTANIKA SAROYI"" MCHJ»",generic,https://pay.bi-group.org/api/v1/jsonrpc/PayMeExternal/PayMeExternal
66ab537ab9762cf5a08a9573,WEBER PAINTS,"ООО «""WEBER PAINTS"" MCHJ»",arca,https://api-qr.uzcard.uz
66ab57feb9762cf5a08a9621,Housekeeper,"ООО «""CREATIVE SOLUTION TEAM"" MCHJ»",generic,https://back.housekeepers.uz/api/payment/payme
66ab6933b9762cf5a08a9868,Baxila,ЧП «YUSUPOV DAVRON»,generic,https://b.ivend.uz/payme/api/v1/8y3nTl8YP7gJhkgY8Orq/rpc
66ab7ccbb9762cf5a08a9bc4,BORK,"ООО «""SDA-TECH"" MCHJ»",arca,https://api-qr.uzcard.uz
66ac76d6b9762cf5a08aa916,Inter Nation School,"ООО «""INTEST MAX"" MCHJ»",internation-products,https://lms.api.inter-nation.uz
66ac7f3ab9762cf5a08aaa38,ORGINAL SOVGALAR PARFYUM,ЧП «ABLAQULOV BOTIR»,arca,https://api-qr.uzcard.uz
66acb7ceb0ca9ce6866b89b9,Bellissimo Pizza Беруни I/O,ООО «PIZZA DELIVERY»,generic,https://pay.bpnet.uz/api/payment/payme
66acddffb9762cf5a08ab6fc,Safia,"ООО «""MADINA-QANDOLAT"" MCHJ»",generic,https://panel.safiabakery.uz/payment/click-prepare?id=234
66acdfc1b9762cf5a08ab73f,Safia,"ООО «""MADINA-QANDOLAT"" MCHJ»",generic,https://panel.safiabakery.uz/payment/click-prepare?id=236
66ace1d9b9762cf5a08ab774,Safia,"ООО «""JUGER REGION"" MCHJ»",generic,https://panel.safiabakery.uz/payment/click-prepare?id=232
66b0a545b9762cf5a08af0ef,Apex Bank,"АО «""APEX BANK"" AJ»",apex-bank,https://mobapi.apexbank.uz
66b0befdb9762cf5a08af66c,Kamolon Milliy Taomlari,"ООО «""TEXNO-SANOAT"" MCHJ»",generic,https://backend.optochka.com/payments/activate-payme
66b1969acaf5855adf58328e,dev,ООО «Softex»,generic,https://payme-service.openstudy.uz
66b1aea9b9762cf5a08b0397,LUMEN LUX,"ООО «""LUMEN LUX""»",generic,https://lumenlux.uz/payme/prepare
66b1ee18b9762cf5a08b0b36,MUTOLAAXONA,"ООО «""MUTOLAAXONA"" MCHJ»",generic,https://api.mutolaa.com/api/v1/payment/donation/DonationPayme/
66b1f3bab9762cf5a08b0bfe,"""GAZ NEFT - AVTO BENZIN"" MCHJ","ООО «""GAZ NEFT - AVTO BENZIN"" MCHJ»",generic,https://mustang-charger.uicgroup.tech/api/v1/payment/payme/
66b1f4f2b9762cf5a08b0c43,PS CLOUD SERVICES ,"ООО «""PS CLOUD SERVICES"" MCHJ»",generic,https://pgw.pscloud.uz/payme/
66b20cdcb9762cf5a08b0f9d,SALES DOCTOR,СП «SALES  DOCTOR OK»,generic,https://api.isaev-full-contact.uz/api/payments/payme
66b33823b9762cf5a08b236f,BEHRO'Z AL-AZIZ,"ООО «""BEHRO'Z AL-AZIZ"" MCHJ»",arca,https://api-qr.uzcard.uz
66b345dfb9762cf5a08b2684,DUNYO,"ООО «ООО ""SUPER GLASS FURNITURE""»",generic,https://backend.optochka.com/payments/activate-payme
66b3ad956382714c41fbac8d,"""KEMA-FUTURE""","ООО «""KEMA-FUTURE"" MCHJ»",generic,https://test.qayiq.uz/payment/payme
66b458e7b9762cf5a08b36e1,GRAVITY BAR,"ООО «""GRAVITY BAR"" MCHJ»",generic,https://gravity.zoomda.uz:4001/payme/
66b4c451b9762cf5a08b456c,ISHTIXON ZIG'IR OSH,"ООО «""NOMDOR PALOV"" MCHJ»",generic,https://api.lacafe.uz/api/payments/v1/payme
66b5a784b9762cf5a08b4f21,МУНИС,"АО «""TBC BANK"" ATB»",munis-agent-gos-uslug,http://merchant-proxy-munis-aloqa/munis-api/munisapi/payme
66b5a7cbb9762cf5a08b4f2d,TEST 2 Давлат хизматлари агентлиги - Munis - 0204,"АО «""TBC BANK"" ATB»",munis-agent-gos-uslug,http://merchant-proxy-munis-aloqa/munis-api/munisapi/payme
66b5b361b9762cf5a08b50ad,BI GROUP FLAGMAN ,"ООО «""SJT ESTATES"" MCHJ QK»",generic,https://pay.bi-group.org/api/v1/jsonrpc/PayMeExternal/PayMeExternal
66b5bd9a6382714c41fbcd62,MEDIA CONTENT PRODUCTION AND BROADCAST,"ООО «""MEDIA CONTENT PRODUCTION AND BROADCAST"" MCHJ»",generic,https://billing.splay.uz/en/api/v2/billing/payme/
66b5e170caf5855adf5885a2,MUTOLAAXONA,"ООО «""MUTOLAAXONA"" MCHJ»",generic,https://api.mutolaa.com/api/v1/payment/donation/DonationFromPayme/
66b61ec5b9762cf5a08b5db1,Safia,"ООО «""MADINA-QANDOLAT"" MCHJ»",generic,https://panel.safiabakery.uz/payment/paycom?id=237
66b63ee36382714c41fbdadb,SmmAPIBot,ЧП «ALIJONOV OTABEK»,generic,https://smmapi.uz/payme/payme/index.php
66b99d279412202b2cc2d7b1,SAFAROVA LAYLO AZIMOVNA,ЧП «YATT SAFAROVA»,arca,https://api-qr.uzcard.uz
66b9f3f49412202b2cc2e22e,Safia,"ООО «""JUGER REGION"" MCHJ»",generic,https://panel.safiabakery.uz/payment/paycom?id=239
66bb2e679412202b2cc2f6fe,MINOR SOMSA,ЧП «AZIZOV SARDORJON»,generic,https://backend.optochka.com/payments/activate-payme
66bb31a09412202b2cc2f774,MARK FORMELLE,"ООО «ООО ""MARK FORMELLE IT""»",arca,https://api-qr.uzcard.uz
66bb34f5b9b8048c5e7f8b06,CJ TECH,"ООО «""CJ TECH"" MCHJ»",generic,https://evmotorparts.iziyan.cn/api/payme/notify
66bb3faf8326c8dc50ab50dc,EVOS,ООО «MCHJ MAK FOOD SERVIS»,generic,https://evsapi.ectn.uz/callback/payme
66bb400a6b91eaa391b2dea7,EVOS,ООО «MCHJ MAK FOOD SERVIS»,generic,https://payment.api.delever.uz/payme
66bb537b2f8d5ff4746e454a,"""TA'LIM PORTALI"" MCHJ","ООО «""TA'LIM PORTALI"" MCHJ»",generic,https://api.iapply.org/v1/payments/payme
66bb644d9412202b2cc2fd5b,XVAN ILYA PURXANATDINOVICH,ЧП «XVAN ILYA»,generic,https://nokis.go2pay.uz/api/billing/payme
66bb64749412202b2cc2fd5e,XVAN ILYA PURXANATDINOVICH,ЧП «XVAN ILYA»,generic,https://qaraqalpaq.go2pay.uz/api/billing/payme
66bb648b9412202b2cc2fd62,XVAN ILYA PURXANATDINOVICH,ЧП «XVAN ILYA»,generic,https://qareqen.go2pay.uz/api/billing/payme
66bc3709a8c31164a665c54b,winpro.uz,ООО «Jaykhun developers MChJ»,generic,https://api.winpro.uz/v2/payme
66bc433c9412202b2cc3073f,Сверка Мунис TBC,ООО «Сверка»,munis-tbc,http://10.100.115.73/api
66bdd0109412202b2cc32b51,SHUKURULLAYEVA ROBIYAXON XIKMATILLA QIZI,ЧП «SHUKURULLAYEVA ROBIYAXON»,generic,https://lyabipulbot.go2pay.uz/api/billing/payme
66bdd03e9412202b2cc32b59,SHUKURULLAYEVA ROBIYAXON XIKMATILLA QIZI,ЧП «SHUKURULLAYEVA ROBIYAXON»,generic,https://emir.go2pay.uz/api/billing/payme
66bdd0579412202b2cc32b62,SHUKURULLAYEVA ROBIYAXON XIKMATILLA QIZI,ЧП «SHUKURULLAYEVA ROBIYAXON»,generic,https://minor.go2pay.uz/api/billing/payme
66bdd1109412202b2cc32b89,RASULOVA MUSLIMAXON ZUXRIDDIN QIZI,ЧП «RASULOVA MUSLIMAXON»,generic,https://qarshi.go2pay.uz/api/billing/payme
66bdd1339412202b2cc32b93,RASULOVA MUSLIMAXON ZUXRIDDIN QIZI,ЧП «RASULOVA MUSLIMAXON»,generic,https://nasaf.go2pay.uz/api/billing/payme
66bdd1529412202b2cc32b99,RASULOVA MUSLIMAXON ZUXRIDDIN QIZI,ЧП «RASULOVA MUSLIMAXON»,generic,https://sahro.go2pay.uz/api/billing/payme
66bef1cf9412202b2cc33dff,LAGMAN24,"ООО «""NOODLE 24"" MCHJ»",generic,https://backend.optochka.com/payments/activate-payme
66bf37be9412202b2cc34820,LION PRINT,"ООО «""DJK LION PRINT"" XK»",arca,https://api-qr.uzcard.uz
66bf4fb39412202b2cc34b83,"""ECLOUDS""",ООО «ECLOUDS»,generic,https://api.cryptoshop.uz/payme/jsonrpc
66bf595aa8c31164a6660b96,Romchi,"ООО «""WEB GUL BAZAR"" MCHJ»",generic,https://api.romchi.uz/api/subscription/payme
66c0918da8c31164a6661a43,EduPortal,ООО «TAFAKKUR GROUP»,generic,https://testportal.uz/api/v1/payme
66c314189412202b2cc37a2d,MOTHER AND CHILD,"ООО «""MOTHER AND CHILD"" MCHJ»",generic,https://tottiyuz.uz/?wc-api=wc_payme
66c321fa9412202b2cc37c37,RAHAT NETWORKS,"ООО «""RAHAT NETWORKS"" MCHJ»",generic,https://itd.uz/index.php?route=extension/payment/kit_payme&f=Callback
66c32643b9b8048c5e800ea3,Turin Mobile,ООО «Turin Politexnika Universitet»,generic,https://talaba.turin.uz/payment/api/payme/paycom/
66c3290b9412202b2cc37d47,Payme Nasiya,ООО «TBC NASIYA»,tbc-fin-service,https://gateway.paymenasiya.uz/vsirs/payme/transaction
66c329d59412202b2cc37d71,DJUMAYEV BOBIR BOTIROVICH,ЧП «DJUMAYEV BOBIR»,generic,https://drivertaxi.go2pay.uz/api/billing/payme
66c32a0b9412202b2cc37d7c,DJUMAYEV BOBIR BOTIROVICH,ЧП «DJUMAYEV BOBIR»,generic,https://gumbazpulbot.go2pay.uz/api/billing/payme
66c32a519412202b2cc37d86,DJUMAYEV BOBIR BOTIROVICH,ЧП «DJUMAYEV BOBIR»,generic,https://boburshoxtaxi.go2pay.uz/api/billing/payme
66c32a6b9412202b2cc37d8a,DJUMAYEV BOBIR BOTIROVICH,ЧП «DJUMAYEV BOBIR»,generic,https://asakataxigo.go2pay.uz/api/billing/payme
66c32bf69412202b2cc37dd2,XAKIMOV KAMRON ISTAMOVICH,ЧП «XAKIMOV KAMRON»,generic,https://nomer1pulbot.go2pay.uz/api/billing/payme
66c32c109412202b2cc37dd8,XAKIMOV KAMRON ISTAMOVICH,ЧП «XAKIMOV KAMRON»,generic,https://sifat.go2pay.uz/api/billing/payme
66c32c659412202b2cc37dec,SHARIPOV ABUBAKR XAYRILLOYEVICH,ЧП «SHARIPOV ABUBAKR»,generic,https://qoqonpulbot.go2pay.uz/api/billing/payme
66c32c7f9412202b2cc37dee,SHARIPOV ABUBAKR XAYRILLOYEVICH,ЧП «SHARIPOV ABUBAKR»,generic,https://rishtonpulbot.go2pay.uz/api/billing/payme
66c32c9f9412202b2cc37df8,SHARIPOV ABUBAKR XAYRILLOYEVICH,ЧП «SHARIPOV ABUBAKR»,generic,https://orda.go2pay.uz/api/billing/payme
66c32d179412202b2cc37e11,UKTAMOV SHUXRAT UKTAMOVICH,ЧП «UKTAMOV SHUXRAT»,generic,https://humopulbot.go2pay.uz/api/billing/payme
66c32d359412202b2cc37e16,UKTAMOV SHUXRAT UKTAMOVICH,ЧП «UKTAMOV SHUXRAT»,generic,https://chorsu.go2pay.uz/api/billing/payme
66c350aeb9b8048c5e801438,InoMarket,"ООО «""ZBEKZ GROUP"" MCHJ»",generic,https://api.karly.app/v2/pay/payme/webhook
66c44a979412202b2cc39063,MAX PHARM SERVICE,ООО «MAX PHARM SERVICE»,generic,https://maxlinegroup.uz/api/v1/payme
66c45f149412202b2cc392e4,BNZ INDUSTRIAL SUPPORT,"СП ООО «""BNZ INDUSTRIAL SUPPORT"" MCHJ»",generic,https://www.hilti.com.uz/services/apexrest/payme
66c470859412202b2cc39522,O Z LIDEP PARTIYASI, «TADBIRKORLAR VA ISHBILARMONLAR HARAKATI-O`ZBEKISTON LIBERAL-DEMOKRATIK PARTIYASI»,generic,https://uzlidep.uz/api/payme
66c4799b8326c8dc50abec21,Humo TV,"ООО «""XOLODOC GROUP"" XK»",generic,https://payments.humo-tv.uz/system/payme
66c4c7a5a8c31164a6665d79,Ziyoly.uz,"ООО «""TESTBOR"" MCHJ»",generic,https://api.testbor.com/subscription/payme/rpc
66c58c972f8d5ff4746ef021,Loris,"ООО «""LORIS PARFUM"" MCHJ»",generic,https://api.lorisparfume.uz/api/v1/payme/perform-transactions
66c5bcb99412202b2cc3b0f0,NAFIS SIHAT DARMON,"ООО «""NAFIS SIHAT DARMON"" MCHJ»",arca,https://api-qr.uzcard.uz
66c5cd446b91eaa391b3965c,Teamwork.uz,ООО «TEAMWORK IT SOLUTIONS»,generic,https://billing.teamwork.uz/api/v1/payme/payme-end-point
66c5e2d19412202b2cc3b77e,O Z LIDEP PARTIYASI, «TADBIRKORLAR VA ISHBILARMONLAR HARAKATI-O`ZBEKISTON LIBERAL-DEMOKRATIK PARTIYASI»,generic,https://uzlidep.uz/api/test
66c6af172f8d5ff4746f0512,EVOS,ООО «MCHJ MAK FOOD SERVIS»,generic,https://evsapi.ectn.uz/callback/payme
66c6af5f2f8d5ff4746f0517,EVOS,ООО «MCHJ MAK FOOD SERVIS»,generic,https://payment.api.delever.uz/payme
66c6dcea9412202b2cc3c418,IT TALIM BERISH MARKAZI USTUDY,"ООО «""IT TA`LIM BERISH MARKAZI USTUDY"" MCHJ»",generic,https://backend.edutizim.uz/paysys-api/integrations/payme/ustudy
66c6e1659412202b2cc3c4e5,ЖИВАЯ ВОДА - АЛМАЛЫК,"СП «""H-2-O"" OK»",alivewater,https://mobile.api.alivewater.online
66c6e1719412202b2cc3c4e7,ЖИВАЯ ВОДА - АЛМАЛЫК,"СП «""H-2-O"" OK»",alivewater,https://mobile.api.alivewater.online
66c6e1839412202b2cc3c4ea,ЖИВАЯ ВОДА - АЛМАЛЫК,"СП «""H-2-O"" OK»",alivewater,https://mobile.api.alivewater.online
66c6e1909412202b2cc3c4ec,ЖИВАЯ ВОДА - АЛМАЛЫК,"СП «""H-2-O"" OK»",alivewater,https://mobile.api.alivewater.online
66c6e19d9412202b2cc3c4f3, ул.Фурката 20,"СП «""H-2-O"" OK»",alivewater,https://mobile.api.alivewater.online
66c6edb89412202b2cc3c6cd,Idealsmm,ЧП «NAJIMOV FIRDAVS»,generic,https://my.idealsmm.com/payments/providers/payme/
66c70e219412202b2cc3ccfd,STARTUP GARAGE,"ООО «""STARTUP GARAGE"" MCHJ»",generic,https://api.sg.glmv/api/payme
66c710f99412202b2cc3cd6b,KHACHAPURI,"СП «""URBAN PROFITAL"" OK»",generic,https://backend.optochka.com/payments/activate-payme
66c719db9412202b2cc3cecc,MEDION ACADEMY,"ООО «""MEDION ACADEMY"" MCHJ»",generic,https://medioneducation.uz/?wc-api=wc_payme
66c719fb9412202b2cc3ced4,HOTDOGGER - OPTOCHKA,"ООО «""HABIBA YUSUFXO`JA"" MCHJ»",generic,https://backend.optochka.com/payments/activate-payme
66c71ab89412202b2cc3cf15,OLCHA.UZ,ООО «OLCHA STORE»,generic,https://billing.crmtravel.uz/webhook/payme?signature=304b13581d75290b034b0b49527c220641a710b3f336218c7bd5d635cf2aa4fe
66c9b2f0a8c31164a666b5c2,CSZONE.UZ,ООО «HASAN HUSEN BROTHERS»,generic,https://cszone.uz/payments/payme/
66cc3eb59412202b2cc41c71,STAR market,ЧП «PIRMATOV BEKZOD»,arca,https://api-qr.uzcard.uz
66cc59bb9412202b2cc4202f,ASADBEK HOKIM,"ООО «""ASADBEK HOKIM"" MCHJ»",arca,https://api-qr.uzcard.uz
66cc6a2f9412202b2cc4228e,Coffee Self Service,"ООО «""COFFEE SELF SERVICE"" MCHJ»",generic,https://b.ivend.uz/payme/api/v1/mpDIOOf3bEdYWRQ89Vos/rpc
66cc6cd79412202b2cc422f4,Safia,"ООО «""MADINA-QANDOLAT"" MCHJ»",generic,https://panel.safiabakery.uz/payment/paycom?id=240
66cc881b9412202b2cc42641,FRESHMOVE,"ИП ООО «""FRESHMOVE"" MCHJ XK»",generic,https://payment.api.delever.uz/payme
66cda0d39412202b2cc435fb,AL-MUAMALAT CONSULTING,"ООО «""AL-MUAMALAT CONSULTING"" MCHJ»",generic,https://api.al-muamalat.uz/api/payment/payme
66cdb48f9412202b2cc43911,AIKO WOODS,"ООО «""AIKO WOODS"" MCHJ»",generic,https://api.aiko.uz/web/v1/payments/payme/webhook
66cdf55aa8c31164a666fb23,AVEXA,ООО «AVEXA»,generic,https://itspace.uz/
66cdfb052f8d5ff4746f8435,AVEXA,ООО «AVEXA»,generic,https://findz.uz/api/paycom
66ceb7319412202b2cc446bb,BUYUK ISTANBUL,"ООО «""BUYUK ISTAMBUL TAOMLARI"" MCHJ»",generic,https://payment.api.delever.uz/payme
66cecae29412202b2cc4499e,Yaponamama - Дарк китчен,ООО «TOSHTAOMSAVDO»,generic,https://payment.api.delever.uz/payme
66cef775a8c31164a6670b48,Trend Bakery,ООО «OOO ABC Trend Bakery»,generic,https://api.lacafe.uz/api/payments/v1/payme
66cf06f99412202b2cc45278,ЯМ-Авиа - DELEVER,"ООО «""ЯМ-Авиа"" Yaponamama-AVIA»",generic,https://payment.api.delever.uz/payme
66cf0c3d9412202b2cc45376,"""XONOBOD SAVDO QURILISH"" XK",ЧП «undefined undefined»,generic,https://giperbrendstroy.uz/index.php?route=extension/payment/kit_payme&f=Callback
66d049919412202b2cc4680b,ELEGANT TAXI,"ООО «""NUMBER 1 TAXI"" MCHJ»",generic,https://staberixoon.beget.app/fleet/paycom/
66d070342f8d5ff4746fb089,MySafar,"ООО «""MY SAFAR AS"" MCHJ»",generic,https://api.mysafar.ru/payme/callback
66d07fb28326c8dc50acc05d,RadioMer,ООО «RADIO DEVICES»,generic,https://device.radiomer.uz/api/payment/payme/v2
66d09a06b9b8048c5e80fe75,RadioMer,ООО «RADIO DEVICES»,generic,https://device.radiomer.uz/api/payment/payme/v2
66d6f2792f8d5ff474700d05,chik.uz,ЧП «IBROHIMOV AKMALXO‘JA»,generic,https://chik.uz/api/payme
66d8058c9412202b2cc4da13,NIGORA XOJI ONA MARKET ККМ,"ООО «""NIGORA XOJI ONA MARKET"" MCHJ»",arca,https://api-qr.uzcard.uz
66d806a49412202b2cc4da4c,MUTOLAAXONA,"ООО «""MUTOLAAXONA"" MCHJ»",generic,https://api.mutolaa.com/api/v1/payment/premium/PremiumPayme/
66d806ce9412202b2cc4da51,MUTOLAAXONA,"ООО «""MUTOLAAXONA"" MCHJ»",generic,https://api.mutolaa.com/api/v1/payment/wallet/WalletFromPayme/
66d8081a9412202b2cc4da73,MARK FORMELLE,"ООО «ООО ""MARK FORMELLE IT""»",arca,https://api-qr.uzcard.uz
66d8557d9412202b2cc4e581,BETA,ООО «BETA»,generic,https://rukzaki.uz/payment/payme/index.php
66d85fe89412202b2cc4e710,KOLBERG MEDICAL,"ООО «""KOLBERG MEDICAL"" MCHJ»",generic,http://146.158.94.97:5869/api/payme/index.php
66d94e339412202b2cc4f272,Hyper Parnters,"ИП ООО «""HYPER PARTNERS"" MCHJ XK»",generic,https://195.158.1.5:5002/paycom/merchantapi/index.php
66d957499412202b2cc4f3e2, Sirali Kebap,СП ООО «TRIO INVESTMENT GROUP MCHJ  QO`SHMA KORXONA»,generic,https://backend.optochka.com/payments/activate-payme
66d990fa2f8d5ff474703d99,"""ECLOUDS""",ООО «ECLOUDS»,generic,https://domains.uz/api/payme/callback?secret=j3j4mkf8932saio
66d99e5e9412202b2cc4fdd3,D ECO,"ООО «""D ECO"" MCHJ»",generic,https://croissanteco.probitech.uz/payme
66d9fec08326c8dc50ad5689,ORAX ,"ООО «""MASTER-ZAR"" XK»",generic,https://orax.uz/api/user/billing/payme
66daa77c9412202b2cc50c3b,"""AL-DARXON"" MCHJ","ООО «""AL-DARXON"" MAS'ULIYATI CHEKLANGAN JAMIYAT»",generic,https://payment.api.delever.uz/payme
66dac8608326c8dc50ad622d,MOLIYA.ACADEMY,"НОУ «""NORMA PROFESSIONAL RIVOJLANISH MARKAZI"" NTM»",generic,https://moliya.academy/scripts/pay/payme
66db04e99412202b2cc519cb,Anor Market,"ООО «""ANORZOR UNIVERSAL TREYD"" MCHJ»",arca,https://api-qr.uzcard.uz
66db49f56b91eaa391b4fe2b,LOAN.UZ,ЧП «TOTLIBOYEV AZIZBEK ABDUZUFAR O‘G‘LI»,generic,https://api.loan.org.uz/api/payment/payme
66de9385b9b8048c5e81cf05,Serobsuv,"ООО «""SEROBSUV"" MCHJ»",generic,https://payment.dukduk.uz/payme
66de99169412202b2cc54454,Uzbekistan Airways,"ГУП «""UZBEKISTAN AIRWAYS"" AKSIYADORLIK JAMIYATI»",generic,https://pay.uzairways.com:88/manualpayme/
66debb709412202b2cc5490b,K Watt,"ИП ООО «""KALO HOLDINGS CORPORATION"" MCHJ»",generic,https://webhook-57a2ovtota-el.a.run.app/payment/payme/
66dfee429412202b2cc560e0,ENDOKRINALOGIYA MARKAZI," «""AKADEMIK Y.X.TO`RAQULOV NOMI»",generic,http://195.158.30.114:82/payme/hs/payme/service
66e01f319412202b2cc56805,NAMANGAN-ISTIQLOL BOG`I,"ООО «""NAMANGAN-ISTIQLOL BOG`I"" MCHJ»",generic,https://afsona.transitgroup.uz/api/v1/payment/payme/
66e01f569412202b2cc5680c,AIRPIT SERVICES,"ООО «""AIRPIT SERVICES"" MCHJ»",arca,https://api-qr.uzcard.uz
66e0319eb9b8048c5e81f566,Punct,"ООО «""SUPPORT POINT"" »",generic,https://punct.uz/i/payme/
66e0384f2f8d5ff47470ac71,Nordic Journal,"ООО «""XALQARO NORDIK UNIVERSITETI"" MCHJ»",generic,https://journal2.nordicun.uz/confirm
66e296a06db2c8094f464845,OPA SINGILLAR BALIQ MARKAZI,"СП «""OPA-SINGILLAR BALIQ MARKAZI"" OK»",generic,https://api.lamenu.uz/api/payments/v1/payme
66e2e66043059d2bd918d3aa,SUSHi CO,"ООО «""FLY FOOD RETAIL"" MCHJ»",generic,https://payment.api.delever.uz/payme
66e2e6db43059d2bd918d3ba,CTR GOLD,"ООО «""CTR GOLD"" MCHJ»",generic,https://ctr.zoomda.uz:4001/payme/
66e3f2e943059d2bd918e261,Payme Plus | Мониторинг,АО 'PAYME',generic,http://172.17.9.166:8485
66e3f2ff43059d2bd918e265,Payme Plus | Всё включено,АО 'PAYME',generic,http://172.17.9.166:8485
66e4084043059d2bd918e4bb,XSECURITY,"ООО «""XSECURITY"" MCHJ»",arca,https://api-qr.uzcard.uz
66e79c83de074dc7b8e2b3dd,QUEEN OF MEDITATION,"НОУ «""QUEEN OF MEDITATION"" NTM»",generic,https://med-lab.uz/nafisanorkulovabot/paycom-integration-php-template/index.php
66e8020743059d2bd9192166,RIBNOE MESTECHKO,"ООО «""RIBNOE MESTECHKO"" MCHJ»",arca,https://api-qr.uzcard.uz
66e8022643059d2bd919216d,RIBNOE MESTECHKO,"ООО «""RIBNOE MESTECHKO"" MCHJ»",arca,https://api-qr.uzcard.uz
66e8024543059d2bd919217f,RIBNOE MESTECHKO,"ООО «""RIBNOE MESTECHKO"" MCHJ»",arca,https://api-qr.uzcard.uz
66e8025f43059d2bd9192185,RIBNOE MESTECHKO,"ООО «""RIBNOE MESTECHKO"" MCHJ»",arca,https://api-qr.uzcard.uz
66e806be43059d2bd9192240,KORZINKA.UZ,"ИП ООО «""ANGLESEY FOOD"" MCHJ XK»",parqour,https://api.parqour.app
66e8162443059d2bd9192543,CARWA,"НОУ «""CENTRAL ASIA RUN AND WALKING ACADEMY"" NTM»",generic,https://yugur.uz/api/marathon/Payment/PaymePro
66e8268843059d2bd919285b,TULPAR TRANS SERVIS,"ООО «""TULPAR TRANS SERVIS"" MCHJ»",generic,https://igamdifug.beget.app/billing/paycom/
66e8294643059d2bd91928ba,M S A  COMMERCE,"ООО «""M S A  COMMERCE"" XK»",arca,https://api-qr.uzcard.uz
66e82ab6de074dc7b8e2c9b4,YOTO Store,"ООО «""SELLTON"" MCHJ»",generic,https://shop.esot.uz/?wc-api=wc_payme
66e930e6de074dc7b8e2d90e,Komakchi_UZ,"ООО «""CLOVERLAB"" MCHJ»",generic,https://komakchi.uz/payment/payme
66e9458d43059d2bd9193b11,AZAM LIDER,"ООО «""AZAM LIDER"" MCHJ»",arca,https://api-qr.uzcard.uz
66e94cda43059d2bd9193c2d,PASTA PASTA Беруни,"ООО «""PASTA-PASTA BRN"" MCHJ»",generic,https://admin.pastabot.uz/payme/check-beruniy
66e9511dd8fc1656a0b95ef7,BELLISSIMO NAZARBEK,"ООО «""BELLISSIMO NAZARBEK"" MCHJ»",generic,https://pay.bpnet.uz/api/payment/payme
66e9682e43059d2bd91940d3,OMONOVA MAFTUNA SHAVKAT QIZI,ЧП «OMONOVA MAFTUNA»,generic,https://b.ivend.uz/payme/api/v1/LAMCl6c8yDZXY6N5DlYq/rpc
66eaa45743059d2bd91955f7,SHOSH ART,"ООО «""SGS GROUP AKTIV"" MCHJ»",generic,https://api.lamenu.uz/api/payments/v1/payme
66eab67543059d2bd91958b7,BOOKHARA,"ООО «""ULYSSE AVIA"" MCHJ»",bukhara-avia,https://api.bookhara.uz
66eabebed8fc1656a0b97b74,uDocs,"ООО «""YAGONA INTEGRATOR-UZINFOCOM"" MCHJ»",generic,https://api.udocs.uz/api/payment/payme
66eaf9f8ac13c70b1ccabd14,UNWANTED BOYS,ЧП «ABDUJABBOROV ISLOM»,generic,https://api.unwantedboys.uz/ppayment/paymeuz
66ebee7643059d2bd9197172,BLS TAS,"ООО «""BLS TAS"" MCHJ»",generic,https://hun-uzb.blsinternational.com/Global/payment/PaymentConfirm
66ec12c243059d2bd919792c,Cloupard ,"ООО «""CLOUPARD"" MCHJ»",generic,https://console.cloupard.uz/PaycomUz/Process
66ec194343059d2bd9197a1c,PULATOV SCHOOL,"ООО «""PULATOV SCHOOL"" MChJ»",generic,http://159.89.107.246:1810/paycom/
66ec29ce35370d1d99faebc0,Божхона қўмитаси, «O`ZBEKISTON RESPUBLIKASI DAVLAT BOJXONA QO`MITASI»,generic,https://customs.uz/api/v1/payments/payme
66ed134d35370d1d99faf928,SULTONZODALAR CHOYXONASI,"ООО «""SHUXRAT ISO MARYAM"" XK»",arca,https://api-qr.uzcard.uz
66ed155d35370d1d99faf984,DAILY FOOD EXPRESS SERVICES,"ООО «""DAILY FOOD EXPRESS SERVICES"" MCHJ»",arca,https://api-qr.uzcard.uz
66ed7e7435370d1d99fb074f,''ZIYNAT MAX''MCHJ,"ООО «""ZIYNAT MAX"" MCHJ»",generic,https://honor.furniture/payment/webhook/payme
66f1042635370d1d99fb3066,MEGAWATT ENERGY,"ООО «""MEGAWATT ENERGY"" MCHJ»",generic,https://network.ecofactor.eu/ext/payments/uz/payme
66f10a3435370d1d99fb3167,HOME SHOPPING MEDIA,ООО «HOME SHOPPING MEDIA»,generic,https://yangiretail.uz/api/cash
66f1370a8ecbad0bfeb95e68,MISS TAXI,"ООО «""MISS TAXI"" MCHJ»",generic,https://backend.miss.fast-taxi.uz/paysys-api/order/payme
66f1479135370d1d99fb3a12,Golden Rose ,ЧП «VAXABOV ISLOMJON»,generic,https://app.ox-sys.com/payments/nature/paycom
66f15d1735370d1d99fb3e5e,JUST FOOD,"ООО «""JUST FOOD"" MCHJ»",arca,https://api-qr.uzcard.uz
66f1623f35370d1d99fb3f2a,NAJIMIDDINOV,ЧП «NAJIMIDDINOV FAZLIDIN»,generic,https://b.ivend.uz/payme/api/v1/gBLZkn3bKVN3SVCCNLqd/rpc
66f1a2b21668a0b984ac79c1,INOMJONOV JAHONGIR MURODJOKN O'G'LI,ЧП «INOMJONOV JAHONGIR»,generic,https://jahoncommunitybot.uz/api/payme/
66f24d7c35370d1d99fb4985,RETAIL GROUP GLOBAL,"СП ООО «""RETAIL GROUP GLOBAL"" MCHJ QK»",arca,https://api-qr.uzcard.uz
66f24e3635370d1d99fb49a0, MASTER RETAIL STORE,"СП ООО «""MASTER RETAIL STORE"" MCHJ QK СHEIIK»",arca,https://api-qr.uzcard.uz
66f24fdd35370d1d99fb49d5, FASHION RETAIL STORE,"СП ООО «""FASHION RETAIL STORE"" MCHJ QK»",arca,https://api-qr.uzcard.uz
66f251e635370d1d99fb4a22,RETAIL GROUP STORE,"СП ООО «""RETAIL GROUP STORE"" MCHJ QK СHEIIK»",arca,https://api-qr.uzcard.uz
66f2584f35370d1d99fb4b11,Alpine Land,"ООО «ООО ""LOKOMOTIV ISTIROHAT BOG'I""»",park,213.230.66.4
66f2626c35370d1d99fb4c91,AYISHA XASAN,"ООО «""AYISHA XASAN"" MCHJ»",generic,https://api.master-kebab.uz/api/v1/payment/updates/?provider_type=payme
66f262898ecbad0bfeb972e2,Docuiz,ЧП «Docuiz Bot»,generic,http://173.212.243.187/payment/payme
66f2666a1668a0b984ac82d2,Golden Rose,ЧП «VAXABOV ISLOMJON»,generic,https://api.control.reyeah.com/appInterface/payme
66f2b69335370d1d99fb595a,SportWay,ЧП «SAMSONOV SERGEY»,generic,https://sportway.uz/payment/payme/index.php
66f2f8f45c7c8f4eba0fdbf9,Book,"ООО «""OLYMPIA""»",generic,https://olympia.uz/ru/payme/order
66f39df435370d1d99fb63a8,BIM TAXI GROUP,"ООО «""BIM TAXI GROUP"" MCHJ»",generic,https://ricuribok.beget.app/fleet/paycom/
66f3bb8535370d1d99fb6800,APEX PIZZA,"ООО «""INDEX APEX PIZZA"" XK»",generic,https://api.apexpizza.uz/api/payment/transactions/
66f3d86835370d1d99fb6c16,BOYG`UNDI INVESTOR,"ООО «""BOYG'UNDI INVESTOR"" MCHJ»",arca,https://api-qr.uzcard.uz
66f3da0635370d1d99fb6c4f,Brand Coffee,ЧП «BURXANOVA SVETLANA»,generic,https://b.ivend.uz/payme/api/v1/lYk63QHimjJcZN0tk40C/rpc
66f3f09435370d1d99fb708b,ZARA WOMAN,"СП ООО «""RETAIL GROUP GLOBAL"" MCHJ QK»",arca,https://api-qr.uzcard.uz
66f3f0a235370d1d99fb7095,ZARA WOMAN,"СП ООО «""RETAIL GROUP GLOBAL"" MCHJ QK»",arca,https://api-qr.uzcard.uz
66f3f0aa35370d1d99fb7099,ZARA WOMAN,"СП ООО «""RETAIL GROUP GLOBAL"" MCHJ QK»",arca,https://api-qr.uzcard.uz
66f3f0b435370d1d99fb709b,ZARA WOMAN,"СП ООО «""RETAIL GROUP GLOBAL"" MCHJ QK»",arca,https://api-qr.uzcard.uz
66f3f0bc35370d1d99fb709d,ZARA WOMAN,"СП ООО «""RETAIL GROUP GLOBAL"" MCHJ QK»",arca,https://api-qr.uzcard.uz
66f3f11635370d1d99fb70a8,ZARA KIDS,"СП ООО «""RETAIL GROUP GLOBAL"" MCHJ QK»",arca,https://api-qr.uzcard.uz
66f3f12135370d1d99fb70ac,ZARA KIDS,"СП ООО «""RETAIL GROUP GLOBAL"" MCHJ QK»",arca,https://api-qr.uzcard.uz
66f3f16835370d1d99fb70b2,ZARA MAN,"СП ООО «""RETAIL GROUP GLOBAL"" MCHJ QK»",arca,https://api-qr.uzcard.uz
66f3f17435370d1d99fb70b4,ZARA MAN,"СП ООО «""RETAIL GROUP GLOBAL"" MCHJ QK»",arca,https://api-qr.uzcard.uz
66f3f17d35370d1d99fb70b9,ZARA MAN,"СП ООО «""RETAIL GROUP GLOBAL"" MCHJ QK»",arca,https://api-qr.uzcard.uz
66f3f2e335370d1d99fb70f9,OYSHO,"СП ООО «""RETAIL STORE PRO"" MCHJ QK»",arca,https://api-qr.uzcard.uz
66f3f2eb35370d1d99fb70fc,OYSHO,"СП ООО «""RETAIL STORE PRO"" MCHJ QK»",arca,https://api-qr.uzcard.uz
66f3f2f235370d1d99fb70fe,OYSHO,"СП ООО «""RETAIL STORE PRO"" MCHJ QK»",arca,https://api-qr.uzcard.uz
66f3f35335370d1d99fb7109, MASTER RETAIL STORE,"СП ООО «""MASTER RETAIL STORE"" MCHJ QK СHEIIK»",arca,https://api-qr.uzcard.uz
66f3f35e35370d1d99fb710d, MASTER RETAIL STORE,"СП ООО «""MASTER RETAIL STORE"" MCHJ QK СHEIIK»",arca,https://api-qr.uzcard.uz
66f3fb4335370d1d99fb726c,ZARA Home,"СП ООО «""RETAIL GROUP STORE"" MCHJ QK СHEIIK»",arca,https://api-qr.uzcard.uz
66f3fb5435370d1d99fb7270,ZARA Home,"СП ООО «""RETAIL GROUP STORE"" MCHJ QK СHEIIK»",arca,https://api-qr.uzcard.uz
66f3fb5e35370d1d99fb7276,ZARA Home,"СП ООО «""RETAIL GROUP STORE"" MCHJ QK СHEIIK»",arca,https://api-qr.uzcard.uz
66f3fbc735370d1d99fb7285,STRADIVARIUS,"СП ООО «""SPANISH STORE"" MCHJ QK»",arca,https://api-qr.uzcard.uz
66f3fbcf35370d1d99fb7289,STRADIVARIUS,"СП ООО «""SPANISH STORE"" MCHJ QK»",arca,https://api-qr.uzcard.uz
66f3fbd735370d1d99fb728b,STRADIVARIUS,"СП ООО «""SPANISH STORE"" MCHJ QK»",arca,https://api-qr.uzcard.uz
66f4034835370d1d99fb7622,SMILECITY,"ООО «""SMILECITY"" MCHJ»",arca,https://api-qr.uzcard.uz
66f4035b35370d1d99fb7627,SMILECITY,"ООО «""SMILECITY"" MCHJ»",arca,https://api-qr.uzcard.uz
66f4036f35370d1d99fb762a,SMILECITY,"ООО «""SMILECITY"" MCHJ»",arca,https://api-qr.uzcard.uz
66f4038135370d1d99fb762c,SMILECITY,"ООО «""SMILECITY"" MCHJ»",arca,https://api-qr.uzcard.uz
66f4173b35370d1d99fb784e,BERSHKA,"СП ООО «""RETAIL BOUTIQUE"" MCHJ QK»",arca,https://api-qr.uzcard.uz
66f4174535370d1d99fb7850,BERSHKA,"СП ООО «""RETAIL BOUTIQUE"" MCHJ QK»",arca,https://api-qr.uzcard.uz
66f4174d35370d1d99fb7855,BERSHKA,"СП ООО «""RETAIL BOUTIQUE"" MCHJ QK»",arca,https://api-qr.uzcard.uz
66f4175535370d1d99fb7859,BERSHKA,"СП ООО «""RETAIL BOUTIQUE"" MCHJ QK»",arca,https://api-qr.uzcard.uz
66f4f35235370d1d99fb8149,P&B,"СП ООО «""FASHION RETAIL STORE"" MCHJ QK»",arca,https://api-qr.uzcard.uz
66f4f35c35370d1d99fb814b,P&B,"СП ООО «""FASHION RETAIL STORE"" MCHJ QK»",arca,https://api-qr.uzcard.uz
66f4f36635370d1d99fb814f,P&B,"СП ООО «""FASHION RETAIL STORE"" MCHJ QK»",arca,https://api-qr.uzcard.uz
66f4f37435370d1d99fb8153,P&B,"СП ООО «""FASHION RETAIL STORE"" MCHJ QK»",arca,https://api-qr.uzcard.uz
66f5026235370d1d99fb835e,KROWN FOOD,"ООО «""KROWN FOOD"" MCHJ»",arca,https://api-qr.uzcard.uz
66f5028f35370d1d99fb8369,AJ AND J GROUP,"ООО «""AJ AND J GROUP"" MCHJ»",generic,https://cabinet.my-lib.uz/api/payme/pay
66f53ca035370d1d99fb8ba2,GB WAY,ООО «Bojxona Hamkor»,arca,https://api-qr.uzcard.uz
66f53ec035370d1d99fb8bff,NORBEKOV SOG`LOMLASHTIRISH VA MASLAHAT MARKAZI,"ООО «""NORBEKOV SOG`LOMLASHTIRISH VA MASLAHAT MARKAZI"" MCHJ»",generic,https://api.norbekovgroup.uz
66f54b1c35370d1d99fb8da7,Subyektiv,ЧП «ZIYOXONOV JAMSHIDXON»,generic,https://telegram.reaktor.uz/payme
66f54be95c7c8f4eba100a18,SIMCOD,"ООО «""SIMCOD"" MCHJ»",generic,https://metasmeta.uz/api/payme
66f6402235370d1d99fb9b51,SABIROV ILXAM FAXRIDDINOVICH,ЧП «SABIROV ILXAM»,generic,https://b.ivend.uz/payme/api/v1/Np6xAAQBxGZ3F099GNuW/rpc
66f650b035370d1d99fb9e57,TEHNO BOON,"ООО «""TEHNO-BOON"" MCHJ»",generic,http://92.63.206.8/ut_prod/hs/online_payment/payme
66f68cc935370d1d99fba64b,CARA,ЧП «SHOABDURAXMONOV SHOISLOM»,generic,https://api.lacafe.uz/api/payments/v1/payme
66f6aabb35370d1d99fbaa55,Pizza Hut (GLOBAL PIZZA),"ООО «""GLOBAL PIZZA"" MCHJ»",generic,https://payment.api.delever.uz/payme
66f6ab5835370d1d99fbaa66,Hardee’s (GLOBAL BURGER),"ООО «""GLOBAL BURGER"" MCHJ»",generic,https://payment.api.delever.uz/payme
66f7df4a1ff68f01ae9ab093,"""SOF-ILM"" MChJ","ООО «""SOF-ILM"" MCHJ»",generic,https://prodapi.sofilm.uz/billing/api/v1/payment/payme/update
66fa425635370d1d99fbd7cb, 7Я MARKET,"ООО «""ISMOIL OTA BUSINESS"" MCHJ»",arca,https://api-qr.uzcard.uz
66fa595f1ff68f01ae9ad12e,ZOR-GO,"ООО «""ZOR-GO"" MCHJ»",generic,https://insurance.zorgo.uz/webhooks/payments/payme
66fa63aa8ecbad0bfeb9febd,Pdaftar,"ООО «""THEDEVS"" MCHJ»",generic,https://eeeqrgdzlfnckqnqvpix.supabase.co/functions/v1/payme-webhook
66fa6f0b35370d1d99fbdde5,MEDIAPARK,"ООО «""MEDIAHOME"" MCHJ»",generic,https://api.v2.mediapark.uz/external/payme
66fce5b835370d1d99fc06b6,LOOOK BERUNIY,"ООО «ООО ""B-BURGERA""»",generic,https://payment.api.delever.uz/payme
66fce6ce35370d1d99fc06e1,STROYMARKET,ЧП «SHERMUXAMEDOV KAXRAMON»,arca,https://api-qr.uzcard.uz
66fd153435370d1d99fc0ee1,FRUTEACORP,ООО «FRUTEACORP»,generic,https://api.fruteacorp.uz/payme
66fd18b735370d1d99fc0f7e,MASTEROF TOOLS,"ООО «""MASTEROF TOOLS"" MCHJ»",arca,https://api-qr.uzcard.uz
66fd1d548ecbad0bfeba3248,SHOH TAXI,"ООО «""SHOHRUH"" MCHJ»",generic,https://fleet-money.fullfocus.uz/api/merchant/62f4f118a12ad7a48f4a863c
66fd51555c7c8f4eba109654,Bilol Honest Travel MCH,"ООО «""BILOL HONEST TRAVEL"" MCHJ»",generic,https://bilolhonesttravel.uz/api/payments/merchant/
66fe338c35370d1d99fc27ae,Aqara.uz,"ООО «""ELEVE"" XK»",arca,https://api-qr.uzcard.uz
66fe65db35370d1d99fc2ed1,DATUM PARFUME,ООО «AROMA LAB MCHJ»,generic,https://datumparfume.uz/api/v1/payment/payme/process
66fe69aa35370d1d99fc2f4b,KIYENKO SVETLANA YAKUBOVNA,ЧП «KIYENKO SVETLANA»,generic,https://b.ivend.uz/payme/api/v1/6bfu2CsMuNxirBRJl9mc/rpc
66fe86bbe64d929b0e40e409,ELDE GROUP,"ООО «""ELDE GROUP AND"" MCHJ»",generic,http://elde.mxsoft.uz/elde/hs/payments/payment/Payme
66fe87e7e51de1c6a3a490b8,UzReport,"ООО «""UZREPORT AXBOROT AGENTLIGI"" MCHJ»",generic,http://172.17.9.240:3448
66ff7896e51de1c6a3a49fa9,PIE REPUBLIC,"ООО «""PIE POINT"" MCHJ»",generic,https://backend.optochka.com/payments/activate-payme
66ffe525e51de1c6a3a4aef6,FABERLIC ,"ООО «""COSMO SALES"" XK»",generic,https://payme.pay.faberlic.com/api/v1/payme/acquiring
66fffbd3c628bf0c13f0a996,Adolat,ГУП «Adolat MHAM»,generic,https://api.adolatmarkazi.uz/en/api/v1/payment/payme
6700c074ddf30f1313ffd01d,Zorjoy.uz,"ООО «""WEBLIFE"" MCHJ»",generic,https://zorjoy.uz/systems/payment/payme/callback.php
6700ccc2c628bf0c13f0b10b,NANO ACADEMY SAMARKAND,"ООО «""NANO ACADEMY SAMARKAND"" MCHJ»",generic,https://joylinks-backend.onrender.com/api/payment/payme
6703ceab1f6211b2aec0cbd3,GB WAY,ООО «Bojxona Hamkor»,generic,https://cargo.customs.uz/mobile/api/payment
6704d7df1f6211b2aec0daaa,DENTMED TECHNOLOGY,ООО «DENTMED TECHNOLOGY»,generic,https://dentmed.exord.uz/payment/paycom
6704e6ede51de1c6a3a4fc66,Biz Media,ООО «BIZ-TV»,generic,https://bill.ontv.uz/api/v1/payme/
6704f766e51de1c6a3a4fe5b,SHARBAZAR,"ООО «""SHARBAZAR"" MCHJ»",generic,https://shb24.uz/payme/
6705126bc628bf0c13f0fbb9,STARTUP GARAGE KASSA,"ООО «""STARTUP GARAGE"" MCHJ»",generic,https://api.sg.glmv.dev/api/payme
67060d49ddf30f1313002b7e,Filterlangan suv,"ООО «""EKO QOMPANI ILMIY ISHLAB-CHIQARISH"" MCHJ»",generic,https://payme.ecocompany.uz/payments/payme
67062250e51de1c6a3a518d6,Blinnaya,"ООО «""GASUP"" XK»",generic,https://api.zon.uz/smart/payme/1000170747
6706348be51de1c6a3a51c0e,ASY WORLD PRODUCT,"ИП ООО «""ASY WORLD PRODUCT"" MCHJ XK»",arca,https://api-qr.uzcard.uz
67063499e51de1c6a3a51c14,ASY WORLD PRODUCT,"ИП ООО «""ASY WORLD PRODUCT"" MCHJ XK»",arca,https://api-qr.uzcard.uz
67063cbbddf30f1313003263,ALMIRA SR,"ООО «""ALMIRA SR"" MCHJ»",generic,https://apiamoria.sh6.uz/api/v1/paycom/
67065188e51de1c6a3a51fa8,DAGI,ЧП «UTESHEVA UMIDA»,arca,https://api-qr.uzcard.uz
67077d76e51de1c6a3a537e7,XONDAMIR MUHAMMAD,"ООО «""XONDAMIR MUHAMMAD"" XK»",generic,https://api.master-kebab.uz/api/v1/payment/updates/?provider_type=payme
67079f7ae51de1c6a3a53f5b,BIZNES SAVDO,"ООО «""BIZNES SAVDO"" MCHJ»",arca,https://api-qr.uzcard.uz
6707a240e51de1c6a3a53fe2,NOZIMBEK ZOO VET,"ООО «""NOZIMBEK ZOO VET"" MCHJ»",arca,https://api-qr.uzcard.uz
6707a513a048b8a82254adff,ADL GROUP,"ООО «""ADL GROUP"" MCHJ»",generic,https://yangiretail.uz/api/cash
6707bbe2e51de1c6a3a548b3,AZIZA FAMILY CAKE,"СП «""AZIZA FAMILY CAKE"" OK»",generic,https://payment.api.delever.uz/payme
6707cbd7e51de1c6a3a54bc7,DJURAYEV JAXONGIR MURATXANOVICH,ЧП «DJURAYEV JAXONGIR»,generic,https://pay.proliga.uz/payme/expense
6707d341e51de1c6a3a54c93, HUMANS COMPANIES,"АО «""HUMANS COMPANIES "" AJ»",humans,https://prod-payme.ftm.humans.uz/pmpp/rpc
6708b5a6e51de1c6a3a556eb,DOTS ECO TRADE,"ООО «""DOTS ECO TRADE"" MCHJ»",generic,https://dots.zoomda.uz/backend/payme/
6708c357e64d929b0e41a59b,DARROV,"ООО «""DARROV"" MCHJ»",generic,https://darrov-backend.softturtkul.uz/api/v1/payments/payme/
6709183ae51de1c6a3a56710,Safia,"ООО «""MADINA-QANDOLAT"" MCHJ»",generic,https://panel.safiabakery.uz/payment/paycom?id=254
670a6af1a048b8a82254e446,Fotobox,"ООО «""NETLAND GROUP"" MCHJ»",generic,https://fbox.polito.uz/api/payme/webhook
670cac7fe51de1c6a3a59207,RAXMATULLO FARM,"ООО «""RAXMATULLO FARM"" MCHJ»",arca,https://api-qr.uzcard.uz
670cc94ae51de1c6a3a59828,JANON CHICKEN,"ООО «""JANON CHICKEN"" MCHJ»",generic,https://cc2c-95-214-211-137.ngrok-free.app/payment/payme/update/
670cde3ce51de1c6a3a59b76,STRAWBERRY HOUSE ,"ООО «""STRAWBERRY HOUSE AGRO"" MCHJ»",generic,https://api.lacafe.uz/api/payments/v1/payme
670d00cbe51de1c6a3a5a161,"""OLCHA"" Xususiy korxona","ООО «""OLCHA"" XK»",arca,https://api-qr.uzcard.uz
670d0132e51de1c6a3a5a17b,Atlas Avia Tour,"ООО «""ATLAS AVIA TOUR"" MCHJ»",arca,https://api-qr.uzcard.uz
670d02ade51de1c6a3a5a1a7,Safia,"ООО «""JUGER REGION"" MCHJ»",generic,https://panel.safiabakery.uz/payment/paycom?id=243
670e092f1f6211b2aec18c6a,ASIALUXE TRAVEL,"ООО «ООО ""ASIALUXE TRAVEL""»",generic,https://api.asialuxe.app/v1/paycom/payme
670e3ea7e51de1c6a3a5bb2d,URBAN CARS POWER ,"ООО «""URBAN CARS POWER"" MCHJ»",generic,https://iwatt.urbanpower.uz/api/v1/payment/payme/
670e64aee51de1c6a3a5c14d,Station Market.,"ООО «""STATION MARKET"" MCHJ»",arca,https://api-qr.uzcard.uz
670f4d861f6211b2aec1a3d8,GAMMA TONER TECHNOLOGY,ЧП «LATIPOVA DIYORA»,generic,https://gammatech.uz/index.php?route=extension/payment/kit_payme&f=Callback
670f702de51de1c6a3a5d0ab,Malak coffee,ЧП «TO‘XTAMIRZAYEVA DURDONA»,generic,https://b.ivend.uz/payme/api/v1/wZGsqNqWJr3qpg7qimvs/rpc
670f8354e51de1c6a3a5d306,Ijod cafe,"ООО «""HORECA EDGE"" MCHJ»",generic,https://payment.api.delever.uz/payme
670fbbcae51de1c6a3a5dc3e,PIRMAMATOV TEMURBEK ZOHIDJON O‘G‘LI,ЧП «PIRMAMATOV TEMURBEK»,generic,https://b.ivend.uz/payme/api/v1/xek57U3AdPOvJscNyQN0/rpc
6710a89ae51de1c6a3a5e7b4,HD HORECA HORIZON,"ООО «""HD HORECA HORIZON"" MCHJ»",generic,https://backend.optochka.com/payments/activate-payme
6710b038ddf30f131300f607,"""TURON PALOV MARKAZI"" MCHJ","ООО «""TURON PALOV MARKAZI"" MCHJ»",generic,https://beshqozon.zoomda.uz:4001/payme/
6710bcaae51de1c6a3a5eadb,RUSTAMOVA ODINABONU DILSHODBEK QIZI,ЧП «RUSTAMOVA ODINABONU»,generic,https://loccitane.humocrm.uz/handle/payme/0d9e9522-8aaa-4498-bcda-47621479c540
6710c29ae51de1c6a3a5ebb8,AFTERMARKET GLOBAL,"ООО «""AFTERMARKET GLOBAL"" MCHJ»",arca,https://api-qr.uzcard.uz
6710e2a6ddf30f131300fd27,Milliy by Dom 29,ООО «Milliy by Dom 29 »,generic,https://9029-84-54-80-109.ngrok-free.app/api
6710f332e51de1c6a3a5f36b,MIN LIDIYA YUREVNA,ЧП «MIN LIDIYA»,generic,https://kshop.uz/payme.php
6710f56be51de1c6a3a5f3c4,EXCELLENTMARKET,"ООО «""EXCELLENTMARKET"" MCHJ»",arca,https://api-qr.uzcard.uz
67111c3fe51de1c6a3a5fc2c,АЗБУКА ДЫМА,"ООО «""REMAX"" MCHJ»",arca,https://api-qr.uzcard.uz
67111c49e51de1c6a3a5fc2e,АЗБУКА ДЫМА,"ООО «""REMAX"" MCHJ»",arca,https://api-qr.uzcard.uz
6711267de64d929b0e4247d0,Sayt.uz,"ООО «""SAYT INFO"" MCHJ»",generic,https://sayt.uz/order/callback/payme.php
671207e1e51de1c6a3a60990,AJJ ESTATES,"ИП ООО «""AJJ ESTATES"" MCHJ XK»",generic,https://pay.bi-group.org/api/v1/jsonrpc/PayMeExternal/PayMeExternal
67120acd1f6211b2aec1dfe7,BELLISSIMO PIZZA,ООО «BELLISSIMO PIZZA INTERNATIONAL»,generic,https://pay.bpnet.uz/api/payment/payme
671230f3e51de1c6a3a60ea7,XOLDAROV MUSLIMJON ABDILPATTAYEVICH,ЧП «XOLDAROV MUSLIMJON»,generic,https://rovi.mubiyn.uz/payment/paycom/
671248dce51de1c6a3a6130b,FORTUNA BIZNES MIKROMOLIYA TASHKILOT,"ООО «""FORTUNA BIZNES MIKROMOLIYA TASHKILOTI"" MCHJ»",generic,https://mfo50.flexpul.uz/public/payme/payments
671259c7e51de1c6a3a6151b,TULEBAYEV RASUL ASILBEKOVICH,ЧП «TULEBAYEV RASUL»,arca,https://api-qr.uzcard.uz
67160cbbe51de1c6a3a645a0,AAG-2,"ООО «""AAG-2"" MCHJ»",generic,https://api-admin.app-wayll.uz/x-api/wayll-payme-merchant?x-api-key=P-Co74TLgSaTKNXzWrjtbUIzemZBKC9yhu
671617cce51de1c6a3a646a6,ADHAM MIXROM,"ООО «""ADHAM MIXROM"" MCHJ»",arca,https://api-qr.uzcard.uz
67161d0ee51de1c6a3a64787,Milliy tibbiyot markazi,"undefined «""MILLIY TIBBIYOT MARKAZI"" DM»",generic,http://90.156.198.51:5869/api/payme/index.php
671620f9e51de1c6a3a6480f,Splay,"ООО «""TELEKANAL MAKON"" MCHJ»",generic,https://billing.makon.tv/webhook/payme?signature=36baae3a6b55a0d202f89e52a5f95ae84a29162e9e6faa9713d848942e4db580
671629eee51de1c6a3a64991,AB PHARMA LINE,"ООО «""AB PHARMA LINE"" MCHJ»",generic,https://stmbot.asklepiy-group.uz/app/payme_endpoint.php
6717325be51de1c6a3a65b7b,Donerci HU Bot,"ООО «""DONERCI HU"" MCHJ»",generic,https://hamdi-usta-backend.medias.uz/api/payme/b2/
671741d0ddf30f13130168b8,Cinemaplex,"ООО «""CINEMAPLEX"" MCHJ»",generic,https://api.cinematrix.uz/payme
67177e79e51de1c6a3a6673b,VKUSNO BY SEVA ,"ООО «""VKUSNO BY SEVA TECHNOLOGIES"" MCHJ»",generic,https://vkusno.botagent.uz/payment/paycom?bid=2
67177eade51de1c6a3a66745,VKUSNO BY SEVA ,"ООО «""VKUSNO BY SEVA TECHNOLOGIES"" MCHJ»",generic,https://vbs.zoomda.uz:4001/payme/
67177ee8e51de1c6a3a6674b,VKUSNO BY SEVA ,"ООО «""VKUSNO BY SEVA TECHNOLOGIES"" MCHJ»",generic,https://vkusno.botagent.uz/payment/paycom?bid=4
6717a3b9e51de1c6a3a66c88,YO'LDOSHEV SHOXRUX SHUXRAT O'G'LI,ЧП «YO‘LDOSHEV SHOXRUX»,arca,https://api-qr.uzcard.uz
6718997ce51de1c6a3a67d9c,FAMILYPIZZA,"ООО «""FAMILYPIZZA"" MCHJ»",generic,https://api.apexpizza.uz/api/payment/transactions/
6718aa6ce51de1c6a3a68141,Havas Guzor,ЧП «SUVONOV NURBEK»,arca,https://api-qr.uzcard.uz
6718b14cc628bf0c13f26a84,ROFEEV TECH,"ООО «""ROFEEV TECH"" MCHJ»",generic,https://api.rofeev.uz/api/v1/finance/transaction-payme/
6718bee0e51de1c6a3a68436,NOSIROV ZUXRIDDIN XUSNIDDIN O‘G‘LI,ЧП «NOSIROV ZUXRIDDIN»,arca,https://api-qr.uzcard.uz
6718c3dae51de1c6a3a684dd,Ucell,"ООО «OOO ""COSCOM""»",ucell,https://188.113.225.40:443/ProviderWebService/ProviderWebService
6718f93be51de1c6a3a68c6f,NOOR TECH,"ООО «""NOOR TECH"" MCHJ»",generic,https://tback.noor.uz/api/v1/payme
6718fa93e51de1c6a3a68c97,RIBNOE MESTECHKO,"ООО «""RIBNOE MESTECHKO"" MCHJ»",arca,https://api-qr.uzcard.uz
671939dee64d929b0e42d6b7,XOLDAROV MUSLIMJON ABDILPATTAYEVICH,ЧП «XOLDAROV MUSLIMJON»,generic,https://server.inmabot.uz/api/payment/payme/endpoint
6719c348a048b8a82255f7fc,EVOS 062-LISUNOVA2 INFOKIOSK,ООО «MCHJ MAK FOOD SERVIS»,generic,https://payment.api.delever.uz/payme
6719da63e51de1c6a3a69650,INSHOAT QURILISH DO`KON  1,"ООО «""HOME  DEPOT"" MCHJ»",arca,https://api-qr.uzcard.uz
6719da72e51de1c6a3a69659,INSHOAT QURILISH DO`KON ,"ООО «""HOME  DEPOT"" MCHJ»",arca,https://api-qr.uzcard.uz
6719da8de51de1c6a3a6965d,EFFECT,ЧП «ABDUMALIKOV BEKZOD»,generic,https://effect-payment-production.up.railway.app/api/payme
671a3136e51de1c6a3a6a2e4,VIP 999,"ООО «""VIP 999"" MCHJ»",generic,https://hasipanost.beget.app/viptaxi/fleet/paycom/
671b4060e51de1c6a3a6b3bc,LIFEGYM QUMARIQ,"ООО «""LIFEGYM QUMARIQ"" MCHJ»",generic,https://app.ox-sys.com/payments/lifegymuzb/paycom
671b7ee3e51de1c6a3a6bd8a,Craft Beer,"ООО «""AJS FAMILY"" MCHJ»",arca,https://api-qr.uzcard.uz
671bf8d7c628bf0c13f2ae86,XTEAM,"ООО «""XTEAM"" MCHJ»",generic,https://api.xssh.uz/pay/payme/
671d4259a048b8a822563a40,TCats,"ООО «""TCATS"" MCHJ»",generic,https://api.tcats.uz/api/payments/payme/callback/
671f1c54e51de1c6a3a6eaa6,The Cup,ЧП «IBRAGIMOV LAZIZ»,generic,https://b.ivend.uz/payme/api/v1/ZgCMgu9baa9C17mq4Zj0/rpc
671f1ebde51de1c6a3a6eae3,Panorama Carwash,"ООО «""PANORAMA CARWASH"" MCHJ»",generic,https://api.lamenu.uz/api/payments/v1/payme
671f327fe51de1c6a3a6edfc,Safia,"ООО «""MADINA-QANDOLAT"" MCHJ»",generic,https://panel.safiabakery.uz/payment/paycom?id=245
671f4959e64d929b0e43345b,Alza Soft,"ООО «""ALZA SOFT"" MCHJ»",generic,https://apps.alzasoft.uz/payme/payme.php
671f546cddf30f131301f8f3,Proliga.uz,ЧП «DJURAYEV JAXONGIR»,generic,https://pay.proliga.uz/payme/pay
671f5544a048b8a8225653fa,smartworld.uz,ЧП «ISAMUXAMEDOV NODIR»,generic,https://smartpost.humocrm.uz/handle/payme/228934b4-4d68-437e-aa3e-043231df3106
671f7cf7c628bf0c13f2dfdc,O'ZAGROSUG'URTA,"АО «""O`ZAGROSUG`URTA""»",generic,https://56a2-195-158-9-250.ngrok-free.app/payments/merchant/
671f8a1ae51de1c6a3a6fb2e,ZOO ABRIKOS,"ООО «""GEOCHEM SOLUTIONS"" MCHJ»",arca,https://api-qr.uzcard.uz
671f973fe51de1c6a3a6fcd4,Barchasi uy uchun,ЧП «RAPIKOV MURODALI»,arca,https://api-qr.uzcard.uz
671fac0da048b8a822566127,EVOS SAMARKAND,"ООО «""NUR CHINORI"" MCHJ»",generic,https://evsapi.ectn.uz/callback/payme
671fac3addf30f13130204d1,EVOS SAMARKAND,"ООО «""NUR CHINORI"" MCHJ»",generic,https://payment.api.delever.uz/payme
67207fdfe51de1c6a3a7087a,Jonli Rasm,ЧП «SANAQULOV SHUXRATJON»,generic,https://slots-scores-least-gossip.trycloudflare.com/api/payment/payme/
67208a9ae51de1c6a3a70a21,Senorita Home Караташ,"ООО «""MAROON TRADE"" MCHJ»",arca,https://api-qr.uzcard.uz
67208aa6e51de1c6a3a70a26,Senorita Home Чимган,"ООО «""MAROON TRADE"" MCHJ»",arca,https://api-qr.uzcard.uz
67208ab5e51de1c6a3a70a29,Senorita Home Ц-5,"ООО «""MAROON TRADE"" MCHJ»",arca,https://api-qr.uzcard.uz
67208ac2e51de1c6a3a70a2b,Senorita Home Новомосковская,"ООО «""MAROON TRADE"" MCHJ»",arca,https://api-qr.uzcard.uz
672093ebe51de1c6a3a70b7c,FOGGI,"ООО «""FOGGI"" MCHJ»",arca,https://api-qr.uzcard.uz
67209cfce51de1c6a3a70c8c,AXRORXODJAYEVA ZAMIRA XABIB QIZI,ЧП «AXRORXODJAYEVA ZAMIRA»,arca,https://api-qr.uzcard.uz
6721cf79c628bf0c13f3097d,QR Pay,"ООО «""NEXT ARTIFICIAL SOLUTIONS"" MCHJ»",generic,https://api.2pay.uz/api/payments/payme/
67226f5b1f6211b2aec306c1,exode.biz,ООО «EXODE TECH»,generic,https://api.exode.biz/api/v2/payment/rpc/acquiring/dacd1973-0c66-4631-813d-fda6ea9d5f61
67232a7de51de1c6a3a73f8f,Synergy Hub,"ООО «""SYNERGY HUB"" MCHJ»",generic,http://neyrotalim.com:5000/api/payment/initiate
672370c9e51de1c6a3a74955,ID platforma,ООО «ID platforma»,generic,https://bot.idosmetov.uz/controlp/payme/get-me
6724b429e51de1c6a3a76081,Bon!,ООО «MCHJ MIRZO-BOBUR»,generic,https://cafe-bon.com/personal/order/notificationPayme.php
6724bbb0e51de1c6a3a761ae,PESTO-CAFE,"ООО «""PESTO-CAFE"" MCHJ»",arca,https://api-qr.uzcard.uz
6724d0a0e51de1c6a3a764db,Погашение отсрочки,АО «АО 'PAYME'»,generic,http://172.17.9.165:3969
67287714e51de1c6a3a79636,IMPEX-INSURANCE,"АО «""IMPEX-INSURANCE"" AJ»",generic,https://impex-insurance.uz/api/payme
67289d43e51de1c6a3a79bb5,ESET,ООО «SAPFORIS»,generic,https://esetofficial.uz/shop2/api/external/v1/payme/notification
67289da3e51de1c6a3a79bc9,ESET,ООО «SAPFORIS»,generic,https://any-cms.int.adeon.dev/shop2/api/external/v1/payme/notification
6728b590e64d929b0e43dfbc,LUNCH BOX,"ООО «""LUNCH BOX"" MCHJ»",generic,https://kunjut-food.uz/api/v1/payment/payme
6728c5c6e51de1c6a3a7a24a,SABER ICE CREAM,ООО «SABER ICE CREAM»,generic,https://bots.texnobot.uz/saber-ice-cream-bot/Payme/
6729e5fbe51de1c6a3a7b64c,JAVLONIUM UNIVERSAL GROUP,ООО «JAVLONIUM UNIVERSAL GROUP MCHJ»,generic,https://javlonium.uz/api/payments/payme
672a00a4e51de1c6a3a7bab2,XAKIMOVA NIGORA RAHMONJON QIZI,ЧП «XAKIMOVA NIGORA»,arca,https://api-qr.uzcard.uz
672a177de51de1c6a3a7bdef,Grand Lavash,ООО «GULBANU NUKUS SERVIS TORG MCHJ»,generic,https://payment.api.delever.uz/payme
672b4fcfe51de1c6a3a7daf6,TEZMED,"ООО «""TEZMED"" MCHJ»",generic,https://api.tezmed.uz/v1/payme
672b5930e51de1c6a3a7dd09,Safia,"ООО «""MADINA-QANDOLAT"" MCHJ»",generic,https://panel.safiabakery.uz/payment/paycom?id=247
672b73f8e51de1c6a3a7e0a3,EFECT ,"СП «""EFECT"" OK»",arca,https://api-qr.uzcard.uz
672c6e64e51de1c6a3a7ef89,Makon TV,"ООО «""TELEKANAL MAKON"" MCHJ»",generic,https://billing.makon.tv/webhook/payme_balance?signature=d77994b72fc4d9b090eaa726299e15943ba5ea633fc4fefe55b5a8a1b81b2524
672cb28de51de1c6a3a7fced,KOTTA BOLA TAXI,"ООО «""KOTTA BOLA TAXI"" MCHJ»",generic,https://taxipark.ruzimurodov.uz/Payment/Payme/672cb28de51de1c6a3a7fced
672daedce51de1c6a3a80a25,QADAM EDU,"ООО «""QADAM EDU"" MCHJ»",generic,https://api.exode.biz/api/v2/payment/rpc/acquiring/ffdb396e-a009-4179-a59d-3f2acc050390
672dee89e51de1c6a3a8175a,AKB Tenge bank,АО «AKB Tenge Bank»,tenge-bank,https://cbs-loan-payment.tengebank.uz/api/v1/loan-repayment
672df659e51de1c6a3a818b9,NABIYEVA DILORAM SHUKUROVNA,ЧП «NABIYEVA DILORAM»,arca,https://api-qr.uzcard.uz
6730f9f4ddf30f1313033f1b,Akam.uz,"ООО «""SOFTEX"" MAS'ULIYATI CHEKLANGAN JAMIYAT»",generic,https://oracle.akam.uz/payme/integration
6731b5b5e51de1c6a3a84e8d,Safia,"ООО «""MADINA-QANDOLAT"" MCHJ»",generic,https://panel.safiabakery.uz/payment/paycom?id=249
6731b75da048b8a82257a963,billy,ЧП «MUSAYEV UMIDJON»,generic,https://pay.billy.uz/
6731cb9ae51de1c6a3a8527c,AXMAD OLMOS JOJA,"ООО «""AXMAD OLMOS JO`JA"" MCHJ»",generic,https://api.lacafe.uz/api/payments/v1/payme
6732e7d9e51de1c6a3a86c91,EPG-POS,"ООО «""EPG-POS"" MCHJ»",arca,https://api-qr.uzcard.uz
6733021ee51de1c6a3a87285,DARYO BY BURSA,"ООО «""DARYO BY BURSA"" MCHJ»",generic,https://bursa.zoomda.uz/backend/payme/
673308cee51de1c6a3a873b5,PLATINA TAXI,"ООО «""DRIVE TAXI 777"" MCHJ»",generic,https://taxipark.ruzimurodov.uz/Payment/Payme/673308cee51de1c6a3a873b5
6733092fe51de1c6a3a873c4,DRIVE TAXI 70,"ООО «""BEKAVIATRANS 2022"" MCHJ»",generic,https://taxipark.ruzimurodov.uz/Payment/Payme/6733092fe51de1c6a3a873c4
67331c33ddf30f1313036fe1,UZUM+,ЧП «MAMADIYAROVA UMIDA»,generic,https://uzum.plus/api/v1/payme-merchant
67333b71e51de1c6a3a87b1d,PREMIUM MAGNIT,"ООО «""PREMIER MAGNIT"" MCHJ»",arca,https://api-qr.uzcard.uz
6733410de51de1c6a3a87c7e,LITTLE ITALY,"ООО «ООО ""KEYSTONE INT""»",generic,https://api.lamenu.uz/api/payments/v1/payme
67334cd2e51de1c6a3a87e2e,MECHANIK AUTO PARTS,"ООО «""MECHANIK AUTO PARTS"" MCHJ»",arca,https://api-qr.uzcard.uz
6734503ee51de1c6a3a88e3a,TRAFIC TAXI,"ООО «""TRAFIC SERVIS"" MCHJ»",generic,https://bots.texnobot.uz/traficyandextaxi/Payme/
6734850be51de1c6a3a89577,BO'Z SUV NURI (Продуктовый),"ООО «""BO'Z SUV NURI"" MCHJ»",arca,https://api-qr.uzcard.uz
67348544e51de1c6a3a89589,BO'Z SUV NURI (Алкоголь),"ООО «""BO'Z SUV NURI"" MCHJ»",arca,https://api-qr.uzcard.uz
67348759e51de1c6a3a895d0,"""AVANT-GARDE""","ООО «""AVANT-GARDE"" XK»",arca,https://api-qr.uzcard.uz
673490fee51de1c6a3a8977b,The Cup,ЧП «BEKNAZAROV FIRDAVS»,generic,https://b.ivend.uz/payme/api/v1/j1xr8TaqgakJHIYAi7Kc/rpc
6734a05be51de1c6a3a899c2,GO DRIVER,"ООО «""GO DRIVER"" MCHJ»",generic,https://avtoauksion.uz/payment/payme
6735d134e51de1c6a3a8af6e,UNIT STUDY,"ООО «""UNIT STUDY"" MCHJ»",generic,https://admin.unit.study/payme/payment
67360520ddf30f131303adfc,TB-CORP,"ООО «""TB-CORP"" MCHJ»",generic,https://billing.ifedu.uz/webhook/payme?signature=0c4949fe6220745d3b5a4074486440bf5b8754eb43f6be5e0ce3a79fc7f2bf91
6736fecde51de1c6a3a8c4f4,MoliyaUz,ООО «United IT Company»,generic,https://med-lab.uz/moliyatolovbot/paycom-integration-php-template/index.php
673732dde51de1c6a3a8ce20,SMARTSTEAM,ООО «SMART STEAM»,generic,http://5.189.190.58:3500/
6738c1c2c628bf0c13f4c1e2,Insary,ООО «INSAYR»,generic,https://insayr.uz/v1/api/payment/payme
673ad487e51de1c6a3a8fe20,Master Kebab ,"ООО «""AYISHA XASAN"" MCHJ»",generic,https://apitest.master-kebab.uz/api/v1/payment/updates/?provider_type=payme
673addd1e51de1c6a3a8fffe,OSIYO OLTIN MED FARM,"ООО «""OSIYO OLTIN MED FARM"" XK»",arca,https://api-qr.uzcard.uz
673adf89e51de1c6a3a90055,EFFECT,ЧП «ABDUMALIKOV BEKZOD»,generic,https://effect-api-production.up.railway.app/api/v1/payme
673af0eaddf30f131303f976,RISKIYEVA NIGORAXON KAYUMOVNA,ЧП «RISKIYEVA NIGORAXON»,generic,http://167.71.32.27:5000/payment/payme
673b0f26e51de1c6a3a907c8,EFFECT,ЧП «ABDUMALIKOV BEKZOD»,generic,https://effect-sanat-production-8f0a.up.railway.app/api/v1/payme
673b0f65e51de1c6a3a907d3,EFFECT,ЧП «ABDUMALIKOV BEKZOD»,generic,https://effect-ustalar-production.up.railway.app/api/v1/payme
673b0fbae51de1c6a3a907e6,EFFECT,ЧП «ABDUMALIKOV BEKZOD»,generic,https://effect-mardikor-production.up.railway.app/api/v1/payme
673b0ff6e51de1c6a3a907f2,EFFECT,ЧП «ABDUMALIKOV BEKZOD»,generic,https://effect-ofis-production.up.railway.app/api/v1/payme
673b103ee51de1c6a3a90802,EFFECT,ЧП «ABDUMALIKOV BEKZOD»,generic,https://effect-zamonaviy-production.up.railway.app/api/v1/payme
673b10f3e51de1c6a3a90824,EFFECT,ЧП «ABDUMALIKOV BEKZOD»,generic,https://effect-mehnat-production.up.railway.app/api/v1/payme
673b2554e51de1c6a3a90b71,"""KAFIL SUG'URTA""","АО «""KAFIL-SUG`URTA""»",generic,https://kafilapi.i-polis.uz/api/paycom/add
673b39a5e51de1c6a3a90e7e,OOO «CENTRAL FOOD GROUP»,"ООО «""CENTRAL FOOD GROUP"" MCHJ»",jowi,https://api.jowi.club/v3/bill_payments/
673c1bbee51de1c6a3a9179e,NOMMA SERVICES,"ООО «""NOMMA SERVICES"" MCHJ XK»",arca,https://api-qr.uzcard.uz
673c5b53e51de1c6a3a9207a,Sirius Kredit,"ООО «""SIRIUS KREDIT"" MCHJ MMT»",generic,https://mfo115.flexpul.uz/public/payme/payments
673c9114e51de1c6a3a9282c,MEDIA KONKORD,"ООО «""MEDIA KONKORD"" MCHJ»",generic,https://politik.uz/?wc-api=wc_payme
673d8370e51de1c6a3a9362f,Marva Dental shop,"ООО «""MARVA DENTAL SHOP"" MCHJ»",arca,https://api-qr.uzcard.uz
673d8406e51de1c6a3a9365d,New Continent Trade,"ООО «""NEW CONTINENT TRADE"" MCHJ»",arca,https://api-qr.uzcard.uz
673db12ae51de1c6a3a93d35,MEGA CTR,"ООО «""MEGA CTR"" MCHJ»",generic,https://ctr.zoomda.uz/backend/payme/
673dccc1e51de1c6a3a940d1,MAR MAR IVLEVA,"ООО «""MAR MAR IVLEVA"" MCHJ»",generic,https://backend.optochka.com/payments/activate-payme
673dda88c628bf0c13f5187d,Университет Инха в городе Ташкенте,ЦНО «Университет Инха в городе Ташкенте»,generic,https://cec-a.inha.uz/api/v1/payment-systems/payme/action
673de134e51de1c6a3a94444,ABDULAYEV AMAL ALISHEROVICH,ЧП «ABDULLAYEV AMAL»,generic,https://uzumguru.ddmedia.uz/tilda-payme
673ec8cde51de1c6a3a94eb4,JANON CHICKEN,"ООО «""JANON CHICKEN"" MCHJ»",generic,https://payment.api.delever.uz/payme
673ec9eee51de1c6a3a94ee9,MEJIK MARKET,ЧП «AKBAROV MIRABBOS»,arca,https://api-qr.uzcard.uz
673f0530e51de1c6a3a95978,23:59 Barbershop,"ООО «""BLACK FLAG PROD"" MCHJ»",arca,https://api-qr.uzcard.uz
673f055dddf30f1313044c2d,Marc Cain,"ООО «""MYMODA"" MCHJ»",generic,https://moda.exord.uz/payment/paycom
673f1765d33fb8548cec13e8, PHARM MAX,"ООО «""PHARM MAX"" MCHJ»",arca,https://api-qr.uzcard.uz
673f2379d33fb8548cec15e3,HOSHANG,"ООО «""HOSHANG AFK"" MCHJ»",generic,https://api.lacafe.uz/api/payments/v1/payme
673f25b1d33fb8548cec1625, OYNAZAROV ASLONBEK ASROR O‘G‘LI,ЧП «OYNAZAROV ASLONBEK»,generic,https://4b96-92-63-204-175.ngrok-free.app/api/v1/webhooks/payme/69aa5bf18befe730c4daa491
673f60b5a048b8a82258b6ab,Grand Lavash,ООО «GULBANU NUKUS SERVIS TORG MCHJ»,generic,https://payment.api.delever.uz/payme
673f61cdc628bf0c13f53b62,Grand Lavash,ООО «GULBANU NUKUS SERVIS TORG MCHJ»,generic,https://payment.api.delever.uz/payme
673f627bc628bf0c13f53b6a,Grand Lavash,ООО «GULBANU NUKUS SERVIS TORG MCHJ»,generic,https://payment.api.delever.uz/payme
674018ccd33fb8548cec2a63,Safia Джизак Online,"ООО «""JUGER REGION"" MCHJ»",generic,https://panel.safiabakery.uz/payment/paycom?id=250
674027a4d33fb8548cec2f02,Oziq Ovqat do'koni,ЧП «SAGDULLAYEVA DILBAR»,arca,https://api-qr.uzcard.uz
67404716c628bf0c13f55246,BELLISSIMO PIZZA,ООО «BELLISSIMO PIZZA INTERNATIONAL»,generic,https://pay.bpnet.uz/api/payment/payme
67404c62d33fb8548cec3923,DIPCHOCO,"ООО «""DIPCHOCO"" MCHJ»",generic,https://backend.optochka.com/payments/activate-payme
6740569cd33fb8548cec3bb3,PRO точка,ЧП «ABDURAXMANOVA MUBORXON»,generic,http://209.38.248.167:6000/amo-payme
67419c341f6211b2aec555f8,BIRZOOM,"ООО «""ZZUR FOOD CHAIN"" MCHJ»",generic,https://birzoom.zoomda.biz/payment/paycom?id=749633f5-f2a2-44a1-a944-47926d289130
6742e473e64d929b0e45d45b,JCT,"ООО «""JOY CONSULT TEXTILE"" MCHJ»",generic,https://api.exode.biz/api/v2/payment/rpc/acquiring/e30f6db0-2d85-43f2-befe-1c622a60ded8
6744189cd33fb8548cec7080,EDISON,"ООО «""EDISON ONE"" MCHJ»",arca,https://api-qr.uzcard.uz
67441905d33fb8548cec7096,EDISON,"ООО «""EDISON ONE"" MCHJ»",arca,https://api-qr.uzcard.uz
67441cf0d33fb8548cec7116,MONACO AQUAPARK,ООО «MONACO POOL»,generic,https://api.lacafe.uz/api/payments/v1/payme
67441f0fd33fb8548cec7176,PLATINA TAXI,"ООО «""DRIVE TAXI 777"" MCHJ»",generic,https://taxipark.ruzimurodov.uz/Payment/Payme/67441f0fd33fb8548cec7176
674426a4d33fb8548cec72d3," ООО ""JUPITER POSITION""","ООО «""JUPITER POSITION"" MCHJ»",arca,https://api-qr.uzcard.uz
6744284dd33fb8548cec733e,NOVA RESEARCH AND SOLUTION,"ООО «""NOVA RESEARCH AND SOLUTION"" MCHJ»",generic,https://api.conference-list.uz/api/payment/payme
67444a3cd33fb8548cec77b4,"ООО ""IBROXIM ZARINA""","ООО «""IBROXIM ZARINA"" MCHJ»",arca,https://api-qr.uzcard.uz
674456e1d33fb8548cec798a,AZIZOV BOBUR BOTIROVICH,ЧП «AZIZOV BOBUR»,generic,https://bots.texnobot.uz/obihayot24-bot/Payme/
67445718d33fb8548cec7990,Сеть аптек OXYMED,"ООО «""NIKA FARM SERVIS"" MCHJ»",generic,https://devorders.oxymed.uz/payme/webhook
67447642ddf30f131304b4aa,Aroma,ООО «AROMA BAKERY»,generic,https://api.aromabakery.uz/payments/payme
67455f63d33fb8548cec8867,WOMEN`S FASHION,"ООО «""WOMEN`S FASHION"" MCHJ»",arca,https://api-qr.uzcard.uz
6745604dd33fb8548cec888c,Molto Caldo Novza,"ООО «""NOVZA STORE"" MCHJ»",arca,https://api-qr.uzcard.uz
674566b8d33fb8548cec89bd,ORTIQOVA GULNORA QAHRAMON QIZI,ЧП «ORTIQOVA GULNORA»,generic,https://b.ivend.uz/payme/api/v1/iOzkOZBEcx4ImM1MJBFs/rpc
67456c06d33fb8548cec8ac1,Master Kebab ,"ООО «""AYISHA XASAN"" MCHJ»",generic,https://api.master-kebab.uz/api/v1/payment/updates/?provider_type=payme
674571f0d33fb8548cec8b93,APEX MOLIYA,"ООО «""APEX MOLIYA"" MCHJ MMT»",microfin,https://cs.prod.apexmoliya.uz/epp
67457208c628bf0c13f5a459,Djolis,"ООО «""PROFESSIONAL BEAUTY AESTHETIC"" MCHJ»",generic,http://176.96.241.199:3030/payme/djolis
67459d94d33fb8548cec911f,CARDIN,"ООО «""CARDIN"" XK»",generic,https://87.192.228.103:4433/billing/paycomnew/
6745d3bbd33fb8548cec98e8,NEO TRIP,"ООО «""NEO TRIP"" MCHJ»",generic,https://neotrip.uz/payments/merchant/
6745ef53e64d929b0e460d81,own trainer,"ООО «""ZOOMTECH"" MCHJ»",generic,https://owntrainer.uz/payment/update/
6746aeadd33fb8548ceca1d7,ISLOMBEK IMRONBEK SAVDO,"ООО «""ISLOMBEK IMRONBEK SAVDO"" MCHJ»",generic,https://b.ivend.uz/payme/api/v1/jr8Fz5HsvoS80CewbgVz/rpc
6746bf92d33fb8548ceca466,UMAROV ANVAR BAXODIROVICH,ЧП «UMAROV ANVAR»,arca,https://api-qr.uzcard.uz
6746c497d33fb8548ceca577,XONDAMIR MUHAMMAD,"ООО «""XONDAMIR MUHAMMAD"" XK»",generic,https://api.master-kebab.uz/api/v1/payment/updates/?provider_type=payme
6746f0acc628bf0c13f5c3a6,ART HOUSE,"ООО «""ART HOUSE PRO"" XK»",generic,https://api.arthouse.uz/api/v1/payme/perform-transactions
674700f2d33fb8548cecae80,RUSTAMOVA ODINABONU DILSHODBEK QIZI,ЧП «RUSTAMOVA ODINABONU»,generic,https://omorovicza.shopbot.uz/paycom/check
67471eaaddf30f131304ea7e,Minor-Gtickets,"ООО «ООО ""MINOR NEW MARKET""»",generic,https://api.cinematrix.uz/payme
674721add33fb8548cecb365,UBAY GLOBAL,"ООО «""UBAY GLOBAL"" MCHJ»",arca,https://api-qr.uzcard.uz
674721ead33fb8548cecb373,UBAY GLOBAL,"ООО «""UBAY GLOBAL"" MCHJ»",arca,https://api-qr.uzcard.uz
6747221fd33fb8548cecb377,UBAY GLOBAL,"ООО «""UBAY GLOBAL"" MCHJ»",arca,https://api-qr.uzcard.uz
67472266d33fb8548cecb384,UBAY GLOBAL,"ООО «""UBAY GLOBAL"" MCHJ»",arca,https://api-qr.uzcard.uz
674722ced33fb8548cecb39d,UBAY GLOBAL,"ООО «""UBAY GLOBAL"" MCHJ»",arca,https://api-qr.uzcard.uz
67481f42c628bf0c13f5d8ac,Qahvaxona,ЧП «TASTANOVA JADIRA»,generic,https://perfona.uz/qaxvaxona/paycom-integration-php-template/index.php
674831e0d33fb8548cecc2c2,GoPizza,"ООО «""D E M OILA KEBAB HOUSE"" MCHJ»",generic,https://kebabxaus.magicstore.uz/handle/payme/83410481-272d-448a-b97f-7d739eddcce6
674832c1d33fb8548cecc2f9,NAJOT TA'LIM ,НОУ «NAJOT TA`LIM MARKAZI»,generic,https://integration-payment.najottalim.uz/payme
6748478dd33fb8548cecc627,ROLF TOOLS,"ООО «""ROLF TOOLS"" MCHJ»",arca,https://api-qr.uzcard.uz
67486e2fd33fb8548ceccb10,MJ LOUNGE NUKUS,"ООО «""MJ LOUNGE NUKUS"" MCHJ»",generic,https://api.lacafe.uz/api/payments/v1/payme
6748734ed33fb8548ceccbd7,SOFIYA-TOUR,"ООО «""SOFIYA-TOUR"" XK»",arca,https://api-qr.uzcard.uz
67495601d33fb8548cecd573,LOYAL TAXI,"ООО «""LOYAL TAXI"" MCHJ»",generic,https://taxipark.ruzimurodov.uz/Payment/Payme/67495601d33fb8548cecd573
67495798d33fb8548cecd5a6,jim koffee 1,ЧП «ZUFAROV XOJIAKBAR»,generic,https://api.2pay.uz/api/payments/payme/
6749586ed33fb8548cecd5cb,KIDS PLATE   Ц1,"ООО «""KID'S PLATE DISTRIBUTION"" MCHJ»",arca,https://api-qr.uzcard.uz
674958d3d33fb8548cecd5d7,QASHQADARYO SUV TA'MINOTI ,ООО «QASHQADARYO SUV TA'MINOTI»,suvtaminot-petrol,http://wcontrol.uz/API-Payme-t/
674958fad33fb8548cecd5da,KIDS PLATE   Чехов,"ООО «""KID'S PLATE DISTRIBUTION"" MCHJ»",arca,https://api-qr.uzcard.uz
67495a68d33fb8548cecd602,KIDS PLATE   Велком,"ООО «""KID'S PLATE DISTRIBUTION"" MCHJ»",arca,https://api-qr.uzcard.uz
67495b37d33fb8548cecd614,KIDS PLATE,"ООО «""KID'S PLATE DISTRIBUTION"" MCHJ»",arca,https://api-qr.uzcard.uz
67496158d33fb8548cecd72c,Jim koffee 2,ЧП «ZUFAROV XOJIAKBAR»,generic,https://api.2pay.uz/api/payments/payme/
6749617ad33fb8548cecd735,Jim food,ЧП «ZUFAROV XOJIAKBAR»,generic,https://api.2pay.uz/api/payments/payme/
67498945d33fb8548cecdf06,Keebon,"ООО «""ANHOR KEBAB"" MCHJ»",generic,https://payment.api.delever.uz/payme
67498a3ed33fb8548cecdf45,ZUKKO TADBIRKOR,"ООО «""ZUKKO TADBIRKOR"" MCHJ»",arca,https://api-qr.uzcard.uz
67499e0bd33fb8548cece247,ABV,ООО «B2B SPACE»,generic,https://api-main.cfo.uz/api/v1/payme/
6749a576d33fb8548cece380,Oziq-ovqat standart karton,"ООО «""UBAY GLOBAL"" MCHJ»",arca,https://api-qr.uzcard.uz
6749b889c628bf0c13f5fd1c,nimba,"КО «""DAMDA SAYYOH"" MCHJ»",generic,https://api.nimba.uz/api/v1/webhook/payme/payment
6749ba8bd33fb8548cece6ef,METAMED ,"СП ООО «""METAMED"" MCHJ QK»",generic,https://b.ivend.uz/payme/api/v1/jxV2EctnkkhjMvQQwlL5/rpc
674b05b1d33fb8548cecf989," ""BOLALAR AKADEMIYASI QARSHI"" ","НОУ «""BOLALAR AKADEMIYASI QARSHI"" NTM»",arca,https://api-qr.uzcard.uz
674b1027d33fb8548cecfa7b, HAPPY TEA,"ООО «""HAPPY TEA"" MCHJ»",arca,https://api-qr.uzcard.uz
674b781f1f6211b2aec603c0,MASA restaurant,"ООО «""YAKKA SAROY HORECA"" MCHJ»",generic,https://api.botcommerce.io/payment/payme/
674d616dd33fb8548ced17e9,CYBERSHOCK,"ООО «""CYBERSHOCK"" XK»",generic,https://taxipark.ruzimurodov.uz/Payment/Payme/674d616dd33fb8548ced17e9
674d67abd33fb8548ced18e1,SERGOMARKET,"ООО «""PERVIY"" MCHJ»",arca,https://api-qr.uzcard.uz
674d9896a048b8a82259b4da,USTOZ EDU,"НОУ «""USTOZ EDU"" NTM»",generic,https://api.ustozai-app.uz/api/payme/donation
674da213d33fb8548ced2160,O'zbekiston milly arxiv,ГУП «O`ZBEKISTON MILLIY ARXIVI»,generic,https://online.archive.uz/api/v1/payment/payme
674da9fdd33fb8548ced22cd,STEELTOOLS,"ООО «""STEELTOOLS"" MCHJ»",generic,https://steel-tools.uz/payme.php
674f2409ddf30f1313057a38,ParkJoy,"ООО «""AVISION"" MCHJ»",generic,https://alady.parkjoy.uz/api/payme/merchant
674fe4a4d33fb8548ced4d32,ZUKKO TADBIRKOR,"ООО «""ZUKKO TADBIRKOR"" MCHJ»",arca,https://api-qr.uzcard.uz
674fe4fad33fb8548ced4d38,ZUKKO TADBIRKOR,"ООО «""ZUKKO TADBIRKOR"" MCHJ»",arca,https://api-qr.uzcard.uz
674ff540d33fb8548ced4f99,Вачач,"СП «""VACHACH FAMILY"" OK»",generic,https://backend.optochka.com/payments/activate-payme
675000b5d33fb8548ced5193,La Pampushka,"ООО «""PAMPUSHKA FOOD"" MCHJ»",generic,https://payment.api.delever.uz/payme
67500816d33fb8548ced52b3, SABIROFF,"ООО «""SABIROFF"" MCHJ»",generic,https://b.ivend.uz/payme/api/v1/jrXZzZSUKAh5c8mqUITA/rpc
67503002d33fb8548ced585d,ABDUVALIYEV SHAXRIYOR JAMOLIDDINOVICH,ЧП «ABDUVALIYEV SHAXRIYOR»,generic,https://b.ivend.uz/payme/api/v1/2SLIApXFsPmmYSUfTo0Q/rpc
67503ae0d33fb8548ced5a61,TAJ QURUTOB,"ООО «""TOJDOR BIZNES PLUS"" MCHJ»",generic,https://backend.optochka.com/payments/activate-payme
67503b301f6211b2aec65b86,Skillex,ЧП «XARCHENKO YELENA»,generic,https://api.exode.biz/api/v2/payment/rpc/acquiring/395d0dbf-c054-44e1-9525-a8ff10901c3a
67504cc3d33fb8548ced5d3d,SOFERO,"ООО «""SOFERO"" MCHJ»",generic,https://bots.texnobot.uz/barakaburgerbot/Payme/
67506190d33fb8548ced5fb2,"ООО ""PISKENT MATONAT CHO`QQISI""","ООО «""PISKENT MATONAT CHO`QQISI "" MCHJ»",arca,https://api-qr.uzcard.uz
675065b1d33fb8548ced601f, ALKOMARKET BACCHUS юнусабад,"ООО «""ALKOMARKET BACCHUS"" MCHJ»",arca,https://api-qr.uzcard.uz
67506654d33fb8548ced602f,ALKOMARKET BACCHUS ялангач    ,"ООО «""ALKOMARKET BACCHUS"" MCHJ»",arca,https://api-qr.uzcard.uz
67506c94d33fb8548ced60f8," ООО ""TEXNOMANIYA"" ","ООО «""TEXNOMANIYA"" MCHJ»",arca,https://api-qr.uzcard.uz
67514f02d33fb8548ced6da8,VKUSNAYA BULKA,"ООО «""VKUSNAYA BULKA"" MCHJ»",generic,https://payment.api.delever.uz/payme
67515aa3d33fb8548ced6f47,AZIZOV BOBUR BOTIROVICH,ЧП «AZIZOV BOBUR»,generic,https://bots.texnobot.uz/obihayot24-bot/Payme-tariff/
6751bb02d33fb8548ced7d28,"ООО ""MASHITA""","ООО «""MASHITA"" MCHJ»",arca,https://api-qr.uzcard.uz
67528ef2d33fb8548ced8693,TIMUR FAYZ ,"НОУ «НОУ ""TIMUR FAYZ""»",generic,https://api.timur-fayz.uz/api/payme/merchant/
6752a49ad33fb8548ced8ab9,HOTY DOGY,"ООО «""HOTY DOGY"" MCHJ»",generic,https://payment.api.delever.uz/payme
6752a4f8d33fb8548ced8ac8,HOTY DOGY,"ООО «""HOT DOG CORN"" MCHJ»",generic,https://payment.api.delever.uz/payme
6752a558d33fb8548ced8ad7,HOTY DOGY,"ООО «""GOOD HOT DOG"" MCHJ»",generic,https://payment.api.delever.uz/payme
6752a5b9d33fb8548ced8aee,BEST HOT DOG,"ООО «""BEST HOT DOG"" MCHJ»",generic,https://payment.api.delever.uz/payme
6752b91f1f6211b2aec68d2b,OTAYOROV SARVAR NASIMXON O‘G‘LI,ЧП «OTAYOROV SARVAR»,generic,https://api.ytest.uz/api/v1/payment/payme
6752c950d33fb8548ced8f40, EGAMOVA DILRABO TALIBOVNA,ЧП «EGAMOVA DILRABO»,generic,https://imijstilistika.uz/baxtichkaridabot/instaadmin/paycom-integration-php-template/index.php
6752ded9d33fb8548ced92d5,Iqtidorlar maktabi,"ООО «""IQTIDOR VA MUVAFFAQIYAT"" MCHJ»",generic,https://billing.iqtidorlar.uz/HandleTransaction
6752f651ddf30f131305c916,ALRAQAM,"ООО «""ALRAQAM"" MCHJ»",generic,https://dukan.uz/api/payment/payme/callback
6756d5c7e64d929b0e473740,O`ZBEGIM 7777,ООО «MCHJ O`ZBEGIM 7777»,generic,https://uzbegim.zoomda.uz:4001/payme/
6757ec5ed33fb8548cedd7fd,FineSMM.uz,ЧП «CHORIYEV AZIZBEK»,generic,https://payme.finesmm.uz
6758058fd33fb8548ceddab1,MALSEVA YELENA NIKOLAYEVNA,ЧП «MALSEVA YELENA»,arca,https://api-qr.uzcard.uz
675813c3d33fb8548ceddc70,HOTY DOGY,"ООО «""HOTY DOGY"" MCHJ»",generic,https://api.hotydogysite.uz/api/v1/webhook/paycom
675813f6d33fb8548ceddc7d,HOTY DOGY,"ООО «""GOOD HOT DOG"" MCHJ»",generic,https://api.hotydogysite.uz/api/v1/webhook/paycom
6758141dd33fb8548ceddc87,HOTY DOGY,"ООО «""HOT DOG CORN"" MCHJ»",generic,https://api.hotydogysite.uz/api/v1/webhook/paycom
67581440d33fb8548ceddc92,BEST HOT DOG,"ООО «""BEST HOT DOG"" MCHJ»",generic,https://api.hotydogysite.uz/api/v1/webhook/paycom
67581b71d33fb8548cedddb3, LA MER PARTNERS,"ООО «""LA MER PARTNERS"" MCHJ»",arca,https://api-qr.uzcard.uz
67581b99d33fb8548cedddc2, LA MER PARTNERS,"ООО «""LA MER PARTNERS"" MCHJ»",arca,https://api-qr.uzcard.uz
6758434cd33fb8548cede473,O'RIKZOR STROY MOLLARI,"ООО «""URIKZOR STROY MOLLARI"" MCHJ»",arca,https://api-qr.uzcard.uz
6758498dddf30f1313061775,ELT BOOST,"ООО «""ELT BOOST"" MCHJ»",generic,https://api.exode.biz/api/v2/payment/rpc/acquiring/553062cd-8d0e-4e9d-a428-57c43453bf96
6758f91ce64d929b0e475a2f,Online Testing,"ООО «""OLYMPIA""»",generic,https://desktop.olympia.uz/uz/api/payme/pay
67592994d33fb8548cedef57,Safia,"ООО «""MADINA-QANDOLAT"" MCHJ»",generic,https://panel.safiabakery.uz/payment/paycom?id=251
67593646d33fb8548cedf130,BUY IT,"ООО «""BUY IT"" MCHJ»",generic,https://api.2pay.uz/api/payments/payme/
675937c91f6211b2aec6f065,TARTINE BAKERY,"ООО «""TARTINE BAKERY"" MCHJ»",generic,https://panel.breadly.uz/payment/paycom?id=4
67593abcd33fb8548cedf20e,Womauz ,"ООО «""SIAM TEA SHOP"" XK»",generic,http://37.27.213.242:8080/api/billing/payme
67593e05d33fb8548cedf288,ЦИФРАЛ,ООО ««COMZA CYFRAL SERVICE»»,generic,https://87.192.232.58/cyfral/payme
67595d3cd33fb8548cedf6df,ISKOMO,"ООО «""ISKOMO"" MCHJ»",generic,https://payme.iskomotour.uz/api/payme
67596053d33fb8548cedf798,SAAKINUN,"ООО «""SAAKINUN"" MCHJ»",generic,https://backend.optochka.com/payments/activate-payme
67596466a048b8a8225a8913,Banan Analytics Bot,ЧП «ABDULLAYEV AMAL»,generic,https://banan-payme.batalichev.pro/y6g4W29HvpJ0of319C0QB12X3tHXcC-kyWtaMnGQHtkSKeGQB83Cjln4Gp5zZ41su2iVJp/rpc
67596753d33fb8548cedf915,Zabon App,"ООО «""MENTO EDTECH"" MCHJ»",generic,https://api.zabon.app/payment/payme/update/
675a84d6d33fb8548cee0cdd,go bozor,"ООО «""U-WIN MARKET"" MCHJ»",generic,https://api.cody.mn/webhooks/pay_me/operate
675ab9d31f18815ce830c84a,ELLIKSIR,ЧП «ISROILOV SOLIVOY»,generic,https://admin.elliksir.uz/api/payme/payments/update/
675adba547f4e3e488ef4b94,Сеть аптек OXYMED,"ООО «""NIKA FARM SERVIS"" MCHJ»",generic,https://orders.oxymed.uz/payme/webhook
675adbcd47f4e3e488ef4b98,Сеть аптек OXYMED,"ООО «""NIKA FARM SERVIS"" MCHJ»",generic,https://orders.oxymed.uz/payme/webhook
675adbf547f4e3e488ef4ba5,Сеть аптек OXYMED,"ООО «""NIKA FARM SERVIS"" MCHJ»",generic,https://orders.oxymed.uz/payme/webhook
675adc2847f4e3e488ef4bb4,Сеть аптек OXYMED,"ООО «""NIKA FARM SERVIS"" MCHJ»",generic,https://orders.oxymed.uz/payme/webhook
675adc5447f4e3e488ef4bba,Сеть аптек OXYMED,"ООО «""NIKA FARM SERVIS"" MCHJ»",generic,https://orders.oxymed.uz/payme/webhook
675adc8147f4e3e488ef4bc4,Сеть аптек OXYMED,"ООО «""NIKA FARM SERVIS"" MCHJ»",generic,https://orders.oxymed.uz/payme/webhook
675adca347f4e3e488ef4bc9,Сеть аптек OXYMED,"ООО «""NIKA FARM SERVIS"" MCHJ»",generic,https://orders.oxymed.uz/payme/webhook
675adcc847f4e3e488ef4bd3,Сеть аптек OXYMED,"ООО «""NIKA FARM SERVIS"" MCHJ»",generic,https://orders.oxymed.uz/payme/webhook
675ade9f47f4e3e488ef4c21,Сеть аптек OXYMED,"ООО «""NIKA FARM SERVIS"" MCHJ»",generic,https://orders.oxymed.uz/payme/webhook
675adec147f4e3e488ef4c25,ZIYOFAT-SUPER,"ООО «""ZIYOFAT-SUPER"" MCHJ»",arca,https://api-qr.uzcard.uz
675b22e4b42aa8a5ada9d7a6,UzToys Shop,ЧП «RUSTAMOV BAXODIRJON»,generic,https://uztoysavdo.uz/api/payme
675bb945ce994579ae89fefb,Fozilov Academy,ЧП «FOZILOV KAMRONBEK»,generic,https://payment.fozilov.academy/api/payme
675bd030eadb1f3444c43d4a,MisterWang,"ООО «""MISTERWANG"" XK»",generic,https://edsale.uz/api/v1/payme/updates/
675bd56d47f4e3e488ef5a92,EZZY Group,"ООО «""EZZY GROUP"" MCHJ»",generic,https://vi.zoomda.uz:4001/payme
675bd949b42aa8a5ada9e189,B2BMARKET,"ООО «""B2BMARKET"" MCHJ»",generic,https://b2bmarket.uz/api/api/pay
675c06c9b42aa8a5ada9ec3e,Jobbank,"ООО «""AITECH"" MCHJ»",generic,https://jobbank.uz/api/payme/webhook
675c2c5d47f4e3e488ef70d7,E-ONE,"ООО «""E-ONE"" MCHJ»",generic,https://backstage.e-1.uz/gateway/pay/notify/payme/notify
675c3a5447f4e3e488ef72aa,USTO IBODULLO NARZULLAYEV,"СП «""USTO IBODULLO NARZULLAYEV"" OK»",generic,https://api.gijduvancrafts.com/payment/payme/update/
675e991cb42aa8a5adaa1b27,Qanotlar,ЧП «MIRAGZAMOVA YEVGENIYA»,generic,https://vps.qanotlar.uz/payments/payme
675fbdf348de70c8498f7f4a,IFODA AGRO KIMYO HIMOYA,"СП ООО «""IFODA AGRO KIMYO HIMOYA"" MCHJ QK»",generic,http://94.141.76.204:8088/api/payments/merchant/
675fd55747f4e3e488efae20,Econom TAXI,"ООО «""NEW PRO TAXI"" MCHJ»",generic,https://kladabiyol.beget.app/econom/fleet/paycom/
675ffabb47f4e3e488efb3bc,PALISANDR,"ООО «""PALISANDR"" MCHJ»",generic,https://maff.uz/personal/order/notification.php
67601dfd47f4e3e488efbaba,Marviza,"СП «""GOLD-TRADE-SALE"" OK»",generic,https://marviza.uz/?wc-api=wc_payme
67611bba47f4e3e488efcb68,ASMALD HOTEL,"ООО «""ASMALD HOTEL"" MCHJ»",generic,https://cb-pay.exely.com/Payme/generic/terminals/80a90a73-f47e-49f9-8606-f3ab0c0a4bf7
6761298f48de70c8498fa27a,PROFESSIONAL BEAUTY AESTHETIC,"ООО «""PROFESSIONAL BEAUTY AESTHETIC"" MCHJ»",generic,http://176.96.241.199:3030/payme/mak
67612a5bb42aa8a5adaa4e51,PROFESSIONAL BEAUTY AESTHETIC,"ООО «""PROFESSIONAL BEAUTY AESTHETIC"" MCHJ»",generic,http://176.96.241.199:3030/payme/stom
67612b4d47f4e3e488efcdbb,CYFRAL  Безопасный Дом,"ООО «""CYFRAL SAFE HOME"" MCHJ»",generic,https://94.158.51.59/payme
67615c9b48de70c8498faa50,Kinoplan,"ООО «ООО ""MINOR NEW MARKET""»",generic,https://minor.gtickets.uz/api
676162a347f4e3e488efd5d4,SILVERKROM,"ООО «""SILVERKROM"" XK»",arca,https://api-qr.uzcard.uz
6761769fce994579ae8a7d00,UYGAAYT,"ООО «""UYGAAYT"" MCHJ»",generic,https://backend.uygaayt.uz/integrator-api/v1/payme
6761c3ef1f18815ce8316056,Chat Taxi,"ООО «""CHAT AI"" MCHJ»",generic,https://api.chattaxi.uz/api/payme/updates/
676262e3ce994579ae8a894d,Kinoplan - Gtickets,"ООО «ООО ""MINOR NEW MARKET""»",generic,https://minor.gtickets.uz:4433/payme
6762918d47f4e3e488efecb3,RADIUS MOBILE,ООО «RADIUS RETAIL»,generic,https://new.api.radius.uz/payments/payme/pay/
6762a5e647f4e3e488efefc1,PAYME,"АО «""PAYME"" AJ»",generic,https://old.merchant.payme.uz/shell/business/66617226506c1cb0b5224696/merchants
6762b8d91f18815ce83173f1,STANDART DIAGNOSTIKA,"ООО «""STANDART DIAGNOSTIKA"" MCHJ»",generic,http://213.230.96.238:58699/api/payme/index.php
6762bde847f4e3e488eff3b8,Mogo Lend,"ИП ООО «""MOGO LEND"" MCHJ QK»",generic,https://rubie-ext.mogo.uz/api/v1/payme
6762d36547f4e3e488eff6af,Test 2 kassa,"ООО «""SUSHI YUMMY"" MCHJ»",generic,https://api.yummy.sector-soft.ru/webhook/payme
6762fe5cce994579ae8a9dba,TezLink.uz,"ООО «""TEZTECH"" MCHJ»",generic,https://tez-tech.uz/handle/payme
6763c35747f4e3e488f0042e,XODJABAYEVA SHAXNOZA SIROJIDDIN QIZI,ЧП «XODJABAYEVA SHAXNOZA»,generic,https://b.ivend.uz/payme/api/v1/7G5WZzwhV5WfhxEvlfMY/rpc
676401b31f18815ce8318e58,BELLISSIMO PIZZA,ООО «BELLISSIMO PIZZA INTERNATIONAL»,generic,https://pay.bpnet.uz/api/payment/payme
676402351f18815ce8318e70,BELLISSIMO PIZZA,ООО «BELLISSIMO PIZZA INTERNATIONAL»,generic,https://pay.bpnet.uz/api/payment/payme
67640296b42aa8a5adaa8dc8,BELLISSIMO PIZZA,ООО «BELLISSIMO PIZZA INTERNATIONAL»,generic,https://pay.bpnet.uz/api/payment/payme
6764130a47f4e3e488f010e2,CITYNET,"ООО «""CITYNET"" MCHJ»",generic,https://citynet.uz/api/v2/payment/payme
67653ad2510a0b4285513e37,IDEAS MEDICALS ,"ООО «""IDEAS MEDICALS"" MCHJ»",generic,https://imedical.uz/?wc-api=wc_payme
67655560510a0b428551427a,FALCONAI ,"ООО «""FALCONAI"" XK»",generic,https://api.falconai.dev/merchant/payme
6765667a510a0b4285514555,FOODZIYAMA ,"ООО «""FOODZIYAMA"" MCHJ»",arca,https://api-qr.uzcard.uz
676569b472500be9ce380e23,OLENI.RENT,ЧП «KULESH NIKOLAY»,generic,https://olenirent.probitech.uz/paycom
67656fb9510a0b428551467b,Hardee’s QORATOSH - DELEVER,"ООО «""GLOBAL BURGER"" MCHJ»",generic,https://payment.api.delever.uz/payme
6765eb4e668be4ef5d7f39f1,DEXQONOV SHOXIJAXON DILMUROD,ЧП «DEXQONOV SHOXIJAXON»,generic,https://dexel.store:9093/api/paycom/callback
6767a082b31516c21ede3b39,i.HASHAR,ЧП «TASHMUXAMEDOV BOTIR»,generic,https://pay.ihashar.uz/handle/payme
6768f25224c920882f00239a, KAMOLAT OBOD,"ООО «""KAMOLAT OBOD"" MCHJ»",arca,https://api-qr.uzcard.uz
67692c4024c920882f002d29,SmartLex,"ООО «""LEGAL TECH"" MCHJ»",generic,https://dev-backend.wakil.ai/api/v2/transaction/payme/
67693f8524c920882f003229,GREEN MARKETING SERVIS,"ООО «""GREEN MARKETING SERVIS"" MCHJ»",generic,https://taf26.marketing.uz/payment/payme/index.php
6769452424c920882f003373,for test,"АО «""TBC BANK"" ATB»",tbc-loan-v2,https://gateway.tbcbank.uz/payme/
676955df24c920882f0036d1,MILLIY GVARDIYA QO`RIQLASH XIZMATI,ГУП «MILLIY GVARDIYASI QO`RIQLASH BOSH BOSHQARMASI»,generic,https://pay.mgqbb.uz/payme
676a471d24c920882f0043af,W ALCO,"ООО «""WEST BAR"" MCHJ»",arca,https://api-qr.uzcard.uz
676a57f924c920882f004629,FORTUNA UNIVERSAL TRADING,"ООО «""FORTUNA UNIVERSAL TRADING"" XK»",generic,https://biolavka.uz/?wc-api=wc_payme
676a7b3324c920882f004a17,Safia,"ООО «""JUGER REGION"" MCHJ»",generic,https://panel.safiabakery.uz/payment/paycom?id=252
676a7bbe24c920882f004a2c,KRYUTCHENKO YAROSLAV MAKSIMOVICH,ЧП «KRYUTCHENKO YAROSLAV»,generic,https://api.ustat.app/payme/
676a81d724c920882f004bb8,ADL GROUP,"ООО «""ADL GROUP"" MCHJ»",generic,https://zargarshop.humocrm.uz/handle/payme/857e91f4-78d7-43b1-a79a-3c98583b9d41
676a8e1f24c920882f004dc4,Safia,"ООО «""MADINA-QANDOLAT"" MCHJ»",generic,https://panel.safiabakery.uz/payment/paycom?id=184
676a90e424c920882f004e3e,Safia,"ООО «""MADINA-QANDOLAT"" MCHJ»",generic,https://panel.safiabakery.uz/payment/paycom?id=255
676ab9d0ee8cf68bde7cb4fe,Nazr,"ООО «""NAZR"" MCHJ»",generic,https://api.nazr.uz/api/v1/orders/payme
676bf94124c920882f006d64,BoXette,"СП ООО «""LUCKY EXPRESS GROUP"" MCHJ»",generic,https://app.cartdna.com/public/payme-uz-by-cartdna/callback/boxette-production
676bfef824c920882f006e8a,MUTALIBOV JASUR ZAKIRJAN O'G'LI,ЧП «MUTALIBOV JASUR»,arca,https://api-qr.uzcard.uz
676cfb5824c920882f007f19,BIZ TAXI,"ООО «""FARIZ ELDOR"" MCHJ»",generic,https://kefaladoorn.beget.app/fleet/paycom/
676d07c524c920882f008102,BUHGALTERLAR AKADEMIYASI,"ООО «ООО ""BUHGALTERLAR AKADEMIYASI""»",generic,https://api.exode.biz/api/v2/payment/rpc/acquiring/bb938a38-6115-46a2-949e-69f31c04ec5c
676d093724c920882f008129,SKILL GAME GROUP,"ООО «""SKILL GAME GROUP"" MCHJ»",generic,https://api.exode.biz/api/v2/payment/rpc/acquiring/24b40f40-cecd-4c75-b2c0-854a51befc91
676d28ce24c920882f008555,AXMEDJANOV XAYRULLA BAXTIYOROVICH,ЧП «AXMEDJANOV XAYRULLA»,generic,https://hipartsbot.uz/api/v1/payment/payme
676d333624c920882f0086e0,AVANT PRIME,"ООО «""AVANT PRIME"" MCHJ»",generic,https://dev-numerology.aigroup.uz/api/v1/billing/providers/payme/make-payment
676d80d624c920882f0091d9,Ticket GO,"ООО «""TICKETGO"" MCHJ»",generic,https://ticketgo.uz/api/v1/payment/merchant
676d830a24c920882f009203,Qanotchi Baliq,"ООО «""QANOTCHI FOOD"" MCHJ»",generic,https://backend.optochka.com/payments/activate-payme
676e4f6624c920882f009ef2,OKAY GO,"ООО «""OKAY GO"" MCHJ»",generic,https://api.okgotaxi.uz/api/payme
676e7f0f24c920882f00a491,BEST BURGER,"СП «""MMM BURGERS"" OK»",generic,https://smartomato.ru/webhooks/payments/payme/46289/callback
6777c26e320c36e44de97533,STANFORD EDUCATION CENTER,"НОУ «""STANFORD EDUCATION CENTER"" NTM»",generic,https://teacher-muzaffar.com/handle/payme
6777c6f7320c36e44de975b8,ZARQAYNAR OMAD,ООО «ZARQAYNAR OMAD MCHJ»,arca,https://api-qr.uzcard.uz
6777d0d2320c36e44de9770a,SHAYDOBONU,"ООО «""SHAYDOBONU"" MCHJ»",arca,https://api-qr.uzcard.uz
6777e6e2320c36e44de97a2f,HOLITECH AGENCY,"ООО «""HOLITECH AGENCY"" MCHJ»",generic,https://holitech-payment-production.up.railway.app/payme
67790a84dbc8d1a8dc0b36f9,"""FAYZ-FUROR"" QMJ","ООО «""FAYZ-FUROR"" QMJ»",generic,https://payment.api.delever.uz/payme
67790b9d1a1e9b19f9db7623,Perfetto,"СП «""BRIHT SKY"" OK»",generic,https://payment.api.delever.uz/payme
67790c760e6d62c2be2119fc,Perfetto (Ферганская улица),"СП «""MAFTUNA BONU SAVDO"" OK»",generic,https://payment.api.delever.uz/payme
677b749b320c36e44de9abe8,PUB-KEBAB,"ООО «ООО ""BURGER LOUNGE FOOD""»",generic,https://burger.sec.uz/?wc-api=wc_payme
677bc6b0320c36e44de9b899,DT ECOSYSTEM,"ООО «""DT ECOSYSTEM"" MCHJ»",generic,https://pay.dt.uz/api/v1/payments/payme
677bce30320c36e44de9ba0e,GET BOOK,ЧП «SOBIROVA MADINA»,generic,https://getbook.magicstore.ai/handle/payme/178f56b9-efcd-488b-a774-aaecf341cdff
677bd6930e6d62c2be2145f3,IBRAT FARZANDLARI,"ООО «""IBRAT FARZANDLARI"" MCHJ»",generic,https://api.ibrat.dev/v1/transaction/payme
677cdb89320c36e44de9cb4a,VedaBiotica,ЧП «ИП Kamionko»,generic,https://api.robosell.uz/api/v2/payme/partner
677cf3bc320c36e44de9ce90,HERMANN BRUDER,"ООО «""HERMANN BRUDER"" MCHJ»",generic,https://manaku.uz/?wc-api=wc_payme
677d02e1dbc8d1a8dc0b77db,AvloBozor,"ООО «""AVLOAI"" MCHJ»",generic,https://nike-shop.avlo.site/payment-gateway/payme
677d166d320c36e44de9d492, COSMOTEKA ,ЧП «KAZARYAN YEVGENIYA»,generic,https://cosmoteka.uz/?wc-api=wc_payme
677d2efc5187fec14ba48649,24SEVEN Video,"ООО «""ZEST CONTENT"" MCHJ»",generic,https://service.24seven.uz/v2/payment/payme-endpoint
677df614320c36e44de9df4f,Taksim Kebab,"ООО «""KORBAZAAR"" MCHJ»",generic,https://backend.optochka.com/payments/activate-payme
677e0b66320c36e44de9e142,URGANCH DIAMOND MIKROMOLIYA TASHKILOTI,"АО «""URGANCH DIAMOND MIKROMOLIYA TASHKILOTI"" AJ»",generic,https://mfo63.flexpul.uz/public/payme/payments
677e1f13320c36e44de9e3bb,GLOBAL GRAD PATH,"ООО «""GLOBAL GRAD PATH"" MCHJ»",generic,https://gradabroad.net/api/integration/payment
677e4ca1320c36e44de9e9b9,KRYUTCHENKO YAROSLAV MAKSIMOVICH,ЧП «KRYUTCHENKO YAROSLAV»,generic,https://bot.ustat.app/payme/
677e57de320c36e44de9eb1e,CLEANORIA Y.Market,ЧП «MUMINOV MARDON»,generic,https://ai.marketassistant.uz
677e5bca320c36e44de9ebb8,O’zbekiston Kinofotofono hujjatlari milliy arxivi,ГУП «O`ZBEKISTON KINOFOTOFONO HUJJATLARI MILLIY ARXIVI»,generic,https://online.archive.uz/api/v1/payment/payme
677e680d320c36e44de9ed9f,Giyohlar Markazi,"ООО «""JABBOR NORQULOVICH""»",generic,https://hillside.magicstore.uz/handle/payme/ceec1a82-b830-437c-895e-a09372e857ea
677e75e2dc2f84a06fd0a004,ELUKRITA,"ООО «""ELUKRITA"" MCHJ»",generic,https://cryptolimen.hyperpyron.uz/v1/payme/aelucrita/default
677ea3690e6d62c2be217c0f,SS  BROK,"ООО «""FLUXION"" MCHJ»",generic,https://backend.ssbrok.uz/payme/transactions
677f6a7b320c36e44de9fbc5, KOSEBASI,"ООО «""WINSOME RESTORAN"" MCHJ»",generic,https://backend.optochka.com/payments/activate-payme
677f81c0320c36e44de9ff0d,SOCRAT CONCERT,"ООО «""SOCRAT CONCERT"" MCHJ»",generic,http://172.17.9.240:3448
677f9fea320c36e44dea029e, CHAQMOQ TEZKOR,"ООО «""CHAQMOQ-TEZKOR"" MCHJ»",generic,https://taxipark.ruzimurodov.uz/Payment/Payme/677f9fea320c36e44dea029e
677fc55c320c36e44dea084c,Munisa restaurant - OPTOCHKA,"ООО «""SADOQAT-NURI"" MCHJ»",generic,https://backend.optochka.com/payments/activate-payme
677fca0f320c36e44dea0939,Сеть аптек OXYMED,"ООО «""NIKA FARM SERVIS"" MCHJ»",generic,https://orders.oxymed.uz/payme/webhook
677fcbda320c36e44dea0959,SJK VISION,"ООО «""SJK VISION"" MCHJ»",generic,https://backend.optochka.com/payments/activate-payme
677ff6bc5187fec14ba4b916,DEVMI,ЧП «MUQUMOV SAMANDARBEK»,generic,https://devmi.uz/api/payments/payme
677ffa58dbc8d1a8dc0bb1d6,TABIBIM TABIAT,"ООО «""TABIBIM TABIAT"" MCHJ»",generic,https://tabibimtabiat.uz/api/index.php
6780b317320c36e44dea13cc,BUSINESS PASS,СП «ARSLON SOFTWARE GROUP СП»,generic,https://businesspass.com/api/v1/payme/notify
6780b684320c36e44dea1459,Sushi Wok Master,"ООО «ООО ""PASHAS""»",generic,https://api.lacafe.uz/api/payments/v1/payme
6780ca925187fec14ba4c318,IFODA AGRO KIMYO HIMOYA,"СП ООО «""IFODA AGRO KIMYO HIMOYA"" MCHJ QK»",generic,https://ifoda.uz/payment/payme
6780e5dd320c36e44dea1a3b,MTT DM QAYTA TAYYORLASH VA ULARNING MALAKASINI OSHIRISH INSTITUTI,ГУП «MTT DM QAYTA TAYYORLASH VA ULARNING MALAKASINI OSHIRISH INSTITUTI»,generic,https://api-managerpro.uzedu.uz/api/v2/checkPayme
6780e887320c36e44dea1a93,PRIME FOREVER,"ООО «""PRIME FOREVER"" MCHJ»",generic,https://backend.edutizim.uz/paysys-api/integrations/payme/arizonelc
6784b28a320c36e44dea4bcf,OBUNA INFO,"ООО «""OBUNA INFO"" MCHJ»",generic,https://api.exode.biz/api/v2/payment/rpc/acquiring/43fa39da-c8ee-49fb-8fa3-5fa656a7ab04
6784c1a8320c36e44dea4e67,VANGUARD CAPITAL,"ООО «""VANGUARD CAPITAL"" MCHJ»",generic,https://vanguardcapital.uz/?wc-api=wc_payme
6784c7c8dc2f84a06fd0fe02,UZB FUTURE,ЧП «SULTONOV MIRAZIZ»,generic,https://srcteam.magicstore.ai/handle/payme/f4edbb77-1494-4117-a546-a2d975d5b54a
6784e441320c36e44dea5448,MTT DM QAYTA TAYYORLASH VA ULARNING MALAKASINI OSHIRISH INSTITUTI,ГУП «MTT DM QAYTA TAYYORLASH VA ULARNING MALAKASINI OSHIRISH INSTITUTI»,generic,https://shartnoma.mdomoi.uz/api/payme/callback
6784e5fe320c36e44dea5491,GO SPA,"ООО «""GO SPA"" MCHJ»",generic,http://api.gospa.uz/api/payment/payme
6784e692320c36e44dea54b5,HIGH TOWN PIZZA,"ООО «""HIGH TOWN PIZZA"" MCHJ»",generic,https://api.apexpizza.uz/api/payment/transactions/\r\n
6784f682320c36e44dea56a9,SUYUNCHI,"ООО «""SUYUNCHI URGUT"" MCHJ»",generic,https://suyunchigroup.uz/api/payme
67850dbc5187fec14ba504d3,HUANG VANLI XXX,ЧП «HUANG VANLI»,generic,https://payment.rudin.uz/payme
67856c0c0e6d62c2be21e690,Yuktashish,"ООО «""ETALON LOGIST"" MCHJ»",generic,https://yuktashish.leetcode.uz/paycom/
6786008e320c36e44dea66bf,BREADLY ,"ООО «""LOAF BAKERY""»",generic,https://payment.api.delever.uz/payme
67860117320c36e44dea66cf,BREADLY,ООО «ALLIANCE BAKERY»,generic,https://payment.api.delever.uz/payme
6786017c320c36e44dea66e3,BREADLY,"ООО «""CRUSTY BAKERY"" MCHJ»",generic,https://payment.api.delever.uz/payme
678601c4320c36e44dea66ed,TARTINE BAKERY,"ООО «""TARTINE BAKERY"" MCHJ»",generic,https://payment.api.delever.uz/payme
6786442b320c36e44dea7140,CARLETON MEDIA,"ООО «""CARLETON MEDIA"" MCHJ»",generic,http://172.17.9.240:3448/
6786646d320c36e44dea7653,SPORTS.uz,"ООО «""RENDER SYSTEM"" MCHJ»",generic,http://213.230.110.176:8382/api/payme
6787520b1a1e9b19f9dc65b8,PANDA PRODUCTION FILMS,"ООО «""PANDA PRODUCTION FILMS"" MCHJ»",generic,https://api.pandatv.uz/api/v2/merchant/payme/
67877e4c320c36e44dea8c36,BREADLY ,"ООО «""LOAF BAKERY""»",generic,https://payment.api.delever.uz/payme
67878796dc2f84a06fd13962,ALMUDAA,ООО «MCHJ ALMUDAA»,generic,https://bot.almudacompany.com/handle/payme
678796b20e6d62c2be2213db,GLOBAL MOVE,"ООО «""GLOBAL MOVE"" MCHJ»",generic,https://api.mock-ielts.prod.glmv.dev/api/payment/payme
6787b064320c36e44dea94cc,Uyg`urcha,"ООО «""MANT"" MCHJ»",generic,https://api.robosell.uz/api/v2/payme/partner
6787f0135187fec14ba545c1,TOSHKENT SHAHRIDAGI TURIN POLITEXNIKA UNIVERSITET,НОУ «TOSHKENT SHAHRIDAGI TURIN POLITEXNIKA UNIVERSITET»,generic,https://qabul.turin.uz/api/payments/webhook/payme
6788edc95187fec14ba5588e,Sofilm Dev,"ООО «""SOF-ILM"" MCHJ»",generic,https://devapi.sofilm.uz/billing/api/v1/payment/payme/update
6788f046320c36e44deab260,Edu Action/IDP ,НОУ «ACTION GROUP»,generic,https://api.studenthunter.org/api/paycom
67891a53dc2f84a06fd1610b,SAIDOV MELIKJON ALISHEROVICH,ЧП «SAIDOV MELIKJON»,generic,https://neznayka.fargenius.uz/bot/payment/update/
678923380e6d62c2be2239be,Insayr,ООО «INSAYR»,generic,https://api.gogagner.com/payments/UZ/payme
6789eb6f5187fec14ba5671d,Obunajon,ООО «WEB EXPERT»,generic,https://apps.kontentpay.uz/v1/webhook/payme
678a24bd320c36e44deac854,ELNUR BOBUR MED FARM,"ООО «""ELNUR BOBUR MED FARM"" XK»",arca,https://api-qr.uzcard.uz
678a3d80320c36e44deacbbe,GIOTTO,СП ООО «VANILLA FOOD»,generic,https://api.lacafe.uz/api/payments/v1/payme
678dee78320c36e44deb1afc,SAYFUTDINOVA SHOXISTA IDRISOVNA,ЧП «SAYFUTDINOVA SHOXISTA»,generic,https://b.ivend.uz/payme/api/v1/eeB2Tee0nrII5ardemrn/rpc
678e2384320c36e44deb26b2,"""YANGIYO`L TUMANI SHAXSIY TARKIB HUJJATLARI DAVLAT ARXIVI"" DAVLAT MUASSASASI","ГУП «""YANGIYO`L TUMANI SHAXSIY TARKIB HUJJATLARI DAVLAT ARXIVI""»",generic,https://online.archive.uz/api/v1/payment/payme
678e23fe1a1e9b19f9dcfb4e,Sobir Said,ЧП «MAMADAMINOV FAZLIDDIN»,generic,https://sobir-said.aiseller.uz/api/v1/payme
678e3827320c36e44deb2ac2,BOYMURODOVA SHOXISTA,ЧП «BOYMURODOVA SHOXISTA»,generic,https://api.exode.biz/api/v2/payment/rpc/acquiring/5fdbabb3-551c-4d8c-b391-97cf8de0c336
678e3eac320c36e44deb2bc9,SEZAM GARDEN - DELEVER,"ООО «""YASHIL QANDOLAT BOGI"" MCHJ»",generic,https://payment.api.delever.uz/payme
678f3916320c36e44deb3b5d,NATIONAL ASSESSMENT CENTER,"ООО «""NATIONAL ASSESSMENT CENTER"" MCHJ»",generic,http://172.17.9.240:3448/
678f39c0320c36e44deb3b6f,EZZY Group,"ООО «""EZZY GROUP"" MCHJ»",generic,https://payment.api.delever.uz/payme
678f4d90320c36e44deb3e45,Hardees (GLOBAL BURGER),"ООО «""GLOBAL BURGER"" MCHJ»",generic,https://payment.api.delever.uz/payme
678f5fa5320c36e44deb410e,DIYOR-LAYLO-ISFAN,"ООО «""DIYOR-LAYLO-ISFAN"" MCHJ»",arca,https://api-qr.uzcard.uz
678f6759320c36e44deb41fe,"""BEST STANDART TECHNOLIGY"" MChJ","ООО «""BEST STANDART TECHNOLIGY"" MChJ»",generic,https://tarxon.uz/?wc-api=wc_payme
678f789b0e6d62c2be22bc5c,Medion Family Hospital,ООО «‘‘ISTIROHAT HOSPITAL’’»,generic,https://his.medion.uz/apipayme/payme/
678f83c4320c36e44deb4672,FINDY UZBEKISTAN,ЧП «SA’DULLAYEVA XOSIYAT»,generic,https://findy.itlegacy.uz/payment/paycom?id=3cf7ff70-c19a-4b9e-8664-ad08fb7d40c8
678fa0d0320c36e44deb4ada,Li-Ning TCM Arca,"СП ООО «""ADMIX SPORT"" MCHJ QK»",arca,https://api-qr.uzcard.uz
678fa124320c36e44deb4b90,Li-Ning Magic City Arca,"СП ООО «""ADMIX SPORT"" MCHJ QK»",arca,https://api-qr.uzcard.uz
678fa169320c36e44deb4b9a,Li-Ning Eco Park Arca,"СП ООО «""ADMIX SPORT"" MCHJ QK»",arca,https://api-qr.uzcard.uz
678fa1af320c36e44deb4bb0,Li-Ning Atlas Chimgan Arca,"СП ООО «""ADMIX SPORT"" MCHJ QK»",arca,https://api-qr.uzcard.uz
678fa237320c36e44deb4bd3,Li-Ning Alayskiy Arca,"СП ООО «""ADMIX SPORT"" MCHJ QK»",arca,https://api-qr.uzcard.uz
678fa289320c36e44deb4be0,Li-Ning Novza Arca,"СП ООО «""ADMIX SPORT"" MCHJ QK»",arca,https://api-qr.uzcard.uz
678fa86a320c36e44deb4c89,SaraSavdo_bot,ЧП «RASULOV NAVRO‘Z ABDIRASHIDOVICH»,generic,http://34.159.54.91:5000/payme/api
678fdf5a5187fec14ba5ebdb,NAVOIY KON-METALLURGIYA KOMBINATI JAMG'ARMAS,"ЧП «""NAVOIY KON-METALLURGIYA»",generic,https://dormitory-api.ngmkfond.uz/api/v1/debts/payment/payme/pay/
67907eb6dbc8d1a8dc0ceb15,EVOS,ООО «MCHJ MAK FOOD SERVIS»,generic,https://payment.api.delever.uz/payme
67909c17320c36e44deb5cd2,MY PROFY,"ООО «""DIGITAL MASTERS ACADEMY"" MCHJ»",generic,https://api.dma.com.uz/
6790c657320c36e44deb62d3,ITSPREMIUM OUTLET,ЧП «XALIMTAYEV EXSONBEK»,generic,https://itspremium.humocrm.uz/handle/payme/d6d31e92-8d97-4b17-8dc1-d23a39d8ca69
6791d29d5187fec14ba60c6f,MOTORCYCLE MARKET,"ООО «""MOTORCYCLE MARKET"" XK»",generic,https://instasekret.uicgroup.tech/bot/payme-payments-callback/
6791d3de320c36e44deb7272,3DEKOR,"ООО «""GOLDEN GLASS BIZNES"" XK»",generic,https://3dekor.uz/?wc-api=wc_payme
6791ea75320c36e44deb7593,emsan ,"ИП ООО «""ELEMS TRADE"" MCHJ XK»",arca,https://api-qr.uzcard.uz
6791ef645187fec14ba6103c,Perfona,"ООО «""PERFONA"" MCHJ»",generic,https://golos.missuzb.com/payme/
67920979320c36e44deb799d,"""BOSS TRACKER""","ООО «""BOSS TRACKER"" »",generic,https://api.g-lazok.uz/rpc/
67921aaf320c36e44deb7bf5,O‘ZBEKISTON RESPUBLIKASI HUQUQNI MUHOFAZA QILISH AKADEMIYASI,ГУП «O‘ZBEKISTON RESPUBLIKASI HUQUQNI MUHOFAZA QILISH AKADEMIYASI»,generic,https://ircbackend.proacademy.uz/transactions/pay
679226801a1e9b19f9dd4e88,IXLOS NURI,"ООО «""IXLOS NURI"" JAMOAT FONDI»",generic,https://ixlos-nuri.uz/api/v1/payment/callbacks/payme/
679228f4320c36e44deb7df5,ASHIRALIYEV DILSHOD,ЧП «ASHIRALIYEV DILSHOD»,arca,https://api-qr.uzcard.uz
67923cd05187fec14ba61a18,KYUU,ЧП «AMIRQULOV JONIBEK»,generic,http://dev.api.natt.uz/api/payme
67924014320c36e44deb810f,SELLER ASSOCIATION,"ООО «""SELLER ASSOCIATION"" YSHB (UYUSHMA)»",generic,https://backend.sellersassociation.uz/api/payments/payme/webhook
67925018dc2f84a06fd21fd6,Ustoz.uz,"ООО «""ACTIVEMEDIA SOLUTIONS"" MCHJ»",generic,https://api.ustoz.uz/v1/paycom
67932e72320c36e44deb8bfe,A'LO TAOM,ООО «GULBASHAKAR BIZNES»,generic,https://api.lamenu.uz/api/payments/v1/payme
67935e9c320c36e44deb9191,TAXI SUPER GO ,"ООО «""TAXI SUPER GO"" MCHJ»",generic,http://194.107.115.29:3005/api/payments/paycom
679375a8320c36e44deb94b2,MIO BEAUTY,"ООО «ЧП ""BUSINESS-PACKAGE""»",generic,https://botifi.me/i/payme/
6793993a320c36e44deb9a7a,OLMALIQ MUSTANG TAXI ,"ООО «""OLMALIQ MUSTANG TAXI"" MCHJ»",generic,https://194.67.196.118/att/paycom/
67939cc9dbc8d1a8dc0d2b77,CARBNB,"ООО «""CARBNB"" MCHJ»",generic,https://carbnb.uz/payment/api/payme/
67951a070e6d62c2be2324e0,Marjona online markat,ЧП «BEKNAZAROV SIROJ»,generic,https://marjona-market.uz/api/payme
6795345cdbc8d1a8dc0d42c0,RULIONLINE,"ООО «""RULIONLINE"" MCHJ»",generic,https://api.rulionline.uz/api/payme
679722e6320c36e44debc4c2,EXZAP,"ООО «""EXZAP ONLINE MARKET"" XK»",generic,https://exzap.uz/paymentWebhook
6797268b320c36e44debc57b,RASULBEK CHUCHI,"ООО «""RASULBEK CHUCHI"" MCHJ»",alivewater,https://mobile.api.alivewater.online
679726ad320c36e44debc585,RASULBEK CHUCHI,"ООО «""RASULBEK CHUCHI"" MCHJ»",alivewater,https://mobile.api.alivewater.online
679726e3320c36e44debc58b,RASULBEK CHUCHI,"ООО «""RASULBEK CHUCHI"" MCHJ»",alivewater,https://mobile.api.alivewater.online
679726ee320c36e44debc58d,RASULBEK CHUCHI,"ООО «""RASULBEK CHUCHI"" MCHJ»",alivewater,https://mobile.api.alivewater.online
679726fd320c36e44debc593,RASULBEK CHUCHI,"ООО «""RASULBEK CHUCHI"" MCHJ»",alivewater,https://mobile.api.alivewater.online
67972708320c36e44debc597,RASULBEK CHUCHI,"ООО «""RASULBEK CHUCHI"" MCHJ»",alivewater,https://mobile.api.alivewater.online
67972715320c36e44debc599,RASULBEK CHUCHI,"ООО «""RASULBEK CHUCHI"" MCHJ»",alivewater,https://mobile.api.alivewater.online
67972767320c36e44debc59e,RASULBEK CHUCHI,"ООО «""RASULBEK CHUCHI"" MCHJ»",alivewater,https://mobile.api.alivewater.online
67972771320c36e44debc5a3,RASULBEK CHUCHI,"ООО «""RASULBEK CHUCHI"" MCHJ»",alivewater,https://mobile.api.alivewater.online
6797277c320c36e44debc5a5,RASULBEK CHUCHI,"ООО «""RASULBEK CHUCHI"" MCHJ»",alivewater,https://mobile.api.alivewater.online
67972786320c36e44debc5a7,RASULBEK CHUCHI,"ООО «""RASULBEK CHUCHI"" MCHJ»",alivewater,https://mobile.api.alivewater.online
67974f76320c36e44debca99,Baxila,ЧП «YUSUPOV DAVRON»,generic,https://api.2pay.uz/api/payments/payme/
679763fb320c36e44debce4b,IRGASHEV ULUGBEK ,ЧП «IRGASHEV ULUGBEK»,arca,https://api-qr.uzcard.uz
679767f6320c36e44debcf02,AFZALXON AXRORXODJAYEV,ЧП «AXRORXODJAYEV AFZALXON»,arca,https://api-qr.uzcard.uz
679770dc320c36e44debd08d,HORECA EDGE,"ООО «""HORECA EDGE"" MCHJ»",generic,https://payment.api.delever.uz/payme
67977a63320c36e44debd1ef,RAMIZ,"ООО «""EXCELLENT SWEETS STORE"" MCHJ»",generic,https://backend.optochka.com/payments/activate-payme
67979d7c0e6d62c2be2349aa,Examify,"ООО «""ACADEMY EAB-IT "" MCHJ»",generic,https://ielts.itlive.uz/api/payme
6797c1905187fec14ba67038,4-S,ЧП «BAXRIDDINOV SUXROB»,generic,https://subkeeper.uz/pay/payme/callback/
6798669b320c36e44debdcdb,Mediva,"ООО «""ME DIVA"" MCHJ»",arca,https://api-qr.uzcard.uz
67988cbfdbc8d1a8dc0d74a7,BILIM24,ЧП «TURDALIYEV ABBOS»,generic,https://kitobchi.com/api/payme
6798a38b320c36e44debe9ee,ENERGYMAX,"ООО «""NRGMAX TRADY"" MCHJ»",generic,https://api.nrg-max.kz/api/payment/callback/payme
6798a903320c36e44debea9b,MINDSET RESET ,"ООО «""MINDSET RESET"" MCHJ»",generic,http://107.170.13.58/payme/
6798ac125187fec14ba68159,Школа актуальных профессий TEHNIKUM,"ООО «ООО ""TEHNIKUM SCHOOL""»",generic,https://p-api.tehnikum.school/payme/
6798bdef320c36e44debed83,AROMA PARFUM,ЧП «ALIMOV OLIM»,generic,https://aromaparfum.uz/?route=extension/payment/kit_payme&f=Callback
6798d074320c36e44debf134,THE BLACK QUIAL,ООО «THE BLACK QUAIL XK»,generic,https://admin.theblackquail.com/?wc-api=wc_payme
6798d194320c36e44debf153,BEKNAZAROV JAVOHIR KOMIL O‘G‘LI,ЧП «BEKNAZAROV JAVOHIR»,generic,https://venturist.uz/botpay/public/api/handle/payme
6798d403320c36e44debf199,Салон - Шатура мебель Арка,"ООО «""ALPHA-MEBEL"" MAS'ULIYATI CHEKLANGAN JAMIYAT»",arca,https://api-qr.uzcard.uz
6798d4da320c36e44debf1b6,Мебельный салон - Энза хоум. Арка мебель маркази,"ООО «""ALPHA-MEBEL"" MAS'ULIYATI CHEKLANGAN JAMIYAT»",arca,https://api-qr.uzcard.uz
6798d579320c36e44debf1c4,Мебельный салон - Манн хоум. Атлас мебель экобозор,"ООО «""ALPHA-MEBEL"" MAS'ULIYATI CHEKLANGAN JAMIYAT»",arca,https://api-qr.uzcard.uz
6798d601320c36e44debf1d4,Мебельный салон - Шатура. Атлас мебель экобозор,"ООО «""ALPHA-MEBEL"" MAS'ULIYATI CHEKLANGAN JAMIYAT»",arca,https://api-qr.uzcard.uz
6798d6e8320c36e44debf1f8,Мебельный салон - Шатура. Атлас мебель Беруний,"ООО «""ALPHA-MEBEL"" MAS'ULIYATI CHEKLANGAN JAMIYAT»",arca,https://api-qr.uzcard.uz
6798d755320c36e44debf208,"""ALPHA-MEBEL"" MCHJ","ООО «""ALPHA-MEBEL"" MAS'ULIYATI CHEKLANGAN JAMIYAT»",arca,https://api-qr.uzcard.uz
6799b3b21a1e9b19f9ddc730,Unihouse,"ООО «""SHAXRUZBEK HALIMJON QURILISH"" MCHJ»",generic,https://cab.chipdip.uz/api/payme/
6799c8b6320c36e44debfd38,"""UNITIFY"" MCHJ","ООО «""UNITIFY"" MCHJ»",generic,https://uz.unitify.com/api/payme/webhook
6799e3b71a1e9b19f9ddcd3e,BANAFA,ООО «GLAMOUR COSMETICS MCHJ»,generic,https://www.banafa.uz/personal/order/notification.php
6799e73a320c36e44dec00e9, HASANZUHRABARAKA,"ООО «""HASANZUHRABARAKA"" MCHJ»",arca,https://api-qr.uzcard.uz
6799fd7c320c36e44dec040e,CHUDO BY SAMARIYA ООО,"ООО «""CHUDO BY SAMARIYA"" MCHJ»",arca,https://api-qr.uzcard.uz
679a00df5187fec14ba69a26,TASHKENT TRADE CENTER,"ООО «""TASHKENT TRADE CENTER"" MCHJ»",generic,https://api.abusahiy.uz/open/paycom/cargo/3660
679a1169320c36e44dec06b7,WIDER AI,"ООО «""WIDER AI"" MCHJ»",generic,https://production.widerai.us/api/v1/payments/payme/
679a16c3320c36e44dec075f,TIM'S,"ООО «""TIM`S COFFE AND ROASTERY"" MCHJ»",generic,https://api.botcommerce.io/payment/payme/
679a635f1a1e9b19f9ddda08,JoymeeUZ,"ООО «""KABIRJANOV IT GROUP"" MCHJ»",generic,https://api.joymi.uz/api/v1/payment/paycom/
679b4267320c36e44dec1ab7,KASYAN ISLAM XIKMATOVICH,ЧП «KASYAN ISLAM»,generic,http://shop.sfarzo.net/?wc-api=wc_payme
679b45cf0e6d62c2be238b4a,MILLIY TAXI 777,"ООО «""MILLIY TAXI 777"" MCHJ»",generic,https://backend.milliy.fast-taxi.uz/paysys-api/payme
679b5ee6320c36e44dec1f0d, Buxoro davlat pedagogika instituti,"ГУП «""BUXORO DAVLAT PEDAGOGIKA INSTITUTI"" DM»",generic,https://nozimbek.uz/api/v1/payme/updates/
679b67f3320c36e44dec2052,CAMBRIDGE LEARNING CENTER,ООО «CAMBRIDGE GROUP PROJECTS»,generic,https://app.cambridgeonline.uz/api/payme/handle
679b6c2b320c36e44dec20e6,CAU EDUTAINMENT,"ООО «""CAU EDUTAINMENT"" MCHJ»",generic,http://172.17.9.240:3448/
679c656c320c36e44dec2d1f,IMD-SYSTEM ООО,"ООО «""IMD-SYSTEM"" MCHJ»",generic,https://payme.z7.uz/payme/payme/payme-hook
679c6f8f320c36e44dec2e4e,FOUNDER NETWORK TREND,"ООО «""FOUNDER NETWORK TREND"" MCHJ»",generic,https://tabibimtabiat.uz/api/index.php
679c70d6320c36e44dec2e6f,AIST TAXI,"ООО «""AVIAAIST"" MCHJ»",generic,https://taxipark.ruzimurodov.uz/Payment/Payme/679c70d6320c36e44dec2e6f
679c723d320c36e44dec2ea2,ABI CENTRAL DONER ,"ООО «""CENTRAL DONER"" MChJ»",generic,https://api.lacafe.uz/api/payments/v1/payme
679c7f27dc2f84a06fd2c7a5,Medion Innovation,"ООО «ООО ""DIATECH EQUIPMENT SERVICE""»",generic,https://his.medion.uz/apipayme/payme/
679ca6ab320c36e44dec3464, BEKMUROD FAYZ,"ООО «""BEKMUROD FAYZ"" MCHJ»",arca,https://api-qr.uzcard.uz
679cb774320c36e44dec3696,ROMANCHIKOVA NATALYA NIKOLAYEVNA,ЧП «ROMANCHIKOVA NATALYA»,generic,https://w220109-1469.webasyst.cloud/payments.php/paymeuz/?app_id=shop&merchant_id=11
679ddaaa0e6d62c2be23b643,QIZIL POMADA,"ООО «""QIZIL POMADA"" MCHJ»",generic,https://api.qptolov.uz/uz/api/v1/billing/payme/
67a04b7e320c36e44dec6df3,Getashen,ООО «GETASHEN»,generic,https://getashen.uz/payme/payment
67a06422320c36e44dec721e,ABDUKAIMOVA KAMILLA RAFAELEVNA,ЧП «ABDUKAIMOVA KAMILLA»,generic,https://api.exode.biz/api/v2/payment/rpc/acquiring/fd95a387-4fef-4a77-bc31-ed73b831eabc
67a09b03320c36e44dec79c1,RAMAZANOVA AYANA,ЧП «RAMAZANOVA AYANA»,generic,https://api.exode.biz/api/v2/payment/rpc/acquiring/00080ff6-1dec-4c17-a8ae-68d4d8e27b10
67a0b1125187fec14ba70ddc,MEDIA CONTENT PRODUCTION AND BROADCAST,"ООО «""MEDIA CONTENT PRODUCTION AND BROADCAST"" MCHJ»",generic,https://billing.splay.uz/en/api/v2/billing/payme-balance/
67a0b167320c36e44dec7d21,ZAMIN OLTIARIQ TRANS,"ООО «""ZAMIN OLTIARIQ TRANS"" MCHJ»",generic,https://213.230.121.39:4433//billing/paycom/
67a0b5380e6d62c2be23e9a5,Test Merchant,ООО «CITY PHARM»,generic,https://api.citypharm.uz/pay/payme
67a0b92b320c36e44dec7e51,DM FASHION CITY,"ООО «""DM FASHION CITY"" MCHJ»",arca,https://api-qr.uzcard.uz
67a0b956320c36e44dec7e5a,DM FASHION CITY,"ООО «""DM FASHION CITY"" MCHJ»",arca,https://api-qr.uzcard.uz
67a0b9a2320c36e44dec7e60,DM FASHION CITY,"ООО «""DM FASHION CITY"" MCHJ»",arca,https://api-qr.uzcard.uz
67a0b9c5320c36e44dec7e69,DM FASHION CITY,"ООО «""DM FASHION CITY"" MCHJ»",arca,https://api-qr.uzcard.uz
67a0bb60320c36e44dec7ed3,DOVCHA MARKET ,ЧП «MAMIROV DILMURODJON»,arca,https://api-qr.uzcard.uz
67a0c980320c36e44dec815a,JUICY GARDEN,"ООО «""JUICY GARDEN"" MCHJ»",generic,https://api.robosell.uz/api/v2/payme/partner
67a1afaf320c36e44dec8ca5,BIZNES TAXI 001,"ООО «""BIZNES TAKSI 1"" MCHJ»",generic,https://fokupieclue.beget.app/fleet/paycom/
67a1c4d2320c36e44dec9055,TDS MIX,"ООО «""TDS MIX"" MCHJ»",generic,https://elektrodom.magicstore.uz/handle/payme/be0643ac-0c89-4661-aa81-f713a25175fb
67a1e167320c36e44dec953b,MIRAXMEDOV BOTIR MAXMUDJANOVICH,ЧП «MIRAXMEDOV BOTIR»,arca,https://api-qr.uzcard.uz
67a1e49e320c36e44dec95d9,TOERANTO RETAIL,"ООО «""TOERANTO RETAIL"" MCHJ»",generic,https://alsahiyuz.magicstore.uz/handle/payme/335f9f0a-9b96-435a-b6c4-a8f448328d91
67a1eb46320c36e44dec970f,MINDLY ,"ООО «""MINDLY"" MCHJ»",generic,https://yiqin-local-find.lovable.app/api/public/payme
67a21819320c36e44dec9fe4,MERTECH,"ООО «""MERTECH"" MCHJ»",generic,https://mertech.uz/index.php?route=extension/payment/kit_payme&f=Callback
67a2e7e6320c36e44deca949,GIOTTO,СП ООО «VANILLA FOOD»,generic,https://api.lacafe.uz/api/payments/v1/payme
67a2e804320c36e44deca94c,GIOTTO OLD,СП ООО «VANILLA FOOD»,generic,https://api.lacafe.uz/api/payments/v1/payme
67a2e828320c36e44deca950,GIOTTO OLD,СП ООО «VANILLA FOOD»,generic,https://api.lacafe.uz/api/payments/v1/payme
67a2e858320c36e44deca956,GIOTTO OLD,СП ООО «VANILLA FOOD»,generic,https://api.lacafe.uz/api/payments/v1/payme
67a308f1320c36e44decaebb,Gijduvon Sampi,"ООО «""GIJDUVON SAMPI"" MCHJ»",generic,https://payment.api.delever.uz/payme
67a31487320c36e44decb086,ERGASHEV MUHIDDIN O‘LMAS O‘G‘LI,ЧП «ERGASHEV MUHIDDIN»,generic,https://api.2pay.uz/api/payments/payme/
67a333fd320c36e44decb4cd,ERGASHEV MUHIDDIN O‘LMAS O‘G‘LI,ЧП «ERGASHEV MUHIDDIN»,generic,https://api.2pay.uz/api/payments/payme/
67a36ce3320c36e44decbe25,tezmenu,"ООО «""ID SOFT"" MCHJ»",generic,https://www.tezmenu.uz/api/payment/payme
67a44767320c36e44decc84f,As Plus Market ,"ООО «""AS  PLUS MARKET"" MCHJ»",arca,https://api-qr.uzcard.uz
67a4918e0e6d62c2be243ceb,ILMI,"ООО «""QIZIL POMADA"" MCHJ»",generic,https://api.ilmi.uz/ru/api/v1/billing/payme-balance/
67a49caa320c36e44decd526,IPPO,"ООО «""IPPO"" MCHJ»",generic,https://discount-api.vocabriapp.com/api/v1/webhook/payme
67a49f3b0e6d62c2be243f05,XJ BUSINESS,ЧП «XJ BUSINESS»,generic,https://xj.web-sayt.uz/api/payments/payme
67a4a8b7320c36e44decd6f0,MILLIY AVTOMOYKA,"ООО «""MILLIY AVTOMOYKA"" XK»",generic,http://45.130.148.227:9000/payme/
67a50d2cdbc8d1a8dc0e65ed,botplace,ЧП «Rashidov Ulugbek»,generic,https://api.botplace.io/webhooks/payme/2:p1i6ZN9xtO14eqnfQuM97DD3q8cAJw0wcWR09jKuyXvTglluAuQOvZmzUDAcHUz2
67a5aa8d0e6d62c2be245072,REGOS Integration,"ООО «""REGOS INTEGRATION"" MCHJ»",generic,https://pay.regos.uz/paysystem/callback/79355cd6-a830-41c6-ad50-1ed77f514d12/
67a5ad29320c36e44dece788,Khanate,"ООО «""LAZZAT SIMFONIYASI"" MCHJ»",generic,https://api.lacafe.uz/api/payments/v1/payme
67a5b295320c36e44dece868,DETROIT PIZZA,"ООО «""DETROIT PIZZA"" MCHJ»",generic,https://payment.api.delever.uz/payme
67a60637320c36e44decf641,HOTEL PRO,"ООО «""HOTEL PRO"" MCHJ»",generic,https://api.exode.biz/api/v2/payment/rpc/acquiring/a45584c9-a040-4ecd-91ce-aa741b399289
67a61194320c36e44decf7b6,TOM FORD,"ООО «""DM MIRROR"" MCHJ»",arca,https://api-qr.uzcard.uz
67a99c39320c36e44ded214a,JANON CHICKEN,"ООО «""JANON CHICKEN"" MCHJ»",generic,https://jononchickentolovuchun.uz/payment/payme/update/
67a99d37320c36e44ded2185,Fritto Uzbekistan Urgut,"СП «""FRITTO BY SADIKOVS"" OK»",generic,https://api.robosell.uz/api/v2/payme/partner
67a9a5e8320c36e44ded2475,BUZZ SHOP,ООО «BUZZ SHOP»,arca,https://api-qr.uzcard.uz
67a9d3e0dc2f84a06fd3bb32,DRESS UP,"ООО «""DRESSUP"" MCHJ»",generic,https://www.dressup.uz/index.php?dispatch=payment_notification.notification&payment=payme
67a9d5ff320c36e44ded2b4c,VN PREMIUM SHOP,"ООО «""VN PREMIUM SHOP"" MCHJ»",arca,https://api-qr.uzcard.uz
67a9d661320c36e44ded2b69,VN PREMIUM SHOP,"ООО «""VN PREMIUM SHOP"" MCHJ»",arca,https://api-qr.uzcard.uz
67a9d6c8320c36e44ded2b78,VN PREMIUM SHOP,"ООО «""VN PREMIUM SHOP"" MCHJ»",arca,https://api-qr.uzcard.uz
67a9db361a1e9b19f9def022,BAXTIYOR - SHAXBOZ,"ООО «""BAXTIYOR - SHAXBOZ"" XK»",generic,https://bill.jnet.uz:4443/ajax/index/payme
67a9e8af320c36e44ded2ec0,El-Med,"ООО «""KLINIKA EL-MED"" MCHJ»",generic,https://suv-kerak-backend-eu-d9af752240af.herokuapp.com/pay/payme/
67a9f1e75187fec14ba7beec,Online test,"ООО «""TA'LIM PORTALI"" MCHJ»",generic,https://api.mentalaba.uz/v1/payments/payme
67aaddf3320c36e44ded3d7e,DRIVER PRO,"ООО «""DRIVER PRO"" MCHJ»",generic,https://taxipark.ruzimurodov.uz/Payment/Payme/67aaddf3320c36e44ded3d7e
67aae82c320c36e44ded3f01,MAGNO,"ООО «""MAGNO"" MCHJ»",arca,https://api-qr.uzcard.uz
67aaef22320c36e44ded401c,O`zLiDeP Самаркандвилояти Кенгаши,ГУП «O`zLiDeP Самарканд вилояти Кенгаши»,generic,https://uzlidep.uz/api/payme
67aaf18b320c36e44ded407c,O`zlidep Сурхондарё вилояти,ГУП «УЗ.ЛЕБЕРАЛ-ДЕМОКРАТИК ПАРТ СД»,generic,https://uzlidep.uz/api/payme
67aaf1f6320c36e44ded408f,O`zLiDeP Фарғона вилояти Кенгаши,"ГУП «""O'ZLIDEP"" FARG'ONA VILOYAT HUDUDIY TASHKILOTI»",generic,https://uzlidep.uz/api/payme
67aaf7f7320c36e44ded41ac,OSHIN SUSHI,ЧП «G‘ULOMXO‘JAYEV DIYORXON»,generic,https://api.robosell.uz/api/v2/payme/partner
67ab1bcc320c36e44ded464f,ZOOMPROJECT,"ООО «""ZOOMPROJECT"" MCHJ»",generic,https://api.lacafe.uz/api/payments/v1/payme
67ab1c42320c36e44ded4664,delisia,"ООО «""DELISIA"" MCHJ»",generic,https://api.lacafe.uz/api/payments/v1/payme
67ab2ab1320c36e44ded48bb,O`zlidep Наманган вилояти,ГУП «УЗЛИДЕП»,generic,https://uzlidep.uz/api/payme
67ab2b0e320c36e44ded48d4,O`zlidep Жиззах вилояти,ГУП «УЗЛДП ВИЛОЯТ КЕНГАШИ»,generic,https://uzlidep.uz/api/payme
67ab2fbe320c36e44ded4950,"""O'ZLIDEP"" XORAZM VILOYAT TASHKILOTI","ГУП «""O'ZLIDEP"" XORAZM VILOYAT TASHKILOTI»",generic,https://uzlidep.uz/api/payme
67ab3022320c36e44ded4963,O`zlidep Навоий вилояти,"ГУП «""O'ZLIDEP NAVOIY VILOYAT TASHKILOTI»",generic,https://uzlidep.uz/api/payme
67ab3096320c36e44ded497d,O`zlidep Қорақалпоғистон Республикаси,ГУП «ДВИЖ.ЛИБЕРАЛЬНО-ДЕМОКРАТ ПАРТИ»,generic,https://uzlidep.uz/api/payme
67ab3103320c36e44ded498d,O`zLiDeP Тошкент шахар Кенгаши,ГУП «O`ZLIDEP-TOSH.SHAHAR KENGASHI»,generic,https://uzlidep.uz/api/payme
67ab316b320c36e44ded499d,O`zlidep Тошкент вилояти,ГУП «СОВЕТ ТАШКЕHТСКОГО ОБЛАСТHОГО ДВИЖЕHИЯ ПРЕДПРИHИМ.»,generic,https://uzlidep.uz/api/payme
67ab41dbdbc8d1a8dc0ecff0,Cos Max,ЧП «POLYAZOV SULTONBEK»,generic,https://device.radiomer.uz/api/payment/payme/v2
67ab4f74320c36e44ded4e53,ORTIQBOYEV SHOXZODBEK SHO'XRATJON O'G'LI,ЧП «ORTIQBOYEV SHOXZODBEK»,generic,https://api.exode.biz/api/v2/payment/rpc/acquiring/d8d753df-a1f7-47ac-8154-c0481c88a7f0
67ab53fc320c36e44ded4ee3," OOO ""GLAMOUR DM GROUP""","ООО «""GLAMOUR  DM GROUP"" MCHJ»",arca,https://api-qr.uzcard.uz
67ab543b320c36e44ded4eeb,ИРК сертификация - Munis - 0225,"АО «""TBC BANK"" ATB»",munis-tbc-irk-certification,http://10.100.115.73/api
67ab56bd320c36e44ded4f1e,Пеликан,"ООО «""BEER BERRY"" MCHJ»",arca,https://api-qr.uzcard.uz
67ab5751dbc8d1a8dc0ed2b7,Ayol Club,"ООО «""QIZIL POMADA"" MCHJ»",generic,https://api.qptolov.uz/ru/api/v1/billing/booking/payme-order/
67ac4435320c36e44ded5c8f,BARA KAH,"ООО «""BARA KAH"" MCHJ»",generic,https://payment.api.delever.uz/payme
67aca145e4b4003392f10185,HOME IDEA,"ООО «""HOME IDEA"" MCHJ»",generic,https://api.robosell.uz/api/v2/payme/partner
67ad9420e4b4003392f10f20,SELLER ASSOCIATION,"ООО «""SELLER ASSOCIATION"" YSHB (UYUSHMA)»",generic,http://172.17.9.240:3448/
67adb496e4b4003392f114e9,Lakomka,"ООО «""AGRO MILK FOODS"" MCHJ»",generic,https://lakomka.zoomda.biz/payment/paycom
67ae47691a1e9b19f9df4eb9,BOOST SPEAKING,ЧП «Teodor English»,generic,https://boost-speaking-api.technical-doctor.uz/v1/payme/hook
67aed3f0e4b4003392f12ab1,QARSILLAMA SOMSA,"ООО «""QARSILLAMA"" MCHJ»",generic,https://payment.api.delever.uz/payme
67aedec9e4b4003392f12cbb,HAVAS Taxi,"ООО «""HAVAS TAXI"" MCHJ»",generic,https://213.230.122.27:4433/billing/paycom/
67aefecce4b4003392f130fc,"""FARZONA UYG'URCHI MARKET"" MCHJ","ООО «""FARZONA UYG'URCHI MARKET"" MCHJ»",arca,https://api-qr.uzcard.uz
67af11d6e4b4003392f133bf,GLOBALTOSHKENT,"ООО «""GLOBALTOSHKENT"" MCHJ»",generic,https://ibetolnof.beget.app/fleet/paycom/
67af1b24e4b4003392f1357a,WILLGOOD BROTHERS,ООО «WILLGOOD BROTHERS ООО»,generic,https://fifi.zet-fire.ru/?wc-api=wc_payme
67af2f350e6d62c2be2505c4,Yetim dasturchi,ЧП «USMONOV MANUCHEHR»,generic,https://yetimdasturchi.manu.uz/payment/payme
67af421be4b4003392f13cc3,GLAMOUR ALL,"ООО «ООО ""DM LUXURY GROUP""»",arca,https://api-qr.uzcard.uz
67af4246e4b4003392f13ccf,GLAMOUR COM,"ООО «ООО ""DM LUXURY GROUP""»",arca,https://api-qr.uzcard.uz
67af4270e4b4003392f13cd7,STEFANO RICCI,"ООО «ООО ""DM LUXURY GROUP""»",arca,https://api-qr.uzcard.uz
67af428fe4b4003392f13cdd,KITON,"ООО «ООО ""DM LUXURY GROUP""»",arca,https://api-qr.uzcard.uz
67b2fe70e4b4003392f1719e,FIRST CODER GROUP,"ООО «""FIRST CODER GROUP"" MCHJ»",generic,https://payment.firstcoders.uz/api/payment/payme/pay
67b30881e4b4003392f1747a,BURSA FAMILY RESTORAN,"ООО «""BURSA FAMILY RESTORAN"" MCHJ»",generic,https://bursa.zoomda.uz/backend/payme/
67b31b315187fec14ba86c73,Focused,"ООО «""VIRTUAL EDUCATION"" MCHJ»",generic,https://payme.focused.uz/payment/json-rpc/payme
67b33fe2e4b4003392f18027,MI CAR,"ООО «""MI CAR"" MCHJ»",generic,https://back.sovchilar.net/api/transaction/payme
67b483f7e4b4003392f1994d,ABDULKAKHAROV CONSULTING,"ООО «""ABDULKAKHAROV CONSULTING"" MCHJ»",generic,https://api.exode.biz/api/v2/payment/rpc/acquiring/d80e6735-2d65-4398-b51b-b8dc7073f243
67b5930de4b4003392f1a74a,DOC-FAMILY,"ООО «""DOC-FAMILY"" MCHJ»",generic,https://api.robosell.uz/api/v2/payme/partner
67b5b2a2e4b4003392f1ac52,VAKIL GROUP,"ООО «""VAKIL GROUP"" MCHJ»",alivewater,https://mobile.api.alivewater.online
67b5b337e4b4003392f1ac65,VAKIL GROUP,"ООО «""VAKIL GROUP"" MCHJ»",alivewater,https://mobile.api.alivewater.online
67b5b360e4b4003392f1ac6a,VAKIL GROUP,"ООО «""VAKIL GROUP"" MCHJ»",alivewater,https://mobile.api.alivewater.online
67b5bddde4b4003392f1ae2e,"""QORIYA BONU FAYZ BARAKA"" OK","СП «""QORIYA BONU FAYZ BARAKA"" OILAVIY KORXONA»",generic,https://tesko.zoomda.biz/payment/paycom
67b5cc50e4b4003392f1b10f,Zextra,ООО «NEWGEN COMMERCE»,generic,https://admin.sinolife.uz/payment/update/
67b5f5f80e6d62c2be257e2b,EVOS,ООО «MCHJ MAK FOOD SERVIS»,generic,https://payment.api.delever.uz/payme
67b6c7f8e4b4003392f1bdf1,"ООО ""INTELEKTUAL TEXNOLOGIYALAR""","ООО «""INTELEKTUAL TEXNOLOGIYALAR"" MCHJ»",generic,https://api.exode.biz/api/v2/payment/rpc/acquiring/9cd19da1-3ab1-48a4-987b-b67fdb90a287
67b6fdbde4b4003392f1c5f0,CAMBRIDGE CAFE,"ООО «""CAMBRIDGE CAFE"" MCHJ»",generic,https://cambridgecafe.uz/api/payments/payme
67b724f7e4b4003392f1cbb3,Alipos,ООО «ALI POS»,generic,https://panel.alipos.uz/organization/payme/
67b789510e6d62c2be25a3f6,FOOTBALL CLUB TASHKENT (FCTUZ),ЧП «TO'LAGANOV SANJARBEK»,generic,https://api.maydonlar.uz/payme?f=fct
67b821f2e4b4003392f1e6a5,FRENZY,"ООО «""FRENZY"" XK»",generic,https://payment.api.delever.uz/payme
67b84f02e4b4003392f1ec69,SAODATBEGIM ,"ООО «""SAODATBEGIM"" MCHJ»",generic,https://payment.api.delever.uz/payme
67b8776c5187fec14ba8dc5f,MYSTAR,"ООО «""MYSTAR"" MCHJ»",generic,https://foydalilink.uz/bots/diplomuzbot/payme/index.php
67b88034e4b4003392f1f33c,Buxoro-ziyo ,ЧП «HODIYEV ALISHER»,generic,https://hodiyevedu.uz/payment/payme
67b88308e4b4003392f1f384,ZIRA,"ООО «ООО ""ZIRA CHEF""»",generic,https://backend.optochka.com/payments/activate-payme
67b8b0130e6d62c2be25bdd7,MAQSAD EDUCATION,ЧП «KAZAKOV DJAFAR»,generic,https://api.exode.biz/api/v2/payment/rpc/acquiring/2465c5d9-1294-4319-85cb-468374562486
67b8c46f1a1e9b19f9e01c49,Ziaja Uzbekistan,ООО «EURO TRADE CA»,generic,https://ziajashop.uz/paymebusiness/callback
67bb295cdbc8d1a8dc0ff708,WHITE ROCK IT GROUP,"ООО «""WHITE ROCK IT GROUP"" MCHJ»",generic,https://api.exbmba.com/api/v1/payment/payme/update/
67bc0843e4b4003392f22054, Yashil Energiya,"ООО «""YASHIL ENERGIYA"" MCHJ»",generic,https://app.yashil-energiya.uz/api/v1/payment/payme/
67bc1631e4b4003392f222d7,ODDIY HAYOT,"ООО «""ODDIY HAYOT"" MCHJ»",generic,https://app.api.odtv.uz/api/v1/payme
67bc206fe4b4003392f2246f,SHUKRONA-ZAR 1,"ООО «""SHUKRONA-ZAR 1"" MCHJ»",generic,https://payment.api.delever.uz/payme
67bc3829dc2f84a06fd51275,IXLOS NURI,"ООО «""IXLOS NURI"" JAMOAT FONDI»",generic,https://ixlos-nuri.uz/api/v1/payment/callbacks/payme/
67bc3f43e4b4003392f228c5,E-AUKSION - Munis - 1002 копия,"АО «""TBC BANK"" ATB»",munis-tbc-mib-auction,http://10.100.115.73/api
67bc4bcfe4b4003392f22a57,SOYABON GROUP HOLDING,"ООО «""SOYABON GROUP HOLDING"" MCHJ»",generic,https://payment.api.delever.uz/payme
67bc83bcdc2f84a06fd51b88,AMEDIA TV,ЧП «AXMADALIYEV AZIZ»,generic,https://amediatv.up-it.uz/api/v1/payments/payme/pay
67bd5db9e4b4003392f23bbd,Jaid's Чиланзар,"ООО «""MASTER-CONFECTION"" XK»",arca,https://api-qr.uzcard.uz
67bd5defe4b4003392f23bc7,NEFTEGAZ BARAKA,"ООО «""NEFTEGAZ BARAKA"" MCHJ»",arca,https://api-qr.uzcard.uz
67bd6a3ce4b4003392f23d4d,FASHION PROJECT,"ООО «""FASHION PROJECT"" MCHJ»",arca,https://api-qr.uzcard.uz
67bd6fa9e4b4003392f23e38,Krakratura taxi,"ООО «""GTA DELIVERY GO"" MCHJ»",generic,https://kladabiyol.beget.app/krakratura/fleet/paycom/
67bd71d60e6d62c2be26000b,ASGARD,ЧП «KADI‘ROV ELDAR»,generic,https://ccboot.uz/payme
67bd8c46e4b4003392f241c6,Чирчик окковок карина,"ООО «""GMK KARINA"" MCHJ»",arca,https://api-qr.uzcard.uz
67bd8ca6e4b4003392f241da,Чирчик 50 йиллиги,"ООО «""GMK KARINA"" MCHJ»",arca,https://api-qr.uzcard.uz
67bd8cfbe4b4003392f241ea,Газалкент,"ООО «""GMK KARINA"" MCHJ»",arca,https://api-qr.uzcard.uz
67bd8f6ee4b4003392f24251,ALSHAMS HAZU KAIZEN GROUP,"ООО «""ALSHAMS HAZU KAIZEN GROUP"" MCHJ»",generic,https://alshams.uz/?wc-api=wc_payme
67bd93f8e4b4003392f24301,TARA METALL-PLAST,"ООО «""TARA METALL-PLAST"" MCHJ»",generic,https://api.robosell.uz/api/v2/payme/partner
67bda2cde4b4003392f2454e,GMK KARINA,"ООО «""GMK KARINA"" MCHJ»",arca,https://api-qr.uzcard.uz
67bda310e4b4003392f24564,GMK KARINA,"ООО «""GMK KARINA"" MCHJ»",arca,https://api-qr.uzcard.uz
67bda362e4b4003392f24579,GMK KARINA,"ООО «""GMK KARINA"" MCHJ»",arca,https://api-qr.uzcard.uz
67bdae32dc2f84a06fd53006,GLOBAL MOVE,"ООО «""GLOBAL MOVE"" MCHJ»",generic,https://ielts-backend.glmv.dev/api/transactions/payme
67bdbb07e4b4003392f248bb,Центральная санитарно эпидемиологическая станция Ташкент,АО «Центральная санитарно эпидемиологическая станция Ташкент»,generic,https://mses-jarima.uz/api/payme/webhook
67beb6f2e4b4003392f25689,MTSFER-U,ООО «MTSFER-U MCHJ»,generic,https://action-shop.uz/api/payme/index
67bec19a5187fec14ba93fac,LexAI,ГУП «Adolat MHAM»,generic,https://api-ai.lex.uz/api/v1/payments/payme/webhook
67bedb60e4b4003392f25b19,USTOZ EDU,"НОУ «""USTOZ EDU"" NTM»",generic,https://api.ustozaibot.uz/api/v1/payme/balance
67bedb9be4b4003392f25b23,USTOZ EDU,"НОУ «""USTOZ EDU"" NTM»",generic,https://api.ustozaibot.uz/api/v1/payme/donation
67bedbc7e4b4003392f25b2b,Ustoz AI Plus,"НОУ «""USTOZ EDU"" NTM»",generic,https://ustozai-top.ustozaibot.uz/api/v1/payme
67bef3c9e4b4003392f25e96,STAR EXPRESS,"ООО «ООО ""STAR EXPRESS""»",generic,https://api.admin.u-code.io/x-api/straex-merchant-payme?x-api-key=P-tzuqReYOiuFdgK7asTmzfxViD43qtuDC
67bef849dc2f84a06fd5482f,UNICLASS-ACADEMY,"ООО «""UNICLASS-ACADEMY"" MCHJ»",generic,https://uniclass.uz/api/v1/payment/payme
67befe80e4b4003392f26022,RESTO,"ООО «""RESTO-RESTO"" MCHJ»",generic,https://payment.api.delever.uz/payme
67bf0430e4b4003392f260c2,Optochka,"ООО «""MIRAMANDI FAMILIY RESTAURANT"" MCHJ»",generic,https://backend.optochka.com/payments/activate-payme
67bf0555e4b4003392f26104,Makon,ЧП «PRIMQULOV MURODJON UYG‘UN O‘G‘LI»,generic,https://bot.makaan.uz/payment/payme/webhook/
67bf1309e4b4003392f262b9,NAFIS HOUSE,"ООО «""NAFIS HOUSE GROUP"" МЧЖ»",generic,https://api.robosell.uz/api/v2/payme/partner
67bffd5fe4b4003392f26ccf,Happytel,"ООО «""PLUG AND PLAY COMMUNICATIONS"" MCHJ»",arca,https://api-qr.uzcard.uz
67c00861e4b4003392f26e89,"""OG-B"" MCHJ","ООО «""OG-B"" MCHJ»",generic,https://payment.api.delever.uz/payme
67c008bd5187fec14ba95569,Botplace academy,ЧП «Rashidov Ulugbek»,generic,https://api.botplace.io/webhooks/payme/46:rJf3WaeJ0TLkLOPCeVedbAJLwfPfkcJOcdTkpE3NPSEbSHIAzHzCin7LPkiTUlxT
67c00e95dbc8d1a8dc104d18,OLDOROV MURODJON BAHODIR O‘G‘LI,ЧП «XOLDOROV MURODJON»,generic,https://device.radiomer.uz/api/payment/payme/v2
67c03d72e4b4003392f27682,NIPPON GLOBAL EDUCATION AND ASSESSMENT,"ООО «""NIPPON GLOBAL EDUCATION AND ASSESSMENT"" MCHJ QK»",generic,https://ngeatour.uz/?wc-api=wc_payme
67c047fbe4b4003392f277d9,SABFATEK,"ООО «""SABFATEK"" MCHJ»",generic,https://billing.muza.uz/api/paycom/default
67c057c65187fec14ba96055,INTERNATIONAL SOFTWARE,"ООО «""INTERNATIONAL SOFTWARE"" MCHJ»",generic,https://api.bandbooster.uz/payments/api/payme/
67c143cbe4b4003392f28543,ADMIX SPORT,"СП ООО «""ADMIX SPORT"" MCHJ QK»",arca,https://api-qr.uzcard.uz
67c18d465187fec14ba97466,SilkStay,"ООО «""TRANSOXANIA TECHNOLOGY SOLUTIONS"" MCHJ»",generic,https://gateway.silkstay.travel/payment/payme
67c19bd7e4b4003392f291ef,INFINITE CO ,"ООО «""INFINITE CO"" MCHJ»",generic,https://myrobo.adxamov.uz/payment/payme/webhook/
67c1a3660e6d62c2be265189,АляскА,ООО «COLD PERFECTION WATER»,generic,http://86.106.181.181/payment/update/
67c2ae7cdbc8d1a8dc107c5c,US,ЧП «SAMIG‘JONOV ULUG‘BEK»,generic,https://www.ulugbek.io/api/payme/merchant/pay
67c2e3ca0e6d62c2be266534,NASIYAH APP,ЧП «SHOMANSUROV SHOAZIM»,generic,https://api.nasiyah.uz/api/paycom/webhook/
67c2f490dbc8d1a8dc10836e,QIZIL POMADA,"ООО «""QIZIL POMADA"" MCHJ»",generic,https://api.ilmi.uz/ru/api/v1/billing/payme-order/
67c54f3de4b4003392f2c33f,EMBASSY FOOD,"ООО «""EMBASSY FOOD"" MCHJ»",generic,https://eb.safiabakery.uz/payment/paycom?id=25
67c54f70e4b4003392f2c347,EMBASSY FOOD,"ООО «""EMBASSY FOOD"" MCHJ»",generic,https://eb.safiabakery.uz/payment/paycom?id=18
67c54fb4e4b4003392f2c355,EMBASSY FOOD,"ООО «""EMBASSY FOOD"" MCHJ»",generic,https://eb.safiabakery.uz/payment/paycom?id=16
67c54ff0e4b4003392f2c35c,EMBASSY FOOD,"ООО «""EMBASSY FOOD"" MCHJ»",generic,https://eb.safiabakery.uz/payment/paycom?id=19
67c55023e4b4003392f2c369,EMBASSY FOOD,"ООО «""EMBASSY FOOD"" MCHJ»",generic,https://eb.safiabakery.uz/payment/paycom?id=20
67c55054e4b4003392f2c376,EMBASSY FOOD,"ООО «""EMBASSY FOOD"" MCHJ»",generic,https://eb.safiabakery.uz/payment/paycom?id=17
67c55096e4b4003392f2c37e,EMBASSY FOOD,"ООО «""EMBASSY FOOD"" MCHJ»",generic,https://eb.safiabakery.uz/payment/paycom?id=21
67c550d5e4b4003392f2c391,EMBASSY FOOD,"ООО «""EMBASSY FOOD"" MCHJ»",generic,https://eb.safiabakery.uz/payment/paycom?id=22
67c55109e4b4003392f2c39c,EMBASSY FOOD,"ООО «""EMBASSY FOOD"" MCHJ»",generic,https://eb.safiabakery.uz/payment/paycom?id=23
67c55416e4b4003392f2c424,SMART EXPRESS TRADING,"ООО «""SMART EXPRESS TRADING"" MCHJ»",generic,https://evcsen.fuel-dispenser.com/trade_asyn_notify/Pay/payme
67c55a2ddc2f84a06fd5abee,NEURO PULSE,"ООО «""NEURO PULSE"" MCHJ»",generic,https://bott.zephyr.uz/bot/payment/payme/
67c55c29e4b4003392f2c56a,ATRE,ЧП «SHODIYEV SAVLATJON»,generic,https://atre.magicstore.uz/handle/payme/5f210d3d-aaab-47af-97de-13114d3cd25a
67c571dce4b4003392f2c87d,The Global Trainings,"ООО «""STARTFLY"" MCHJ»",generic,https://api.exode.biz/api/v2/payment/rpc/acquiring/9a0f1fbe-70fc-4710-9302-9ec405c8f42f
67c59c40e4b4003392f2d00c,SANITARY - PREMIUM,"ООО «""SANITARY PREMIUM "" MCHJ»",arca,https://api-qr.uzcard.uz
67c5b38a5187fec14ba9b7e5,IQLashing.uz,ЧП «UMAROV SHOHRUH SHERZOD O‘G‘LI»,generic,https://iqlashing.uz/paycom-g2o48pkokesafs
67c67e135187fec14ba9bf78,POSTMO,"ООО «""POSTMO"" MCHJ»",generic,https://postmo.213.136.76.16.nip.io/api/transaction/payme
67c6981ce4b4003392f2de57,MIRAXMEDOV SHUXRAT ABDUKAXAROVICH,ЧП «MIRAXMEDOV SHUXRAT»,generic,https://sgcb.uz/?wc-api=wc_payme
67c6a2e6e4b4003392f2dfd6,INOGAMOV FARRUX FAXRITDINOVICH,ЧП «INOGAMOV FARRUX»,generic,https://iplar.magicstore.uz/handle/payme/2acf2e1c-99e8-4fea-b74e-40296e3ec299
67c6c3c8e4b4003392f2e552,NEXPLUS,"ООО «""NEXPLUS"" MCHJ»",generic,https://landlord.mirasoft.io/api/webhooks/paycom/OA.2sOEeIs_IhLa1vI3jg_CGHWIQo8-5SIhFun2xEigZ9U
67c6c8b1e4b4003392f2e619,CAU PULS,"ООО «""CAU PULS"" MCHJ»",generic,https://test.doctorhouse.uz/api/payme/test
67c7eb5be4b4003392f2f9ab,ИП Абдуллаев,ЧП «ABDULLAYEV DALER»,generic,https://b.ivend.uz/payme/api/v1/qBbv651BSdBKW1JDV7Q7/rpc
67c7ecbbe4b4003392f2f9f6, BOBOXODJAYEV BAXTIYORJON VORISJON O’G’LI,ЧП «BOBOXODJAYEV BAXTIYORJON»,generic,https://b.ivend.uz/payme/api/v1/jNSbD8fpu0c3JrItSWM0/rpc
67c7ed81e4b4003392f2fa1d,SHERQULOVA NAFISA NORBUTAYEVNA,ЧП «SHERQULOVA NAFISA»,generic,https://b.ivend.uz/payme/api/v1/9xLKjx26UbDap2FkbPWI/rpc
67c836bdacc263ecbc684440,SUSHI MARKET 7,"ООО «""SUSHI MARKET 7"" MCHJ»",generic,https://payment.api.delever.uz/payme
67c84fefa5b222fe47a81bd8,Givento Uzbekistan,"ЧП «ИП ""Kim»",generic,https://store.givento.uz/hooks/payment/payme
67c88ff53c8821b44a161a19,PROGRAMPRO,"ООО «""PROGRAMPRO"" MCHJ»",generic,https://api.robosell.uz/api/v2/payme/partner
67c93c597c89c596b71888a1,Ovozify,ООО «Dubdemy»,generic,https://isovchi.ovozify.uz/pg/api/v1/payme/updates/
67c9406160f9190638f359ff,CENTR BEZOPASNOSTI TRUDA,"ООО «""CENTR BEZOPASNOSTI TRUDA"" MCHJ»",generic,https://centrbt.uz/api/payment/paycom/payme
67c99597cc96ffca80161b83,Montella,ООО «NAVRUZ INTERNATIONAL CORP»,generic,https://bm.navruzint.com:8443/NL/hs/payme/paycom
67ca89c0cc96ffca801628c0,САНТЕХНИКА ОБОИ ОРАЙЫ,"ООО «""GAWXAR STROY MARKET NUKUS"" MCHJ»",generic,https://bereket.webclub.uz/handle/payme
67ca96b4cc96ffca80162ad3,INTERNATIONAL SOFTWARE,"ООО «""INTERNATIONAL SOFTWARE"" MCHJ»",generic,https://lidertaxi.uz/admin/payme/get-me
67cac999acc1d034de68a4c7,Zig’irosh Payshanba (Yunusobod),"ООО «""MILLIY PAYSHANBA OSH"" MCHJ»",generic,https://payment.api.delever.uz/payme
67cacafaacc1d034de68a4f3,Baby Up,ЧП «GALIYEV RUZALIN»,generic,https://baby-up.uz/api/payment/payme/merchant
67cc1fc060f9190638f3957d,Muquomov Blog,ЧП «MUQUMOV SAMANDARBEK»,generic,https://muqumov.uz/api/payments/payme
67cd346bcc96ffca80165428,OrthoAcademy,ЧП «ABDUSATTAROV ULUG‘BEK»,generic,https://orthoacademyuz.com/api/v1.0/payment/check-payment
67ce4e6360f9190638f3ac09,SpeakEz,СП «AL HIDOYAD BIZNES»,generic,https://apidev.wlcm.uz/api/v1/webhooks/payme
67cec53160f9190638f3b582,MUTOLAAXONA,"ООО «""MUTOLAAXONA"" MCHJ»",generic,https://api.mutolaa.com/api/v1/payment/friend-gift/FriendGiftPayme/
67cfbb407c89c596b718ef97,Max Way,"ООО «""MAXWAY FOOD"" MCHJ»",generic,https://payment.api.delever.uz/payme
67cfdc79acc1d034de68ebee,TASFINANCE,"ИП ООО «""TASFINANCE"" MCHJ»",generic,https://fc-uz.tascredit.kz/api/payme/
67cfdfee60f9190638f3c6f8,BLACK FOREST GROUP BFG,"ООО «""BLACK FOREST GROUP BFG"" MCHJ»",generic,https://api.exode.biz/api/v2/payment/rpc/acquiring/a85d1367-ea83-427d-9269-2fd6be4507bf
67d001d2acc1d034de68f204,KOMMUNAL SERVISE NAVOI,"ООО «""KOMMUNAL SERVISE NAVOI"" MCHJ»",generic,https://gaztex.uz/api/payments/payme
67d0193cacc1d034de68f5a1,InFocus.uz,ООО «INFOCUS LABS»,generic,https://api.exode.biz/api/v2/payment/rpc/acquiring/31997164-11e0-4148-abfc-cc436f8c3706
67d02f66acc1d034de68f910,MEBELBOR,"ООО «""MEBELBOR"" MCHJ»",generic,http://payment.mebelbor.app/api/payme
67d03364acc1d034de68f9b8,AZOD,"ООО «""AZOD"" MCHJ»",generic,https://slaydchi.uz/?wc-api=wc_payme
67d127c6a5b222fe47a8ae31,PULSE EV,"ООО «""PULSE EV"" MCHJ»",generic,https://api-prod.pulseev.uz/api/payment/payme/webhook
67d167dbacc1d034de690fdc," ООО ""5-FOOD PIZZA""","ООО «""5-FOOD PIZZA"" MCHJ»",generic,https://api.apexpizza.uz/api/payment/transactions/
67d16c35a5b222fe47a8b7b2,FISH AND BREAD,"ООО «OOO ""FISH AND BREAD""»",generic,https://payment.api.delever.uz/payme
67d170e0acc1d034de6911e8,XOLIQOV BEKZOD QAYUMOVICH,ЧП «XOLIQOV BEKZOD»,arca,https://api-qr.uzcard.uz
67d173ccacc1d034de691242,TURKIYANING IQTISODIYOT VA TEXNOLOGIYALAR UNIVERSITETINING TOSHKENT SHAHRIDAGI FILIALI,"НОУ «""TURKIYANING IQTISODIYOT VA TEXNOLOGIYALAR UNIVERSITETINING TOSHKENT SHAHRIDAGI FILIALI"" NTM»",generic,https://tobbetu.uz/api/payme
67d17888cc96ffca8016a061,1/2-81-дўкон	Исмаилова Замира Анваровна,ООО «ISMAILOVA ZAMIRA ANVAROVNA»,generic,https://api.bagira.uz/api/v1/finance/transaction-payme/
67d26beecc96ffca8016ac88,"""VOLTAUTO"" MCHJ","ООО «""VOLTAUTO"" MCHJ»",generic,https://api.voltautouz.uz/api/payment/payme/webhook
67d274c9acc1d034de692108,TEZKOR SHAURMA,"ООО «""TEZKOR FOOD 1"" MCHJ»",generic,https://api.robosell.uz/api/v2/payme/partner
67d28ba3acc1d034de6923fb,G‘ANIYEV SHUXRAT KAMOLOVICH,ЧП «G‘ANIYEV SHUXRAT»,generic,https://elitro.magicstore.uz/handle/payme/64aa6d86-4260-46de-bd3d-23b21d80faec
67d29818acc1d034de692587,AVI TOUR,"ООО «""EDUCATION COMPLEX"" MCHJ»",generic,https://avitour.uz/?wc-api=wc_payme
67d2c897acc1d034de692d91,Azure Resort,"ООО «""ABDULLOX MIG FOOD"" MCHJ»",arca,https://api-qr.uzcard.uz
67d2dc26acc1d034de693015,ANALYTICS SERVICES,"ООО «""ANALYTICS SERVICES"" MCHJ»",generic,https://api.exode.biz/api/v2/payment/rpc/acquiring/110f0604-30cd-4663-9e40-70167c8317b9
67d3dc8eacc1d034de693db8,Andijon taxi 1411,"ООО «""ANDIJAN TAXI 1411"" MCHJ»",taxi-maxim,http://213.230.99.152/money/check_pay/
67d416caacc1d034de694591, TIM OTA ,"ООО «""TIM OTA"" MCHJ»",arca,https://api-qr.uzcard.uz
67d41f45a5b222fe47a8ec4f,Ziyoly.uz,"ООО «""TESTBOR"" MCHJ»",generic,https://api.testbor.com/subscription/payme/rpc
67d6b82f60f9190638f43dd5,WordWonders,ООО «ShahNur Software»,generic,https://api.nerman.uz/api/v1/subscriptions/payme/
67d6b86f7c89c596b7196ce2,MSecurity,"ООО «""MSECURITY"" MCHJ»",generic,https://api.exode.biz/api/v2/payment/rpc/acquiring/079b8a18-8d76-44e9-b036-406840bc8e60
67d6b93460f9190638f43e04,Udemere,ООО «ShahNur Software»,generic,https://api.cloza.uz/api/v1/subscriptions/payme/
67d6bac33c8821b44a170548,OsonDo'kon,ООО «ShahNur Software»,generic,https://api.osondokon.uz/payments/payme/update/
67d7ad8f3c8821b44a170f34,darlsy.uz,"ООО «""CTRL CODE"" MCHJ»",generic,https://api.darsly.uz/api/v1/payments/payme/merchant
67d7b137acc1d034de6970ac,MURTAZAYEV JAHONGIR SHAVKAT O‘G‘LI,ЧП «MURTAZAYEV JAHONGIR»,generic,https://zumarbooks.magicstore.uz/handle/payme/ea90b3a6-81c3-4031-b3ae-1e49d7af7d5a
67d7c7a2acc1d034de6973e8,SOY ALEKSANDR SLAVIKOVICH,ЧП «SOY ALEKSANDR»,generic,https://api.2pay.uz/api/payments/payme/
67d7c985acc1d034de69743c,HOTELIOS,ООО «Booking System»,generic,https://api.hurma.uz/api/v1/merchants/payme/payment
67d7cd72acc1d034de6974d3,SHOHRUXMIRZO-AHMAD GROUP PHARMA,"ООО «""SHOHRUXMIRZO-AHMAD GROUP PHARMA "" MCHJ»",arca,https://api-qr.uzcard.uz
67d7cd7cacc1d034de6974d7,CHOCO MAVI,"ООО «""CHOCO MAVI"" MCHJ»",generic,https://chl.zoomda.uz/backend/payme/
67d7cdb9acc1d034de6974db,Chocolocma,"ООО «""CHOCO HUVAYDO"" MCHJ»",generic,https://chl.zoomda.uz/backend/payme/
67d7cdd3acc1d034de6974e1,SHOHRUXMIRZO-AHMAD GROUP PHARMA,"ООО «""SHOHRUXMIRZO-AHMAD GROUP PHARMA "" MCHJ»",arca,https://api-qr.uzcard.uz
67d7e9deacc1d034de69788e,UZS KARAVAN,"ООО «""UZS KARAVAN"" MCHJ»",generic,https://electrohub.org/api/payments/payme
67d7f2a63c8821b44a171878,"""YESEXPRESS"" MCHJ","ООО «""YESEXPRESS"" MCHJ»",generic,https://api.yesexpress.uz/api/payme/gateway/
67d805ffed17d6583aa1d2a1,HAYOT BANK,АО «HAYOT BANK»,credits.hayot-bank,http://172.20.21.55:8080
67d80b5fed17d6583aa1d35c,Green Line Trading,"ООО «""GREEN LINE TRADING"" MCHJ»",arca,https://api-qr.uzcard.uz
67d80b7ced17d6583aa1d360,Green Line Trading,"ООО «""GREEN LINE TRADING"" MCHJ»",arca,https://api-qr.uzcard.uz
67d80b8fed17d6583aa1d363,Green Line Trading,"ООО «""GREEN LINE TRADING"" MCHJ»",arca,https://api-qr.uzcard.uz
67d80ba7ed17d6583aa1d369,Green Line Trading,"ООО «""GREEN LINE TRADING"" MCHJ»",arca,https://api-qr.uzcard.uz
67d80bbeed17d6583aa1d36e,BONGO 01 492 QMA,"ООО «""GREEN LINE TRADING"" MCHJ»",arca,https://api-qr.uzcard.uz
67d80bd7ed17d6583aa1d371,BONGO 01 243 KMA,"ООО «""GREEN LINE TRADING"" MCHJ»",arca,https://api-qr.uzcard.uz
67d80bebed17d6583aa1d376,LABO 01 436 MMA,"ООО «""GREEN LINE TRADING"" MCHJ»",arca,https://api-qr.uzcard.uz
67d80c02ed17d6583aa1d37d,Green Line Trading,"ООО «""GREEN LINE TRADING"" MCHJ»",arca,https://api-qr.uzcard.uz
67d80c1ced17d6583aa1d382,Green Line Trading,"ООО «""GREEN LINE TRADING"" MCHJ»",arca,https://api-qr.uzcard.uz
67d80c35ed17d6583aa1d386,Green Line Trading,"ООО «""GREEN LINE TRADING"" MCHJ»",arca,https://api-qr.uzcard.uz
67d80c49ed17d6583aa1d38d,Green Line Trading,"ООО «""GREEN LINE TRADING"" MCHJ»",arca,https://api-qr.uzcard.uz
67d80c62ed17d6583aa1d392,Green Line Trading,"ООО «""GREEN LINE TRADING"" MCHJ»",arca,https://api-qr.uzcard.uz
67d80c7aed17d6583aa1d394,Green Line Trading,"ООО «""GREEN LINE TRADING"" MCHJ»",arca,https://api-qr.uzcard.uz
67d80c92ed17d6583aa1d399,Green Line Trading,"ООО «""GREEN LINE TRADING"" MCHJ»",arca,https://api-qr.uzcard.uz
67d80ca9ed17d6583aa1d39b,Green Line Trading,"ООО «""GREEN LINE TRADING"" MCHJ»",arca,https://api-qr.uzcard.uz
67d80cc6ed17d6583aa1d3a0,Green Line Trading,"ООО «""GREEN LINE TRADING"" MCHJ»",arca,https://api-qr.uzcard.uz
67d80cdbed17d6583aa1d3a4,Green Line Trading,"ООО «""GREEN LINE TRADING"" MCHJ»",arca,https://api-qr.uzcard.uz
67d80cf1ed17d6583aa1d3a6,Green Line Trading,"ООО «""GREEN LINE TRADING"" MCHJ»",arca,https://api-qr.uzcard.uz
67d80d0ded17d6583aa1d3a8,Green Line Trading,"ООО «""GREEN LINE TRADING"" MCHJ»",arca,https://api-qr.uzcard.uz
67d80d70ed17d6583aa1d3b7,Green Line Trading,"ООО «""GREEN LINE TRADING"" MCHJ»",arca,https://api-qr.uzcard.uz
67d80d89ed17d6583aa1d3bc,Green Line Trading,"ООО «""GREEN LINE TRADING"" MCHJ»",arca,https://api-qr.uzcard.uz
67d80da1ed17d6583aa1d3c4,Green Line Trading,"ООО «""GREEN LINE TRADING"" MCHJ»",arca,https://api-qr.uzcard.uz
67d80db6ed17d6583aa1d3c6,Green Line Trading,"ООО «""GREEN LINE TRADING"" MCHJ»",arca,https://api-qr.uzcard.uz
67d80dcbed17d6583aa1d3cb,Green Line Trading,"ООО «""GREEN LINE TRADING"" MCHJ»",arca,https://api-qr.uzcard.uz
67d80de6ed17d6583aa1d3d1,Green Line Trading,"ООО «""GREEN LINE TRADING"" MCHJ»",arca,https://api-qr.uzcard.uz
67d80dfbed17d6583aa1d3d5,Green Line Trading,"ООО «""GREEN LINE TRADING"" MCHJ»",arca,https://api-qr.uzcard.uz
67d80e14ed17d6583aa1d3d8,Green Line Trading,"ООО «""GREEN LINE TRADING"" MCHJ»",arca,https://api-qr.uzcard.uz
67d80e2eed17d6583aa1d3da,Green Line Trading,"ООО «""GREEN LINE TRADING"" MCHJ»",arca,https://api-qr.uzcard.uz
67d80e46ed17d6583aa1d3de,Green Line Trading,"ООО «""GREEN LINE TRADING"" MCHJ»",arca,https://api-qr.uzcard.uz
67d80e61ed17d6583aa1d3e3,Green Line Trading,"ООО «""GREEN LINE TRADING"" MCHJ»",arca,https://api-qr.uzcard.uz
67d80e7bed17d6583aa1d3eb,Green Line Trading,"ООО «""GREEN LINE TRADING"" MCHJ»",arca,https://api-qr.uzcard.uz
67d8153ded17d6583aa1d4de,DAVR DIZAYN TEKSTIL,"ООО «""DAVR DIZAYN TEKSTIL"" MCHJ»",generic,https://api.dubaibahhmal.uz/gate/payme
67d817fded17d6583aa1d560,DEVOR INVESTMENT VA KOMPANIYA KOMMANDIT SHIRKAT,"КО «""DEVOR INVESTMENT VA KOMPANIYA KOMMANDIT SHIRKAT"" KSH»",generic,https://xonsaroymoney.uz/api/payment/payme/callback
67d81bfbed17d6583aa1d5fa, Sulton Market,"ООО «""KARIMBOY OTA  MATCHON BOBO"" MCHJ»",arca,https://api-qr.uzcard.uz
67d820b7ed17d6583aa1d6ba,bloomfieldstore,ЧП «PAYZIYEV AGZAMJON»,generic,https://bloomfield.store/?wc-api=wc_payme
67d90d23ed17d6583aa1e2d6,OKA,ЧП «ISLAMOV MIRZAOLIM»,generic,https://api.robosell.uz/api/v2/payme/partner
67d936dbed17d6583aa1e980,POLYAZOV SULTONBEK KELDUSH O‘G‘LI,ЧП «POLYAZOV SULTONBEK»,generic,https://device.radiomer.uz/api/payment/payme/v2
67d936f4ed17d6583aa1e986,POLYAZOV SULTONBEK KELDUSH O‘G‘LI,ЧП «POLYAZOV SULTONBEK»,generic,https://device.radiomer.uz/api/payment/payme/v2
67d9370aed17d6583aa1e988,POLYAZOV SULTONBEK KELDUSH O‘G‘LI,ЧП «POLYAZOV SULTONBEK»,generic,https://device.radiomer.uz/api/payment/payme/v2
67d937bfed17d6583aa1e9c0,SHOMURADOV SHAHRAM EGAMBERDI O‘G‘LI,ЧП «SHOMURADOV SHAHRAM»,generic,https://b.ivend.uz/payme/api/v1/or0FUIT7lw7no2QvwrLr/rpc
67d93dcfed17d6583aa1eae2,SP PHONE,ЧП «DJURAYEV A'ZAM»,generic,https://shop-api.posx.uz/api/payme
67d951a5ed17d6583aa1ee01,AI ZZET,"ООО «""AI ZZET"" MCHJ»",generic,https://api.exode.biz/api/v2/payment/rpc/acquiring/06ee675b-b88b-4ee0-82b7-18896da7c1c3
67d959ad6bf6277154a5307f,IoT,"ООО «""PAYFLOW"" MCHJ»",sumpay,https://payme.cloudcore.uz
67d975daed17d6583aa1f3f2,GOLD-HOUSE,"ООО «""GOLD-HOUSE"" MCHJ»",generic,https://backkk.stroybazan1.uz/pay/payme/
67d98bd56bf6277154a535fa,mini-vending,"СП «""H-2-O"" OK»",generic,https://device.radiomer.uz/api/payment/payme/v2
67da597aed17d6583aa1fe28,DIVAKIDS,"ООО «ООО ""DIVA-TEKS""»",generic,https://divakids.uz/tg/api/payments/payme/
67da5c52d4f3ae7aa06b0b8a,Nafisnuur Marafon,"ООО «""METOD"" NTM»",generic,https://89-126-220-238.nip.io/payme/index.php
67da8b7ded17d6583aa204e8,NOVOLASEAR,"ООО «""NOVOLASEAR"" MCHJ»",arca,https://api-qr.uzcard.uz
67daa77945267129dd63a127,DM BROKE SERVIS,"ООО «""DM BROKE SERVIS"" MCHJ»",generic,https://api.deklarantlar.uz/payme/payment
67dac22eed17d6583aa20d94,NIVELLA,"ООО «""NIVELLA"" MCHJ»",alivewater,https://mobile.api.alivewater.online
67dac240ed17d6583aa20d97,NIVELLA,"ООО «""NIVELLA"" MCHJ»",alivewater,https://mobile.api.alivewater.online
67dacc87ed17d6583aa20eb9,MIRMUXAMEDOV ILXOM,ЧП «MIRMUXAMEDOV ILXOM»,generic,https://ipaktaxi.go2pay.uz/api/billing
67dbb76aed17d6583aa219bd,ORTIQXO‘JAYEV AHMADJON ALISHER O‘G‘LI,ЧП «ORTIQXO‘JAYEV AHMADJON»,generic,https://api.robosell.uz/api/v2/payme/partner
67dbc152ed17d6583aa21b5b,MIRMUXAMEDOV ILXOM,ЧП «MIRMUXAMEDOV ILXOM»,generic,https://ipaklogpulbot.go2pay.uz/api/billing/payme
67dbdc49ed17d6583aa21efe,idokon,"ООО «""DISTR-POS"" MCHJ»",generic,https://my.idokon.uz/services/admin/api/payme
67dbf5dded17d6583aa222ef,IELTSZONE,"ООО «""IELTSZONE"" MCHJ»",generic,https://mock.ieltszone.uz/api/v1/payme
67dbfadded17d6583aa223a2,POYTAXT-PHARM-777,"ООО «""POYTAXT-PHARM-777"" MCHJ»",arca,https://api-qr.uzcard.uz
67dc0819ed17d6583aa2264c,TOPCOACH,"ООО «""TOPCOACH"" MCHJ»",generic,https://topcoach.uz/api/payments/callback/payme
67dc56b4d4f3ae7aa06b3780,BEON,"ООО «""BEON"" MCHJ»",generic,http://185.100.54.4:6465/payme/pay
67de7e3245267129dd63d90a,Vendix,"ООО «""SUPPORT POINT"" »",generic,https://device.radiomer.uz/api/payment/payme/v2
67e0f918ed17d6583aa25f92,ADAMANT MOTORS,"ООО «""ADAMANT MOTORS"" MCHJ»",generic,https://azip.uz/payment/payme
67e0fbc9ed17d6583aa25ffb,Fearless Technology,"ООО «""FEARLESS TECHNOLOGY"" MCHJ»",generic,https://api.xaridor.com/api/payment/v1/payme
67e0fd75ed17d6583aa26024,PIR NASHR,ЧП «ABDULLAYEV RASHID»,generic,https://api.robosell.uz/api/v2/payme/partner
67e0ff89ed17d6583aa2606d,Business Book Coffee,"ООО «""BUSINESS BOOK COFFEE"" MCHJ»",generic,https://b.ivend.uz/payme/api/v1/H1oOR86PwOV35jwyrI7b/rpc
67e10128ed17d6583aa260a9,Komfy Taxi,"ООО «""IT FOCUS"" MCHJ»",komfy-taxi,https://rutaxi.dyndns.org/taxi/api/v2/ext/services/2090/terminal/187
67e1191bed17d6583aa26430,THE NUR,"ООО «""THE NUR"" MCHJ»",generic,https://thenurtravel.uz/?wc-api=wc_payme
67e12201ed17d6583aa26546,O'KTAMOV AFZALBEK AVAZBEK O'G'LI,ЧП «O‘KTAMOV AFZALBEK»,generic,https://randradn123.com/payapi
67e123bbed17d6583aa26575,GIOTTO - BERUNIY,"ООО «""ASPAVA BERUNIY"" MCHJ»",generic,https://api.lacafe.uz/api/payments/v1/payme
67e123feed17d6583aa2657f,GIOTTO Gourmet,"ООО «""ASPAVA PARKENTSKIY"" MCHJ»",generic,https://api.lacafe.uz/api/payments/v1/payme
67e126e1ed17d6583aa265ef,Сеть аптек OXYMED,"ООО «""NIKA FARM SERVIS"" MCHJ»",generic,https://orders.oxymed.uz/payme/webhook
67e12771ed17d6583aa26608,Сеть аптек OXYMED,"ООО «""NIKA FARM SERVIS"" MCHJ»",generic,https://orders.oxymed.uz/payme/webhook
67e127f8ed17d6583aa26626,Сеть аптек OXYMED,"ООО «""NIKA FARM SERVIS"" MCHJ»",generic,https://orders.oxymed.uz/payme/webhook
67e1288ded17d6583aa26645,Сеть аптек OXYMED,"ООО «""NIKA FARM SERVIS"" MCHJ»",generic,https://orders.oxymed.uz/payme/webhook
67e128eeed17d6583aa26658,Сеть аптек OXYMED,"ООО «""NIKA FARM SERVIS"" MCHJ»",generic,https://orders.oxymed.uz/payme/webhook
67e1295ced17d6583aa26677,Сеть аптек OXYMED,"ООО «""NIKA FARM SERVIS"" MCHJ»",generic,https://orders.oxymed.uz/payme/webhook
67e129c1ed17d6583aa26686,Сеть аптек OXYMED,"ООО «""NIKA FARM SERVIS"" MCHJ»",generic,https://orders.oxymed.uz/payme/webhook
67e13e50ed17d6583aa26a07,OLLOV NUR,"ООО «""OLLOV-NUR-MEDIA-KONSERT"" MCHJ»",generic,https://b.ivend.uz/payme/api/v1/b5bgxx2VfRVD6OoBfDv9/rpc
67e14395ed17d6583aa26b55,SOLO COFFEE,"ООО «""SOLO COFFEE"" MCHJ»",generic,https://api.robosell.uz/api/v2/payme/partner
67e23e28ed17d6583aa27901,"""CHOSEN"" MCHJ","ООО «""CHOSEN"" MCHJ»",arca,https://api-qr.uzcard.uz
67e23f2eed17d6583aa2792c,Chocco Mocco ,"ООО «""MUBINKA"" MCHJ»",generic,https://api.robosell.uz/api/v2/payme/partner
67e24844ed17d6583aa27a7c,INNOVATIVE MEDICINE,"ООО «""INNOVATIVE MEDICINE"" MCHJ»",arca,https://api-qr.uzcard.uz
67e24b57ed17d6583aa27b1a,Jiz Biz,"ООО «""DIVINE FOOD"" MCHJ»",generic,https://payment.api.delever.uz/payme
67e24ba3ed17d6583aa27b29,CREMONA,"СП «СП ""CREMONA CAKES""»",generic,https://payment.api.delever.uz/payme
67e24bbfed17d6583aa27b31,CREMONA,"СП «СП ""CREMONA CAKES""»",generic,https://payment.api.delever.uz/payme
67e24c3bed17d6583aa27b47,MANTISHNAYA,"ООО «""MANTISHNAYA"" MCHJ»",generic,https://payment.api.delever.uz/payme
67e254c0ed17d6583aa27c9d,MARINA RINALDI,"ООО «""DM FASHION CITY"" MCHJ»",arca,https://api-qr.uzcard.uz
67e254e7ed17d6583aa27ca3,WEEKEND,"ООО «""DM FASHION CITY"" MCHJ»",arca,https://api-qr.uzcard.uz
67e269396bf6277154a5be1a,I BE PRO,ООО «I BE PRO»,generic,https://api.ibepro.uz/payme
67e296cfd977d3a88ce21ce2,YOTO,ООО «MERIDIAN MOBILITY»,generic,https://yotoapp.com/api/v1/merchant/paycom
67e2971fd4f3ae7aa06b914e, YOTO,ООО «SHARING MANIA»,generic,https://yotoapp.com/api/v1/merchant/paycom
67e2a0f6ed17d6583aa2876d,SAM WELL-COM ,ООО «MCHJ SAM WELL-COM»,generic,https://cupcake.magicstore.uz/handle/payme/61871c45-45ac-4533-8365-a2958019a202
67e39de8ed17d6583aa2975e,FORRIS,"ООО «""FORRIS HOME"" MCHJ»",generic,https://psapi.megagroup.ru/accounts/106178/notify
67e3a24fed17d6583aa2991b, LA MER PARTNERS,"ООО «""LA MER PARTNERS"" MCHJ»",generic,https://lamer.shopbot.uz/paycom/check
67e3d625ed17d6583aa2a22c,KPI COM ООО ИП,"ИП ООО «""KPI COM"" MCHJ XK»",generic,https://apps.kpi.com/services/api/v3/payme/merchant?database=PAID&companyId=65159
67e3d710ed17d6583aa2a278,IMPEX UNION TRADE,"ООО «""IMPEX UNION TRADE"" MCHJ»",generic,https://payment.api.delever.uz/payme
67e3fcfeed17d6583aa2a93f,MY PROFY,"ООО «""DIGITAL MASTERS ACADEMY"" MCHJ»",generic,https://experience-con-pickup-affordable.trycloudflare.com/payme
67e433a50802bfb0528ae927,CAMU TAXI,"ООО «""CAMU TAXI"" MCHJ»",generic,https://texnodev.lidertaxi.uz/admin/pay-ment/payme-end-point
67e4e2b2ed17d6583aa2b386,Цемент Ташкент,"ООО «""BODOMZOR CEMENT"" MCHJ»",generic,https://backend.optochka.com/payments/activate-payme
67e4e754ed17d6583aa2b430,RICH,"ООО «""AUTO PARKING"" MCHJ»",generic,https://payment.api.delever.uz/payme
67e4e7afed17d6583aa2b43f,Yalpiz Askiya ,"ООО «""YALPIZ 2025"" MCHJ»",generic,https://food-order-system-0pj9.onrender.com/api/payments/payme
67e4e85ded17d6583aa2b458,MIO BEAUTY,"ООО «ЧП ""BUSINESS-PACKAGE""»",generic,https://api.robosell.uz/api/v2/payme/partner
67e4ea3aed17d6583aa2b49b,TAOMZAR,"ООО «""TAOMZAR"" MCHJ»",generic,https://payment.api.delever.uz/payme
67e4f314ed17d6583aa2b5d3,BOOKNOMY,"ООО «ООО ""BOOKNOMY""»",generic,http://94.103.91.208:8990/api/paycom/billing
67e4f7d5ed17d6583aa2b670,Eurolux,ООО «ART STAR CLASS»,generic,https://bemonde.uz/?wc-api=wc_payme
67e4f891ed17d6583aa2b687,Euro-Asia,СП «GRAND ABDUMALIK»,generic,https://cb-pay.exely.com/Payme/generic/terminals/2f30fb03-7bae-438f-87c6-7c1c5b15ece7
67e4fba6d4f3ae7aa06bc005,MMM TRAKTOR SERVIS,"ООО «""MMM TRAKTOR SERVIS"" MCHJ»",generic,https://mmm-mashinist.uz/public/api/payme
67e50fc8d4f3ae7aa06bc2a3,TURAN,"ООО «""AHMET HATICHE"" XK»",generic,https://api.turantalim.uz/payment/update/
67e51dfaed17d6583aa2bb5e,TASHKENT tv TOWER,"ГУП «""RADIOALOQA RADIOESHITTIRISH VA TELEVIDENIE MARKAZI"" UK»",generic,https://pay.uzd.udevs.io/payme/
67e51e56ed17d6583aa2bb68,TASHKENT tv TOWER,"ГУП «""RADIOALOQA RADIOESHITTIRISH VA TELEVIDENIE MARKAZI"" UK»",uzdigital,http://195.158.6.10:2515/ProviderWebService.svc
67e51ef0ed17d6583aa2bb7a,TASHKENT tv TOWER,"ГУП «""RADIOALOQA RADIOESHITTIRISH VA TELEVIDENIE MARKAZI"" UK»",generic,https://pay.uzd.udevs.io/payme/
67e535f6ed17d6583aa2bebd,MEDIAPARK,"ООО «""AZ BENEFIT TRADING"" MCHJ»",generic,https://api.v2.mediapark.uz/external/payme
67e55280ed17d6583aa2c26b,PODIUM BALMAIN,"ООО «ООО ""PODIUM""»",arca,https://api-qr.uzcard.uz
67e552c4ed17d6583aa2c279,PODIUM BRIONI,"ООО «ООО ""PODIUM""»",arca,https://api-qr.uzcard.uz
67e552e5ed17d6583aa2c27f,PODIUM BRUNELLO CUCINELLI,"ООО «ООО ""PODIUM""»",arca,https://api-qr.uzcard.uz
67e55309ed17d6583aa2c283,STOCK ENTRE,"ООО «ООО ""PODIUM""»",arca,https://api-qr.uzcard.uz
67e55326ed17d6583aa2c286,STOCK ENTRE,"ООО «ООО ""PODIUM""»",arca,https://api-qr.uzcard.uz
67e55345ed17d6583aa2c28a,PODIUM MAXMARA,"ООО «ООО ""PODIUM""»",arca,https://api-qr.uzcard.uz
67e55369ed17d6583aa2c28c,PODIUM OUTLET,"ООО «ООО ""PODIUM""»",arca,https://api-qr.uzcard.uz
67e553b9ed17d6583aa2c294,PODIUM SANTONI,"ООО «ООО ""PODIUM""»",arca,https://api-qr.uzcard.uz
67e553d4ed17d6583aa2c29b,PODIUM TWINSET,"ООО «ООО ""PODIUM""»",arca,https://api-qr.uzcard.uz
67e553f9ed17d6583aa2c29e,PODIUM VALENTINO,"ООО «ООО ""PODIUM""»",arca,https://api-qr.uzcard.uz
67e55418ed17d6583aa2c2a0,PODIUM А1Ж,"ООО «ООО ""PODIUM""»",arca,https://api-qr.uzcard.uz
67e55450ed17d6583aa2c2a6,PODIUM A1M,"ООО «ООО ""PODIUM""»",arca,https://api-qr.uzcard.uz
67e5546aed17d6583aa2c2aa,PODIUM Мирабад Жен,"ООО «ООО ""PODIUM""»",arca,https://api-qr.uzcard.uz
67e5548bed17d6583aa2c2ae,PODIUM Мирабад Муж,"ООО «ООО ""PODIUM""»",arca,https://api-qr.uzcard.uz
67e67df1ed17d6583aa2d69e,ORGANIC SHOP,"ООО «""ORGANIC SHOP"" MCHJ»",generic,https://api.robosell.uz/api/v2/payme/partner
67e693efed17d6583aa2da1f,ENGLIFY,"ООО «""ENGLIFY"" MCHJ»",generic,https://api-payment-xbqnu7lhty.englify.school/external/v1/payment/payme-merchant/handle?api-token=payme-merchant-6f4WY0sCXICYbDmMUZ-Jb9wOBH1Zp9SQo-OystilDhhTaXt
67e7977fd4f3ae7aa06bef5c,GIAZ MEBEL,ЧП «G‘IYOSOV AZIZBEK»,generic,https://back.stroybazan1.uz/pay/payme/
67eb079645267129dd64a164,Slayd Bot,ЧП «ESHQUVVATOV JAHONGIR»,generic,https://pay.xmax.uz/payme/
67ebdce345267129dd64b66c,Get Tickets,"ООО «""GET TICKETS"" MCHJ»",gtickets,https://api.gtickets.uz/payme
67ed104aed17d6583aa338ea,Сервис центр iSpace TCM,"ИП ООО «""ASBC ENTITY"" MCHJ XK»",arca,https://api-qr.uzcard.uz
67ed11786bf6277154a673dd,BARBER ACADEMY,"ООО «""BARBER  ACADEMY"" MCHJ»",generic,https://event.barberstore.uz/?wc-api=wc_payme
67ed1879ed17d6583aa33a12,ISHTIXON ZIG'IR OSH,"ООО «""NOMDOR OSH"" MCHJ»",generic,https://payment.api.delever.uz/payme
67ed1f29ed17d6583aa33b23,SALAR agromarket,"ООО «""SALAR AGROMARKET"" MCHJ»",arca,https://api-qr.uzcard.uz
67ed32dded17d6583aa33de6,YUMA HAMBURGERS ,"ООО «""YUMA HAMBURGERS"" MCHJ»",generic,https://yuma.zoomda.uz:4001/payme/
67ed3627ed17d6583aa33e4c, GIPOFIZ FARM,ООО «GIPOFIZ FARM MCHJ»,arca,https://api-qr.uzcard.uz
67ee3e64ed17d6583aa34dcb,ADA TAXI,"ООО «""ADA TAXI"" MCHJ»",generic,https://api.adataxi.uz/payment/payme/
67ee6010ed17d6583aa35217,PASTA PASTA,"ООО «""PASTA-PASTA"" MCHJ»",generic,https://api.lacafe.uz/api/payments/v1/payme
67ee6428ed17d6583aa352b4,CENTROPOLIS,"ООО «""CENTROPOLIS"" MCHJ»",generic,https://api.funway.uz/api/v1/payments/payme/
67ee6ef4d4f3ae7aa06c5b3e,ZIYO FORUM,"ННО «""ZIYO FORUM""»",generic,https://ziyoforum.uz/wp-json/payme/v1/callback
67ee7480ed17d6583aa354f8,INSTAVIBE SCHOOL,"ООО «""INSTAVIBE SCHOOL"" MCHJ»",generic,https://riada.webinar-payment.uz/payme/pay?id=1
67ee9511d977d3a88ce2eb46,STARTUP GARAGE,"ООО «""STARTUP GARAGE"" MCHJ»",generic,https://startupgarage.magicstore.uz/
67ef6be50802bfb0528b9bd5,Berdime,ЧП «KENESBAYEV JETKERBAY»,generic,https://berdime.uz/payment/update/
67ef8772ed17d6583aa365a9,CHOPON,"ООО «""CHOPON FOOD"" MCHJ»",generic,https://payment.api.delever.uz/payme
67efa8dbed17d6583aa369bd,SALAR agromarket,"ООО «""SALAR AGROMARKET"" MCHJ»",arca,https://api-qr.uzcard.uz
67efaf82ed17d6583aa36ac2,NISHANBAYEV XAMID ABDULGAFAROVICH,ЧП «NISHANBAYEV XAMID»,generic,https://api.robosell.uz/api/v2/payme/partner
67efc455ed17d6583aa36e25,De'laska PATTISERIE,"ООО «""De'laska"" MCHJ»",generic,https://payment.api.delever.uz/payme
67efd83ded17d6583aa37157,"""TURON MEDIA"" XK","ООО «""TURON MEDIA"" XK»",generic,https://payment.tn.uz/hosting2/api
67f34aabed17d6583aa39600,"""MANNA'' MCHJ","ООО «""MANNA"" MCHJ»",arca,https://api-qr.uzcard.uz
67f36eb2ed17d6583aa39b60,KAMOLA-XON ,"ООО «""KAMOLA-XON"" MCHJ»",generic,https://axmad.zoomda.uz:4001/payme/
67f36f16ed17d6583aa39b72,AXMAD OLTIN JO'JA,"ООО «"" IMONILLO"" MCHJ»",generic,https://axmad.zoomda.uz:4001/payme/
67f37671ed17d6583aa39d20,ISHTIXON ZIG'IR OSH,"ООО «""NOMDOR OSH"" MCHJ»",generic,https://api.lacafe.uz/api/payments/v1/payme
67f37a820802bfb0528bd72f,ZOKIROV TOXIRJON KUDRATULLO O‘G‘LI,ЧП «ZOKIROV TOXIRJON»,generic,https://device.radiomer.uz/api/payment/payme/v2
67f37c8bd977d3a88ce32f9e,ZOKIROV TOXIRJON KUDRATULLO O‘G‘LI,ЧП «ZOKIROV TOXIRJON»,generic,https://device.radiomer.uz/api/payment/payme/v2
67f38abded17d6583aa39fcf,Art plov,"ООО «""BD BAKHTIYOROV"" MCHJ»",generic,https://payment.api.delever.uz/payme
67f39e60ed17d6583aa3a2b7,Frame,"ООО «""FRAME HARDWARE"" MCHJ»",generic,https://payme.frame.uz/payment/json-rpc/payme
67f3be6c45267129dd6539b8,Metrologiya,"ООО «""METROLOGIYA ILMIY MARKAZI"" MCHJ»",generic,https://api.metrologiya.uz/api/payment-integration/payme-webhook/merchant/
67f3c84bed17d6583aa3aa7d,Bayram Döner,"ООО «""BAYRAM DONER"" XK»",generic,https://payment.api.delever.uz/payme
67f3d85fed17d6583aa3ac92,PROPERGI,"ООО «""PROPERGI"" MCHJ»",generic,https://payments.mycom.uz/system/payme
67f4aef56bf6277154a6ecfd,HaziliyBot,ЧП «MUSURMONOV BEKZOD»,generic,https://musurmonov-begzod.uz/haziliybot/payme_api/index.php
67f4bba18d2fe4b0d3c05409,Kingsman,"ООО «""BOUTIQUE"" MCHJ»",generic,https://api.kingsman.com.uz/api/payments/payme
67f4c5b68d2fe4b0d3c055b4,O`ZBEGIM 7777,ООО «MCHJ O`ZBEGIM 7777»,generic,https://payment.api.delever.uz/payme
67f4c5db8d2fe4b0d3c055c5,O`ZBEGIM 7777,ООО «MCHJ O`ZBEGIM 7777»,generic,https://payment.api.delever.uz/payme
67f4c6028d2fe4b0d3c055d2,O`ZBEGIM 7777,ООО «MCHJ O`ZBEGIM 7777»,generic,https://payment.api.delever.uz/payme
67f4ce808d2fe4b0d3c0577b,"""TOSHKENT-OPTIKAL"" XK","ООО «""TOSHKENT-OPTIKAL"" XK»",arca,https://api-qr.uzcard.uz
67f4cec78d2fe4b0d3c0578e,"""TOSHKENT-OPTIKAL"" XK","ООО «""TOSHKENT-OPTIKAL"" XK»",arca,https://api-qr.uzcard.uz
67f4d1038d2fe4b0d3c057e1,WYNDHAM PayConnectBE,"ООО «""PARK PLAZA SUFA"" MCHJ»",generic,https://cb-pay.exely.com/Payme/generic/terminals/4542b045-3b89-488f-9d89-b097a785a114
67f4d5878d2fe4b0d3c0588a,SHOXOSILOV IZZAT ZAFAR O'G'LI,ЧП «SHOXOSILOV IZZAT»,arca,https://api-qr.uzcard.uz
67f4f9948d2fe4b0d3c05d85,Сеть аптек OXYMED,"ООО «""NIKA FARM SERVIS"" MCHJ»",generic,https://orders.oxymed.uz/payme/webhook
67f4f9d48d2fe4b0d3c05d8c,Сеть аптек OXYMED,"ООО «""NIKA FARM SERVIS"" MCHJ»",generic,https://orders.oxymed.uz/payme/webhook
67f4fa088d2fe4b0d3c05d97,Сеть аптек OXYMED,"ООО «""NIKA FARM SERVIS"" MCHJ»",generic,https://orders.oxymed.uz/payme/webhook
67f615d28d2fe4b0d3c0701f,XAY MAYLI PRODUCTION,"ООО «""XAY MAYLI PRODUCTION"" MCHJ»",generic,https://billing.mazzaqiling.uz/HandleTransaction
67f63ea8a5e04614247eae44,Get tickets teathers,"ООО «""GET TICKETS"" MCHJ»",gtickets,https://api.gtickets.uz/payme
67f64b768d2fe4b0d3c07794,MANNOPOV BEKZOD MARAT O’G’LI.,ЧП «MANNOPOV BEKZOD»,generic,https://b.ivend.uz/payme/api/v1/FAVG39Z3EGtdVbZgy1aG/rpc
67f654bb8d2fe4b0d3c078e1, SARDOBA FLIGHT ООО,"ООО «""SARDOBA FLIGHT"" MCHJ»",generic,https://sardoba.zoomda.uz:4001/payme/
67f66b078d2fe4b0d3c07c3f,MCHJ SAHOVAT DIET KAFE,"ООО «""SAHOVAT DIET KAFE"" MCHJ»",generic,https://payment.api.delever.uz/payme
67f66fbc8d2fe4b0d3c07d08,Optochka,"ООО «""MIRAMANDI FAMILIY RESTAURANT"" MCHJ»",generic,https://payment.api.delever.uz/payme
67f6ca14ba13dd31784a55cc,KOMILOV NURMUXAMMAD SHOKIRJONOVICH,ЧП «KOMILOV NURMUXAMMAD»,generic,https://merchant.keldi-ketdi.uz/payme-disposable/index
67f6f9feca95ffea6667a21b,Smart Slayd Bot,ЧП «ESHQUVVATOV JAHONGIR»,generic,https://paying.456.uz/payme_slaydqil/
67f756128d2fe4b0d3c086bc,BUILDEX RETAIL GROUP,"ООО «""BUILDEX RETAIL GROUP"" MCHJ»",generic,https://api.buildex.uz/payment/
67f757cd8d2fe4b0d3c0870e,Sushi Wok Master,"ООО «ООО ""PASHAS""»",generic,https://api.lacafe.uz/api/payments/v1/payme
67f757ed8d2fe4b0d3c08715,Sushi Wok Master,"ООО «ООО ""PASHAS""»",generic,https://api.lacafe.uz/api/payments/v1/payme
67f758198d2fe4b0d3c0871f,Sushi Wok Master,"ООО «ООО ""PASHAS""»",generic,https://api.lacafe.uz/api/payments/v1/payme
67f7692da5e04614247ec27d,GLOBAL MOVE,"ООО «""GLOBAL MOVE"" MCHJ»",generic,https://qamar.prod.glmv.dev/payment/payme
67f7a3088d2fe4b0d3c09551,ORI MEDIA,ООО «ORIMEDIA»,generic,https://back.orimedia.uz/payme/
67f7b8cb8d2fe4b0d3c0988b,ШЕШ-БЕШ,"ООО «""BLIZKIY DRUG"" MCHJ»",arca,https://api-qr.uzcard.uz
67f7ba018d2fe4b0d3c098db,MADUMAROV SHOXRUXJON TO'RDALIYEVICH,ЧП «MADUMAROV SHOXRUXJON»,generic,https://1log.uz/api/payment/payme/
67f7bc588d2fe4b0d3c09913,My Life Planner 3.0,ООО «EDUON PLATFORM»,generic,https://riada.webinar-payment.uz/payme/pay?id=2
67f7bf348d2fe4b0d3c09961,ABLAZOVA MALOXATXON ISROILJON QIZI,ЧП «ABLAZOVA MALOXATXON»,generic,https://api.turbosmm.uz/api/api/payme/callback/
67f8c3024efe5bb340ade883,CTR GOLD,"ООО «""CTR GOLD"" MCHJ»",generic,https://ctr.zoomda.biz/payment/paycom
67fad73ea5e04614247eff09,MentorGO,"ООО «""EFFORT TEAM""»",generic,https://api.mentorgo.uz/v1/payment/payme/one-time
67fc349fca95ffea6667f140,OnBook,ЧП «BAGIROV SAMIR»,generic,https://onbookuz.ucoz.site/shop/payment/payme
67fca7758d2fe4b0d3c0da83,"ООО ""TABIBIM TABIAT""","ООО «""TABIBIM TABIAT"" MCHJ»",generic,https://tabibimtabiat.magicstore.uz/handle/payme/7c865548-8a2a-456b-86f7-b2e87b2a02e7
67fcb2098d2fe4b0d3c0dc62, AZIZA NUR TRADE,"ООО «""AZIZA NUR TRADE"" MCHJ»",arca,https://api-qr.uzcard.uz
67fcb96d8d2fe4b0d3c0ddae,DIALOG BMP,"НОУ «""DIALOG BMP"" NTM»",arca,https://api-qr.uzcard.uz
67fcbb058d2fe4b0d3c0dddd,CTR GOLD,"ООО «""CTR GOLD"" MCHJ»",generic,https://ctr.zoomda.uz:4001/payme/
67fcbf9b4efe5bb340ae1fa9,XOLIS HISOBOT,"ООО «""XOLIS HISOBOT"" XK»",generic,https://api.healthybakery-by-muna.uz/api/v1/integration/payme/course_callback/
67fccea48d2fe4b0d3c0e04c,K-R-M-SAVDO,"ООО «""K-R-M-SAVDO"" MChJ»",arca,https://api-qr.uzcard.uz
67fcd1858d2fe4b0d3c0e0e8,BAXTIYAROVA MUMINA,ЧП «BAXTIYAROVA MUMINA»,generic,https://intpers.ruya.uz/api/v1/payment/payme/transaction
67fcd2fcc54a74b9dd9ea60d,A1Menu,"ООО «""MUSTAFO SOFTWARE""»",generic,https://a1cafe.menu/payme/webhook
67fcd5d68d2fe4b0d3c0e1bb,TEZPUL,"ООО «""TEZPUL ONLINE MIKROMOLIYA TASHKILOTI"" MCHJ MMT»",generic,https://mfo117.flexpul.uz/public/payme/payments
67fcdb8a8d2fe4b0d3c0e2a7,PASTA PASTA Беруни,"ООО «""PASTA-PASTA BRN"" MCHJ»",generic,https://api.lacafe.uz/api/payments/v1/payme
67fcdfc0a5e04614247f19ef,BYMAX MCHJ,"ООО «""BYMAX"" MCHJ»",generic,https://cyberx202.langame-pr.ru/master_api/payments/payme
67fcfa104efe5bb340ae2841,EVOS,ООО «MCHJ MAK FOOD SERVIS»,generic,https://qr.evos.uz/api/payme/callback
67fcfaae8d2fe4b0d3c0e7dd,ПОДУШЕЧНАЯ,"ООО «""BLOSSOM""»",generic,https://api.lacafe.uz/api/payments/v1/payme
67fcfae88d2fe4b0d3c0e7ea,NICE JOY  KITCHEN & BAKERY,ООО «GOUPBAKERY»,generic,https://api.lacafe.uz/api/payments/v1/payme
67fdf3bfba13dd31784ac589,O'zbekinvest,"АО «КЭИС ""Узбекинвест""»",generic,https://ps.uzbekinvest.uz/payme-api/transaction/operation
67fdf7e88d2fe4b0d3c0f564,MediStep,ООО «Zumradxon»,generic,https://medistep.lifestylebot.uz/api_payme/
67fe0045c54a74b9dd9ebae3,UNIQUE-URBAN HORIZON,"ООО «""UNIQUE-URBAN HORIZON"" MCHJ»",generic,https://7saber.dmmg.uz/payme/endpoint
67fe03aa8d2fe4b0d3c0f74c,SHAXRULLO HOME MARKET,"ООО «""SHAXRULLO HOME MARKET"" MCHJ»",arca,https://api-qr.uzcard.uz
67fe2608ca95ffea666817f2,EVOS,ООО «MCHJ MAK FOOD SERVIS»,generic,https://qr.evos.uz/api/payme/callback
67fe26cbc54a74b9dd9ebfb7,EVOS,ООО «MCHJ MAK FOOD SERVIS»,generic,https://qr.evos.uz/api/payme/callback
67fe2d0d8d2fe4b0d3c0fceb,Aloqa Finance,"ООО «""ALOQA FINANCE DEVELOPMENT MIKROMOLIYA TASHKILOTI"" MCHJ»",generic,https://mfo129.flexpul.uz/public/payme/payments
67fe2e3f8d2fe4b0d3c0fd15,AKA UKALAR MARKET ,"СП «""TURON AZIZ BARAKA"" OK»",arca,https://api-qr.uzcard.uz
67fe30578d2fe4b0d3c0fd68,FORTUNA INVEST GROUP,"ООО «""FORTUNA INVEST GROUP"" MCHJ»",generic,https://samovar.zoomda.uz:4001/payme/
67fe3f3fa5e04614247f353f,EVOS,ООО «MCHJ MAK FOOD SERVIS»,generic,https://qr.evos.uz/api/payme/callback
67fe3fc7ba13dd31784acfcf,EVOS,ООО «MCHJ MAK FOOD SERVIS»,generic,https://qr.evos.uz/api/payme/callback
67fe4022a5e04614247f3563,MOSHINA BOZORIM,"ООО «""MOSHINA BOZORIM"" MCHJ»",generic,https://moshina-bozor-payment-gateway.knative-fn.u-code.io/v1/payme
67fe456e8d2fe4b0d3c1006d,FLASH MONEY FINANCE MIKROMOLIYA TASHKILOTI,"ООО «""FLASH MONEY FINANCE MIKROMOLIYA TASHKILOTI"" MCHJ»",generic,https://mfo121.flexpul.uz/public/payme/payments
67fe5d0f8d2fe4b0d3c103b3,AFIF ASL BURGER ,"ООО «""AFIF ASL BURGER"" MCHJ»",generic,https://asl.zoomda.uz/backend/payme/
67fe60618d2fe4b0d3c103fb,Mediik,"ООО «""MADEXIS TECHNOLOGIES"" MCHJ»",generic,https://api.prod.mediik.uz/api/v1/payments/webhook/payme/
67feb7dbba13dd31784ad820,Ziaja Uzbekistan,ООО «EURO TRADE CA»,generic,https://ziajashop.work/wp-json/ziaja/v1/payments/payme
67ff40e28d2fe4b0d3c10cf5,AFIF ASL BURGER ,"ООО «""AFIF ASL BURGER"" MCHJ»",generic,https://asl.zoomda.uz/backend/payme/
67ff57608d2fe4b0d3c110cf,ASL BURGER,СП «ASL BURGER»,generic,https://asl.zoomda.uz/backend/payme/
67ff577f8d2fe4b0d3c110d5,ASL BURGER,СП «ASL BURGER»,generic,https://asl.zoomda.uz/backend/payme/
67ff57b68d2fe4b0d3c110dc,ASL BURGER,СП «ASL BURGER»,generic,https://asl.zoomda.uz/backend/payme/
67ff58068d2fe4b0d3c110eb,ASL BURGER,СП «ASL BURGER»,generic,https://asl.zoomda.uz/backend/payme/
67ff582d8d2fe4b0d3c110f1,ASL BURGER,СП «ASL BURGER»,generic,https://asl.zoomda.uz/backend/payme/
67ff6e7f8d2fe4b0d3c113e0,EXADOT,"ООО «""EXADOT"" MCHJ»",generic,https://api-urbo.uz/api/v1/payme/webhook/
67ff7baf8d2fe4b0d3c11594,ASL Burger,"ООО «""ASL SIFAT BARAKA"" MCHJ»",generic,https://asl.zoomda.uz/backend/payme/
67ff7bd48d2fe4b0d3c11598,ASL BURGER QUMQO'RGO'N - DELEVER,"ООО «""ASL SIFAT BARAKA"" MCHJ»",generic,https://asl.zoomda.uz/backend/payme/
67ff7bea8d2fe4b0d3c1159b,ASL Burger,"ООО «""ASL SIFAT BARAKA"" MCHJ»",generic,https://asl.zoomda.uz/backend/payme/
67ff80d68d2fe4b0d3c116a1,dUgoN cosmetics,ЧП «URAKOVA UMAYRA»,generic,https://dugoncosmetics.magicstore.ai/handle/payme/aa3f812f-57be-4991-b9f9-e08bd48d372d
67ff8c4c8d2fe4b0d3c118bd,DEIME,ЧП «AGZAMOV BOBURXON»,generic,https://deime.magicstore.uz/handle/payme/54b6c109-32f6-43b6-91b2-d9b1fe538e26
67ffa017ca95ffea66683685,shirin sweets web cashbox,ЧП «ALIMOVA SHIRIN»,generic,https://shirinsweets.uz/?wc-api=wc_payme
67ffaf934efe5bb340ae5c9c,Damda Sayyoh,"КО «""DAMDA SAYYOH"" MCHJ»",generic,https://api.damda.uz/api/v1/webhook/payme/payment
67ffd7164efe5bb340ae5fb1,Hujjat24,ООО «Hujjat24»,generic,https://f3742510e4f5.ngrok-free.app/api/v1/webhooks/payments/payme
68007c7cca95ffea66683fbf,Angla.uz,"ООО «""ALFA SCIENTIFIC AND TECHNICAL"" МЧЖ»",generic,https://angla.uz/payments/payme/callback/
68008ac98d2fe4b0d3c12673,AGROHOUSE,"ООО «""AGROHOUSE"" MCHJ»",arca,https://api-qr.uzcard.uz
680099b18d2fe4b0d3c128a7,QUYOSHLI BOLALAR SO'GLOMLASHTIRISH OROMGOHI,ННО «QUYOSHLI BOLALAR SO'GLOMLASHTIRISH OROMGOHI»,generic,https://api.oromgohlar.uz/api/v1/finance/payme/
68009a228d2fe4b0d3c128e2,UGAM BOLALAR SOG‘LOMLASHTIRISH OROMGOHI,ГУП «UGAM BOLALAR SOG‘LOMLASHTIRISH OROMGOHI»,generic,https://api.oromgohlar.uz/api/v1/finance/payme/
68009a738d2fe4b0d3c128f3,"MUASSASA SHAKLIDAGI ""ANOR"" BOLALAR SOG`LOMLASHTIRISH OROGOHI","ННО «MUASSASA SHAKLIDAGI ""ANOR"" BOLALAR SOG`LOMLASHTIRISH OROGOHI»",generic,https://api.oromgohlar.uz/api/v1/finance/payme/
68009ac18d2fe4b0d3c12901,CHOTQOL BOLALAR SOG‘LOMLASHTIRISH OROMGOHI,ННО «CHOTQOL BOLALAR SOG‘LOMLASHTIRISH OROMGOHI»,generic,https://api.oromgohlar.uz/api/v1/finance/payme/
68009b628d2fe4b0d3c1291e,AFSONA BOLALAR SOG‘LOMLASHTIRISH OROMGOHI,ННО «AFSONA BOLALAR SOG‘LOMLASHTIRISH OROMGOHI»,generic,https://api.oromgohlar.uz/api/v1/finance/payme/
68009c968d2fe4b0d3c12979,Oromgoh," «""NIHOL"" BSOM»",generic,https://api.oromgohlar.uz/api/v1/finance/payme/
68009cef8d2fe4b0d3c1298e,QO‘QON BOLALAR SOG‘LOMLASHTIRISH OROMGOHI,ННО «QO‘QON BOLALAR SOG‘LOMLASHTIRISH OROMGOHI»,generic,https://api.oromgohlar.uz/api/v1/finance/payme/
68009d418d2fe4b0d3c129c0,VODIY GAVHARI BOLALAR SOG‘LOMLASHTIRISH OROMGOHI,ННО «VODIY GAVHARI BOLALAR SOG‘LOMLASHTIRISH OROMGOHI»,generic,https://api.oromgohlar.uz/api/v1/finance/payme/
68009ddf8d2fe4b0d3c129d8,SO‘X BOLALAR SOG‘LOMLASHTIRISH OROMGOHI,ННО «SO‘X BOLALAR SOG‘LOMLASHTIRISH OROMGOHI»,generic,https://api.oromgohlar.uz/api/v1/finance/payme/
68009e1c8d2fe4b0d3c129df,OLTIARIQ BOLALAR SOG‘LOMLASHTIRISH OROMGOHI,ННО «OLTIARIQ BOLALAR SOG‘LOMLASHTIRISH OROMGOHI»,generic,https://api.oromgohlar.uz/api/v1/finance/payme/
68009e618d2fe4b0d3c129ec,SHO‘XAY BOLALAR SOG‘LOMLASHTIRISH OROMGOHI,ГУП «SHO‘XAY BOLALAR SOG‘LOMLASHTIRISH OROMGOHI»,generic,https://api.oromgohlar.uz/api/v1/finance/payme/
68009ea88d2fe4b0d3c12a0d,TOVUL BOLALAR SOG‘LOMLASHTIRISH OROMGOHI,ННО «TOVUL BOLALAR SOG‘LOMLASHTIRISH OROMGOHI»,generic,https://api.oromgohlar.uz/api/v1/finance/payme/
68009ee68d2fe4b0d3c12a1b,QUVASOY BOLALAR SOG‘LOMLASHTIRISH OROMGOHI,ГУП «QUVASOY BOLALAR SOG‘LOMLASHTIRISH OROMGOHI»,generic,https://api.oromgohlar.uz/api/v1/finance/payme/
68009f318d2fe4b0d3c12a30,RISHTON BOLALAR SOG‘LOMLASHTIRISH OROMGOHI,ННО «RISHTON BOLALAR SOG‘LOMLASHTIRISH OROMGOHI»,generic,https://api.oromgohlar.uz/api/v1/finance/payme/
6800a42e8d2fe4b0d3c12b10,JAYXUN QUYOSHI BOLALAR SOG‘LOMLASHTIRISH OROMGOHI,ННО «JAYXUN QUYOSHI BOLALAR SOG‘LOMLASHTIRISH OROMGOHI»,generic,https://api.oromgohlar.uz/api/v1/finance/payme/
6800a46a8d2fe4b0d3c12b20,XIVA GULSHANI BOLALAR SOG‘LOMLASHTIRISH OROMGOHI,ГУП «XIVA GULSHANI BOLALAR SOG‘LOMLASHTIRISH OROMGOHI»,generic,https://api.oromgohlar.uz/api/v1/finance/payme/
6800a4a08d2fe4b0d3c12b29,AL-XORAZMIY BOLALAR SOG‘LOMLASHTIRISH OROMGOHI,ГУП «AL-XORAZMIY BOLALAR SOG‘LOMLASHTIRISH OROMGOHI»,generic,https://api.oromgohlar.uz/api/v1/finance/payme/
6800a4ee8d2fe4b0d3c12b3a,URGANCH BOLALAR SOG‘LOMLASHTIRISH OROMGOHI,ГУП «URGANCH BOLALAR SOG‘LOMLASHTIRISH OROMGOHI»,generic,https://api.oromgohlar.uz/api/v1/finance/payme/
6800a5538d2fe4b0d3c12b48,AMUDARYO BOLALAR SOG‘LOMLASHTIRISH OROMGOHI,ННО «AMUDARYO BOLALAR SOG‘LOMLASHTIRISH OROMGOHI»,generic,https://api.oromgohlar.uz/api/v1/finance/payme/
6800a5928d2fe4b0d3c12b59,Oromgoh.uz, «JANUB GAVHARI BOLALAR SOG‘LOMLASHTIRISH OROMGOHI»,generic,https://api.oromgohlar.uz/api/v1/finance/payme/
6800a5fb8d2fe4b0d3c12b63,MUASSASA SHAKLIDAGI BESHBULOQ BOLALAR SOG'LOMLASHTIRISH OROMGOHI,ННО «MUASSASA SHAKLIDAGI BESHBULOQ BOLALAR SOG'LOMLASHTIRISH OROMGOHI»,generic,https://api.oromgohlar.uz/api/v1/finance/payme/
6800a62d8d2fe4b0d3c12b69,MUASSASA SHAKLIDAGI XONJIZA BOLALAR SOG`LOMLASHTIRISH OROMGOHI,ГУП «MUASSASA SHAKLIDAGI XONJIZA BOLALAR SOG`LOMLASHTIRISH OROMGOHI»,generic,https://api.oromgohlar.uz/api/v1/finance/payme/
6800a6e18d2fe4b0d3c12b7a,ZOMIN BOLALAR SOG‘LOMLASHTIRISH OROMGOHI,ННО «ZOMIN BOLALAR SOG‘LOMLASHTIRISH OROMGOHI»,generic,https://api.oromgohlar.uz/api/v1/finance/payme/
6800a75b8d2fe4b0d3c12b7e,CHORCHINOR BOLALAR SOG‘LOMLASHTIRISH OROMGOHI,ННО «CHORCHINOR BOLALAR SOG‘LOMLASHTIRISH OROMGOHI»,generic,https://api.oromgohlar.uz/api/v1/finance/payme/
6800a7918d2fe4b0d3c12b83,ILM ZIYOSI BOLALAR SOG‘LOMLASHTIRISH OROMGOHI,ННО «ILM ZIYOSI BOLALAR SOG‘LOMLASHTIRISH OROMGOHI»,generic,https://api.oromgohlar.uz/api/v1/finance/payme/
6800a7cd8d2fe4b0d3c12b8c,BAHORA BOLALAR SOG‘LOMLASHTIRISH OROMGOHI,ННО «BAHORA BOLALAR SOG‘LOMLASHTIRISH OROMGOHI»,generic,https://api.oromgohlar.uz/api/v1/finance/payme/
6800a80c8d2fe4b0d3c12b93,ALPOMISH BOLALAR SOG‘LOMLASHTIRISH OROMGOHI,ННО «ALPOMISH BOLALAR SOG‘LOMLASHTIRISH OROMGOHI»,generic,https://api.oromgohlar.uz/api/v1/finance/payme/
6800a8448d2fe4b0d3c12b9f,QUVNOQ BOLALAR SOG‘LOMLASHTIRISH OROMGOHI,ННО «QUVNOQ BOLALAR SOG‘LOMLASHTIRISH OROMGOHI»,generic,https://api.oromgohlar.uz/api/v1/finance/payme/
6800a87e8d2fe4b0d3c12bab,SHABNAM BOLALAR SOG‘LOMLASHTIRISH OROMGOHI,ННО «SHABNAM BOLALAR SOG‘LOMLASHTIRISH OROMGOHI»,generic,https://api.oromgohlar.uz/api/v1/finance/payme/
6800a9098d2fe4b0d3c12bca,YOSH ASTRONOM BOLALAR SOG‘LOMLASHTIRISH OROMGOHI,ННО «YOSH ASTRONOM BOLALAR SOG‘LOMLASHTIRISH OROMGOHI»,generic,https://api.oromgohlar.uz/api/v1/finance/payme/
6800a94d8d2fe4b0d3c12bd5,SAMARQAND BOLALAR SOG‘LOMLASHTIRISH OROMGOHI,ННО «SAMARQAND BOLALAR SOG‘LOMLASHTIRISH OROMGOHI»,generic,https://api.oromgohlar.uz/api/v1/finance/payme/
6800aa328d2fe4b0d3c12c00,Oromgoh.uz ,ННО «NORIN BOLALAR SOG‘LOMLASHTIRISH OROMGOHI»,generic,https://api.oromgohlar.uz/api/v1/finance/payme/
6800aa6a8d2fe4b0d3c12c09,Oromgoh.uz,ННО «NANAY BOLALAR SOG‘LOMLASHTIRISH OROMGOHI»,generic,https://api.oromgohlar.uz/api/v1/finance/payme/
6800aa9b8d2fe4b0d3c12c12,ZARKENT BOLALAR SOG‘LOMLASHTIRISH OROMGOHI, «ZARKENT BOLALAR SOG‘LOMLASHTIRISH OROMGOHI»,generic,https://api.oromgohlar.uz/api/v1/finance/payme/
6800aae68d2fe4b0d3c12c21,BOLALAR SOG‘LOMLASHTIRISH OROMGOHI,ННО «BOLALAR SOG‘LOMLASHTIRISH OROMGOHI»,generic,https://api.oromgohlar.uz/api/v1/finance/payme/
6800ab1b8d2fe4b0d3c12c28,SOHIL BOLALAR SOG‘LOMLASHTIRISH OROMGOHI, «SOHIL BOLALAR SOG‘LOMLASHTIRISH OROMGOHI»,generic,https://api.oromgohlar.uz/api/v1/finance/payme/
6800ab508d2fe4b0d3c12c31,OBI-HAYOT BOLALAR SOG‘LOMLASHTIRISH OROMGOHI,ННО «OBI-HAYOT BOLALAR SOG‘LOMLASHTIRISH OROMGOHI»,generic,https://api.oromgohlar.uz/api/v1/finance/payme/
6800ab998d2fe4b0d3c12c46,MEHRJON BOLALAR SOG‘LOMLASHTIRISH OROMGOHI,ННО «MEHRJON BOLALAR SOG‘LOMLASHTIRISH OROMGOHI»,generic,https://api.oromgohlar.uz/api/v1/finance/payme/
6800ac008d2fe4b0d3c12c5c,ISHONCH BOLALAR SOG‘LOMLASHTIRISH OROMGOHI,ННО «ISHONCH BOLALAR SOG‘LOMLASHTIRISH OROMGOHI»,generic,https://api.oromgohlar.uz/api/v1/finance/payme/
6800ac3a8d2fe4b0d3c12c67,TABASSUM BOLALAR SOG‘LOMLASHTIRISH OROMGOHI,ГУП «TABASSUM BOLALAR SOG‘LOMLASHTIRISH OROMGOHI»,generic,https://api.oromgohlar.uz/api/v1/finance/payme/
6800ac728d2fe4b0d3c12c6f,QIZILTEPA BOLALAR SOG‘LOMLASHTIRISH OROMGOHI,ГУП «QIZILTEPA BOLALAR SOG‘LOMLASHTIRISH OROMGOHI»,generic,https://api.oromgohlar.uz/api/v1/finance/payme/
6800acb68d2fe4b0d3c12c7a,SIRLI KOINOT BOLALAR SOG‘LOMLASHTIRISH OROMGOHI,ННО «SIRLI KOINOT BOLALAR SOG‘LOMLASHTIRISH OROMGOHI»,generic,https://api.oromgohlar.uz/api/v1/finance/payme/
6800acef8d2fe4b0d3c12c82,ZIYO CHASHMALARI BOLALAR SOG‘LOMLASHTIRISH OROMGOHI,ННО «ZIYO CHASHMALARI BOLALAR SOG‘LOMLASHTIRISH OROMGOHI»,generic,https://api.oromgohlar.uz/api/v1/finance/payme/
6800ad278d2fe4b0d3c12c8d,ISTIQLOL G‘UNCHALARI BOLALAR SOG‘LOMLASHTIRISH OROMGOHI,ГУП «ISTIQLOL G‘UNCHALARI BOLALAR SOG‘LOMLASHTIRISH OROMGOHI»,generic,https://api.oromgohlar.uz/api/v1/finance/payme/
6800ad568d2fe4b0d3c12c94,YOSH ALANGACHI BOLALAR SOG‘LOMLASHTIRISH OROMGOHI,ГУП «YOSH ALANGACHI BOLALAR SOG‘LOMLASHTIRISH OROMGOHI»,generic,https://api.oromgohlar.uz/api/v1/finance/payme/
6800ad848d2fe4b0d3c12c9b,BERUNIY,ННО «BERUNIY BOLALAR SOG‘LOMLASHTIRISH OROMGOHI»,generic,https://api.oromgohlar.uz/api/v1/finance/payme/
6800adb28d2fe4b0d3c12ca1,TEMUR AVLODLARI BOLALAR SOG‘LOMLASHTIRISH OROMGOHI,ННО «TEMUR AVLODLARI BOLALAR SOG‘LOMLASHTIRISH OROMGOHI»,generic,https://api.oromgohlar.uz/api/v1/finance/payme/
6800ade98d2fe4b0d3c12ca8,LOCHIN BOLALAR SOG‘LOMLASHTIRISH OROMGOHI,ННО «LOCHIN BOLALAR SOG‘LOMLASHTIRISH OROMGOHI»,generic,https://api.oromgohlar.uz/api/v1/finance/payme/
6800ae228d2fe4b0d3c12cb6,SHO‘RTAN QALDIRG‘OCHI BOLALAR SOG‘LOMLASHTIRISH,ННО «SHO‘RTAN QALDIRG‘OCHI BOLALAR SOG‘LOMLASHTIRISH»,generic,https://api.oromgohlar.uz/api/v1/finance/payme/
6800ae5e8d2fe4b0d3c12cbf,SAYOHATCHI BOLALAR SOG‘LOMLASHTIRISH OROMGOHI,ГУП «SAYOHATCHI BOLALAR SOG‘LOMLASHTIRISH OROMGOHI»,generic,https://api.oromgohlar.uz/api/v1/finance/payme/
6800ae978d2fe4b0d3c12ccb,CHAVANDOZ BOLALAR SOG‘LOMLASHTIRISH OROMGOHI,ГУП «CHAVANDOZ BOLALAR SOG‘LOMLASHTIRISH OROMGOHI»,generic,https://api.oromgohlar.uz/api/v1/finance/payme/
6800aec58d2fe4b0d3c12cd6,ALMUDAA,ООО «MCHJ ALMUDAA»,generic,https://api.exode.biz/api/v2/payment/rpc/acquiring/c01f71a1-3a54-4f6c-82ea-ad50a93129f7zz
6800aecb8d2fe4b0d3c12cd9,ZEBINISO BOLALAR SOG‘LOMLASHTIRISH OROMGOHI,ГУП «ZEBINISO BOLALAR SOG‘LOMLASHTIRISH OROMGOHI»,generic,https://api.oromgohlar.uz/api/v1/finance/payme/
6800c5118d2fe4b0d3c12f48,Giotto,"ООО «""ITALIAN FOOD CHAIN"" MCHJ»",generic,https://giottofergana.zoomda.uz:4001/payme/
6800c5b78d2fe4b0d3c12f65,Oromgoh.uz,ГУП «YULDUZCHA BOLALAR SOG‘LOMLASHTIRISH OROMGOHI»,generic,https://api.oromgohlar.uz/api/v1/finance/payme/
6800c6138d2fe4b0d3c12f6e,SHAROF RASHIDOV NOMLI  BOLALAR SOG`LOMLASHTIRISH OROMGOHI,ГУП «SHAROF RASHIDOV NOMLI  BOLALAR SOG`LOMLASHTIRISH OROMGOHI»,generic,https://api.oromgohlar.uz/api/v1/finance/payme/
6800c6628d2fe4b0d3c12f7d,Oromgoh.uz,ГУП «ROMITAN BOLALAR SOG‘LOMLASHTIRISH OROMGOHI»,generic,https://api.oromgohlar.uz/api/v1/finance/payme/
6800c6b38d2fe4b0d3c12f8c,Oromgoh.uz,ГУП «PESHKU BOLALAR SOG‘LOMLASHTIRISH OROMGOHI»,generic,https://api.oromgohlar.uz/api/v1/finance/payme/
6800c70d8d2fe4b0d3c12f98,Oromgoh.uz ,ГУП «QUYOSH NURI BOLALAR SOG‘LOMLASHTIRISH OROMGOHI»,generic,https://api.oromgohlar.uz/api/v1/finance/payme/
6800ca318d2fe4b0d3c1302c,Oromgoh.uz,НОУ «BOLALAR SAYYORASI BOLALAR SOG‘LOMLASHTIRISH OROMGOHI»,generic,https://api.oromgohlar.uz/api/v1/finance/payme/
6800cc788d2fe4b0d3c13083,Oromgoh.uz,ГУП «BOG‘ISHAMOL BOLALAR SOG‘LOMLASHTIRISH OROMGOHI»,generic,https://api.oromgohlar.uz/api/v1/finance/payme/
6800ccbb8d2fe4b0d3c1308d,Oromgoh.uz,ГУП «SHIFOKOR BOLALAR SOG‘LOMLASHTIRISH OROMGOHI»,generic,https://api.oromgohlar.uz/api/v1/finance/payme/
6800ccf98d2fe4b0d3c13095,Oromgoh.uz,ННО «QUYOSHCHA BOLALAR SOG‘LOMLASHTIRISH OROMGOH»,generic,https://api.oromgohlar.uz/api/v1/finance/payme/
6800cd248d2fe4b0d3c1309c,Oromgoh.uz,ГУП «OQBULOQ BOLALAR SOG‘LOMLASHTIRISH OROMGOHI»,generic,https://api.oromgohlar.uz/api/v1/finance/payme/
6800cd5f8d2fe4b0d3c130ad,ULUG‘NOR BOLALAR SOG‘LOMLASHTIRISH OROMGOHI,ГУП «ULUG‘NOR BOLALAR SOG‘LOMLASHTIRISH OROMGOHI»,generic,https://api.oromgohlar.uz/api/v1/finance/payme/
6800cda18d2fe4b0d3c130b7,Oromgoh.uz,ННО «OLTINKO‘L BOLALAR SOG‘LOMLASHTIRISH OROMGOHI»,generic,https://api.oromgohlar.uz/api/v1/finance/payme/
6800cddc8d2fe4b0d3c130c0,Oromgoh.uz,НОУ «ASAKA BOLALAR SOG‘LOMLASHTIRISH OROMGOHI»,generic,https://api.oromgohlar.uz/api/v1/finance/payme/
6800ce918d2fe4b0d3c130d7,Oromgoh.uz,ГУП «OQ KABUTAR BOLALAR SOG‘LOMLASHTIRISH OROMGOHI»,generic,https://api.oromgohlar.uz/api/v1/finance/payme/
6800cf538d2fe4b0d3c1310b,Oromgoh.uz, «TURON BOLALAR SOG‘LOMLASHTIRISH OROMGOHI»,generic,https://api.oromgohlar.uz/api/v1/finance/payme/
6800cfa58d2fe4b0d3c13117,OROL BOLALARI BOLALAR SOG‘LOMLASHTIRISH OROMGOHI,ГУП «OROL BOLALARI BOLALAR SOG‘LOMLASHTIRISH OROMGOHI»,generic,https://api.oromgohlar.uz/api/v1/finance/payme/
6800d0378d2fe4b0d3c13128,MUASSASA SHAKLIDAGI AYDIN JOL BOLALAR SOG‘LOMLASHTIRISH OROMGOHI,ННО «MUASSASA SHAKLIDAGI AYDIN JOL BOLALAR SOG‘LOMLASHTIRISH OROMGOHI»,generic,https://api.oromgohlar.uz/api/v1/finance/payme/
6800d07c8d2fe4b0d3c13135,OQ KEMA БОЛОЛАР СОГЛАМЛАШТИРИШ ОРАМГОХИ,ГУП «OQ KEMA БОЛОЛАР СОГЛАМЛАШТИРИШ ОРАМГОХИ»,generic,https://api.oromgohlar.uz/api/v1/finance/payme/
6800ef46ca95ffea66684f97,MILLIY STANDART EXPERT ООО,"ООО «""MILLIY STANDART EXPERT"" MCHJ»",generic,https://baholash.triger.uz/payment/payme
6800fa3a8d2fe4b0d3c13766,milanka,ЧП «KOVALEVA NATALYA»,arca,https://api-qr.uzcard.uz
68010d784efe5bb340ae7765,Bilimli bot,ЧП «ESHQUVVATOV JAHONGIR»,generic,https://paying.456.uz/payme/bilimli.php
68016cc1a5e04614247f7174,ACED,ЧП «ISAQULOVA SHAHZODA»,generic,https://api.aced.live/api/payments
6801e7b88d2fe4b0d3c1428c,Muzafarov Sherzod Qobil o’g'li,ЧП «MUZAFAROV SHERZOD»,generic,https://tiamo.magicstore.uz/handle/payme/77ee9f63-a3ee-48e3-8e1d-262baa0410a7
6801ee4b8d2fe4b0d3c143b7,Zumrad shop,"ООО «""ASA SHOP"" MCHJ»",generic,http://co33560-wordpress-02jsg.tw1.ru/?wc-api=wc_payme
6801f5048d2fe4b0d3c144f9,BILIMZOR,"ООО «""BILIMZOR"" MCHJ»",generic,https://api.exode.biz/api/v2/payment/rpc/acquiring/e8c0288b-7664-49bc-bb33-67de1f79ccd0
6801f9248d2fe4b0d3c145aa,SHARIPOV ABUBAKR XAYRILLOYEVICH,ЧП «SHARIPOV ABUBAKR»,generic,https://nomer1pulbot.go2pay.uz/api/billing/payme
6801f93e8d2fe4b0d3c145ad,SHARIPOV ABUBAKR XAYRILLOYEVICH,ЧП «SHARIPOV ABUBAKR»,generic,https://sifat.go2pay.uz/api/billing/payme
6801f9a78d2fe4b0d3c145c0,DJUMAYEV BOBIR BOTIROVICH,ЧП «DJUMAYEV BOBIR»,generic,https://barakago.go2pay.uz/api/billing/payme
68022d894efe5bb340ae8949,BBQ BURGER,"ООО «ООО ""BARBEQUE BURGER""»",generic,https://bbq.zoomda.uz:4001/payme/
68023e748d2fe4b0d3c14e7d,DIPCHOCO,"ООО «""DIPCHOCO"" MCHJ»",generic,https://payment.api.delever.uz/payme
68056d5c8d2fe4b0d3c1749c, 33 Salkovskiy,"ООО «""KOURI"" MCHJ»",arca,https://api-qr.uzcard.uz
6805f2118d2fe4b0d3c17e28,AVOCADO BISTRO,"ООО «""AVOCADO BISTRO"" MCHJ»",generic,https://panel.safiabakery.uz/payment/paycom?id=257
6805f4488d2fe4b0d3c17ea7,XUDOYBERDIYEV LOCHINBEK ABDIKODIROVICH,ЧП «XUDOYBERDIYEV LOCHINBEK»,generic,https://paytechuz-core.uz/api/payments/payme/webhook/
68060108ca95ffea66689962,Парк Ашхобад,"ООО «""GET TICKETS"" MCHJ»",generic,https://park.gtickets.uz/api/payme/32123
680603958d2fe4b0d3c1808a,YANGIYOL LOOK,"ООО «""YANGIYOL LOOK"" MCHJ»",generic,https://payment.api.delever.uz/payme
680606518d2fe4b0d3c180e1,Bosphorus,"ООО «""BOSPHORUS FOOD"" MCHJ»",generic,https://payment.api.delever.uz/payme
68060c8b8d2fe4b0d3c181c1,BOG`BON XALQARO BIZNESNI RIVOJLANTIRISH ООО,"ООО «""BOG'BON XALQARO BIZNESNI RIVOJLANTIRISH"" MCHJ»",generic,https://kodx-web-831530467586-831530467586.europe-central2.run.app/webhook/payme
6806104dca95ffea66689b5d,SUVANOVA DILNOZA DILMUROD QIZI,ЧП «SUVANOVA DILNOZA»,generic,https://neuroacademy.uz/payment/update/
68062d338d2fe4b0d3c187f0,A5,ООО «ANVAR FARMSERVIS»,generic,https://api.a5apteka.uz/gate/payme
680645858d2fe4b0d3c18b5c,Uma brand,ООО «INMODA»,generic,https://uma-brand.uz/?wc-api=wc_payme
680645b18d2fe4b0d3c18b67,inMODA,ООО «INMODA»,generic,https://inmoda.uz/payme/webhook/paycom
6806486f8d2fe4b0d3c18ba0,STAR LAND 21,"ООО «""STAR LAND 21"" MCHJ»",generic,https://payment.api.delever.uz/payme
68069fa6c54a74b9dd9f50c4,MILLAT UMIDI UNIVERSITY,"ООО «""MILLAT UMIDI UNIVERSITY"" MCHJ»",generic,https://api-v2.edu-action.uk/mu/v1/payme/transaction
68073c038d2fe4b0d3c1986d,SHOHIDA IBRAGIMOVA,"ООО «""SHOHIDA IBRAGIMOVA"" MCHJ»",generic,https://med-lab.uz/moliyatolovbot/payme/
68075ac48d2fe4b0d3c19c4a,Камалак ДОЛ,ННО «KAMALAK JILOSI BOLALAR SOG‘LOMLASHTIRISH OROMGOHI»,generic,https://api.oromgohlar.uz/api/v1/finance/payme/
6807658a8d2fe4b0d3c19dec,AL SAHIY,"ООО «""AL SAHIY HAMKOR"" MCHJ»",generic,https://alsahiy.uz/?wc-api=wc_payme
680773208d2fe4b0d3c1a058, Кошчинор БСО,ННО «QO‘SHCHINOR BOLALAR SOG‘LOMLASHTIRISH OROMGOHI»,generic,https://api.oromgohlar.uz/api/v1/finance/payme/
680775ba8d2fe4b0d3c1a0ca,ZAR mebel ,"ООО «""ZAR-WOOD-GROUP"" MCHJ»",generic,https://merchant.zarmebel.uz/api/paycom/default
68077a22ca95ffea6668b9aa,biletbor.me,ООО «AMMY TRAVEL»,generic,https://core.biletbor.me/api/b2b/callback/payment-systems/payme
6807809e8d2fe4b0d3c1a2ac,"""KOURI"" ","ООО «""KOURI"" MCHJ»",arca,https://api-qr.uzcard.uz
680780d68d2fe4b0d3c1a2b5,"""KOURI"" ","ООО «""KOURI"" MCHJ»",arca,https://api-qr.uzcard.uz
680781028d2fe4b0d3c1a2bc,"""KOURI"" ","ООО «""KOURI"" MCHJ»",arca,https://api-qr.uzcard.uz
680781308d2fe4b0d3c1a2c3,"""KOURI"" ","ООО «""KOURI"" MCHJ»",arca,https://api-qr.uzcard.uz
680781688d2fe4b0d3c1a2cc,"""KOURI"" ","ООО «""KOURI"" MCHJ»",arca,https://api-qr.uzcard.uz
680781958d2fe4b0d3c1a2d2,"""KOURI"" ","ООО «""KOURI"" MCHJ»",arca,https://api-qr.uzcard.uz
680781e38d2fe4b0d3c1a2da,"""KOURI"" ","ООО «""KOURI"" MCHJ»",arca,https://api-qr.uzcard.uz
680783908d2fe4b0d3c1a317,"""KOURI"" ","ООО «""KOURI"" MCHJ»",arca,https://api-qr.uzcard.uz
680785518d2fe4b0d3c1a355,"""KOURI"" ","ООО «""KOURI"" MCHJ»",arca,https://api-qr.uzcard.uz
680785738d2fe4b0d3c1a35b,"""KOURI"" ","ООО «""KOURI"" MCHJ»",arca,https://api-qr.uzcard.uz
6807859f8d2fe4b0d3c1a365,"""KOURI"" ","ООО «""KOURI"" MCHJ»",arca,https://api-qr.uzcard.uz
680785c88d2fe4b0d3c1a372,"""KOURI"" ","ООО «""KOURI"" MCHJ»",arca,https://api-qr.uzcard.uz
680785ed8d2fe4b0d3c1a378,"""KOURI"" ","ООО «""KOURI"" MCHJ»",arca,https://api-qr.uzcard.uz
680786118d2fe4b0d3c1a383,"""KOURI"" ","ООО «""KOURI"" MCHJ»",arca,https://api-qr.uzcard.uz
6807867a8d2fe4b0d3c1a393,"""KOURI"" ","ООО «""KOURI"" MCHJ»",arca,https://api-qr.uzcard.uz
680788208d2fe4b0d3c1a3ae,"""KOURI"" ","ООО «""KOURI"" MCHJ»",arca,https://api-qr.uzcard.uz
6807884f8d2fe4b0d3c1a3bb,"""KOURI"" ","ООО «""KOURI"" MCHJ»",arca,https://api-qr.uzcard.uz
680788778d2fe4b0d3c1a3bf,"""KOURI"" ","ООО «""KOURI"" MCHJ»",arca,https://api-qr.uzcard.uz
68078cdd8d2fe4b0d3c1a47a,BIOTACT,"ООО «ООО ""BIOTACT""»",arca,https://api-qr.uzcard.uz
6807e8a4ca95ffea6668c25c,VERTERA,"ИП ООО «""VERTERA TOSHKENT"" MCHJ XK СHEIIK»",generic,https://vertera.org/payme/callback
68087e538d2fe4b0d3c1b133,ИП Хамидова,ЧП «XAMIDOVA AZIZA»,generic,https://b.ivend.uz/payme/api/v1/lDNTrt82J4lWdh0GBuyJ/rpc
680889438d2fe4b0d3c1b27d,Сирдарё БСО,ННО «SIRDARYO BOLALAR SOG'LOMLASHTIRISH OROMGOHI»,generic,https://api.oromgohlar.uz/api/v1/finance/payme/
6808985d8d2fe4b0d3c1b482,Билимдон БСО,"ННО «""BILIMDON""  BOLALAR SOG‘LOMLASHTIRISH OROMGOHI»",generic,https://api.oromgohlar.uz/api/v1/finance/payme/
6808b3e88d2fe4b0d3c1b7fe,TAMAKI DISTRIBUTION,"ООО «""TAMAKI DISTRIBUTION"" MCHJ»",arca,https://api-qr.uzcard.uz
6808b44f8d2fe4b0d3c1b814,TAMAKI DISTRIBUTION,"ООО «""TAMAKI DISTRIBUTION"" MCHJ»",arca,https://api-qr.uzcard.uz
6808b48a8d2fe4b0d3c1b81d,TAMAKI DISTRIBUTION,"ООО «""TAMAKI DISTRIBUTION"" MCHJ»",arca,https://api-qr.uzcard.uz
6808b4c68d2fe4b0d3c1b829,TAMAKI DISTRIBUTION,"ООО «""TAMAKI DISTRIBUTION"" MCHJ»",arca,https://api-qr.uzcard.uz
6808b5008d2fe4b0d3c1b82c,TAMAKI DISTRIBUTION,"ООО «""TAMAKI DISTRIBUTION"" MCHJ»",arca,https://api-qr.uzcard.uz
6808b5398d2fe4b0d3c1b832,TAMAKI DISTRIBUTION,"ООО «""TAMAKI DISTRIBUTION"" MCHJ»",arca,https://api-qr.uzcard.uz
6808b56f8d2fe4b0d3c1b83a,TAMAKI DISTRIBUTION,"ООО «""TAMAKI DISTRIBUTION"" MCHJ»",arca,https://api-qr.uzcard.uz
6808b5aa8d2fe4b0d3c1b845,TAMAKI DISTRIBUTION,"ООО «""TAMAKI DISTRIBUTION"" MCHJ»",arca,https://api-qr.uzcard.uz
6808b6098d2fe4b0d3c1b853,TAMAKI DISTRIBUTION,"ООО «""TAMAKI DISTRIBUTION"" MCHJ»",arca,https://api-qr.uzcard.uz
6808b6478d2fe4b0d3c1b85a,TAMAKI DISTRIBUTION,"ООО «""TAMAKI DISTRIBUTION"" MCHJ»",arca,https://api-qr.uzcard.uz
6808b6a78d2fe4b0d3c1b86b,TAMAKI DISTRIBUTION,"ООО «""TAMAKI DISTRIBUTION"" MCHJ»",arca,https://api-qr.uzcard.uz
6808b6e48d2fe4b0d3c1b878,TAMAKI DISTRIBUTION,"ООО «""TAMAKI DISTRIBUTION"" MCHJ»",arca,https://api-qr.uzcard.uz
6808b7228d2fe4b0d3c1b880,TAMAKI DISTRIBUTION,"ООО «""TAMAKI DISTRIBUTION"" MCHJ»",arca,https://api-qr.uzcard.uz
6808b7578d2fe4b0d3c1b888,TAMAKI DISTRIBUTION,"ООО «""TAMAKI DISTRIBUTION"" MCHJ»",arca,https://api-qr.uzcard.uz
6808b7898d2fe4b0d3c1b891,TAMAKI DISTRIBUTION,"ООО «""TAMAKI DISTRIBUTION"" MCHJ»",arca,https://api-qr.uzcard.uz
6808b7c58d2fe4b0d3c1b896,TAMAKI DISTRIBUTION,"ООО «""TAMAKI DISTRIBUTION"" MCHJ»",arca,https://api-qr.uzcard.uz
6808b8288d2fe4b0d3c1b8b8,Medion Clinic 24/7,"ООО «""MEDION LABZAK"" MCHJ»",generic,https://his.medion.uz/apipayme/payme/
6808d00d3fc0407a2e48ccb0,Умид нихоллари БСО,ННО «UMID NIHOLLARI BOLALAR SOG‘LOMLASHTIRISH OROMGOHI»,generic,https://api.oromgohlar.uz/api/v1/finance/payme/
6808d07f3fc0407a2e48ccbb,Хумо БСО,ННО «HUMO BOLALAR SOG‘LOMLASHTIRISH OROMGOHI»,generic,https://api.oromgohlar.uz/api/v1/finance/payme/
6809cba03fc0407a2e48d90c,03 Qo'yliq (Vodiy pitak),"ООО «""IMPERIAL TOBACCO"" MCHJ»",arca,https://api-qr.uzcard.uz
6809cc183fc0407a2e48d91f,06 Beruniy,"ООО «""IMPERIAL TOBACCO"" MCHJ»",arca,https://api-qr.uzcard.uz
6809cc683fc0407a2e48d930,11 Chorsu 3,"ООО «""IMPERIAL TOBACCO"" MCHJ»",arca,https://api-qr.uzcard.uz
6809cd013fc0407a2e48d947,15 Qorasu-6,"ООО «""IMPERIAL TOBACCO"" MCHJ»",arca,https://api-qr.uzcard.uz
6809cd873fc0407a2e48d95b,21 Farhod dehqon bozori,"ООО «""IMPERIAL TOBACCO"" MCHJ»",arca,https://api-qr.uzcard.uz
6809cf193fc0407a2e48d98e,Chirchiq (kanechka),"ООО «""IMPERIAL TOBACCO"" MCHJ»",arca,https://api-qr.uzcard.uz
6809cf703fc0407a2e48d99f,Duboviy,"ООО «""IMPERIAL TOBACCO"" MCHJ»",arca,https://api-qr.uzcard.uz
6809cfc83fc0407a2e48d9af,Chirchiq (Vosmoy bozori),"ООО «""IMPERIAL TOBACCO"" MCHJ»",arca,https://api-qr.uzcard.uz
6809d0113fc0407a2e48d9c2,Sorok let,"ООО «""IMPERIAL TOBACCO"" MCHJ»",arca,https://api-qr.uzcard.uz
6809d0593fc0407a2e48d9d2,Xo'jakent,"ООО «""IMPERIAL TOBACCO"" MCHJ»",arca,https://api-qr.uzcard.uz
6809d0b93fc0407a2e48d9e2,SDB,"ООО «""IMPERIAL TOBACCO"" MCHJ»",arca,https://api-qr.uzcard.uz
6809d11a3fc0407a2e48d9f0,Diadora,"ООО «""IMPERIAL TOBACCO"" MCHJ»",arca,https://api-qr.uzcard.uz
6809d1553fc0407a2e48d9ff,Qumariq,"ООО «""IMPERIAL TOBACCO"" MCHJ»",arca,https://api-qr.uzcard.uz
6809d1a53fc0407a2e48da0f,Broadway,"ООО «""IMPERIAL TOBACCO"" MCHJ»",arca,https://api-qr.uzcard.uz
6809d2013fc0407a2e48da28,YangiHayot,"ООО «""IMPERIAL TOBACCO"" MCHJ»",arca,https://api-qr.uzcard.uz
6809d21d3fc0407a2e48da31,Yandex ,ЧП «KAMBAROV SALOXIDDIN»,generic,https://hamrohtaxi.go2pay.uz/api/billing/payme
6809d26a3fc0407a2e48da3f,Yandex ,ЧП «KAMBAROVA MAXBUBA»,generic,https://dodacorp.go2pay.uz/api/billing/payme
6809d2b03fc0407a2e48da48, ANVAROV ABBOS,ЧП «ANVAROV ABBOS»,generic,https://megaaktivpluse.go2pay.uz/api/billing/payme
6809d3563fc0407a2e48da61,Tansiqboyev,"ООО «""IMPERIAL TOBACCO"" MCHJ»",arca,https://api-qr.uzcard.uz
6809d3a73fc0407a2e48da72,Qo'yliq 5,"ООО «""IMPERIAL TOBACCO"" MCHJ»",arca,https://api-qr.uzcard.uz
6809d4013fc0407a2e48da82,Qutbiniso,"ООО «""IMPERIAL TOBACCO"" MCHJ»",arca,https://api-qr.uzcard.uz
6809d4463fc0407a2e48da8e,Tolariq,"ООО «""IMPERIAL TOBACCO"" MCHJ»",arca,https://api-qr.uzcard.uz
6809d4a03fc0407a2e48da9c,Nazarbek 2,"ООО «""IMPERIAL TOBACCO"" MCHJ»",arca,https://api-qr.uzcard.uz
6809d4a93fc0407a2e48da9f,Бухоро БСО,ННО «BUXORO OROMGOHI»,generic,https://api.oromgohlar.uz/api/v1/finance/payme/
6809d4dc3fc0407a2e48daaa,Abu-Saxiy 1,"ООО «""IMPERIAL TOBACCO"" MCHJ»",arca,https://api-qr.uzcard.uz
6809d5333fc0407a2e48dabf,Abu-Saxiy 2,"ООО «""IMPERIAL TOBACCO"" MCHJ»",arca,https://api-qr.uzcard.uz
6809d5a13fc0407a2e48dad7,AmirTemur,"ООО «""IMPERIAL TOBACCO"" MCHJ»",arca,https://api-qr.uzcard.uz
6809d5e03fc0407a2e48dae5,Abu-Saxiy 3,"ООО «""IMPERIAL TOBACCO"" MCHJ»",arca,https://api-qr.uzcard.uz
6809d6413fc0407a2e48daf5,To'ytepa,"ООО «""IMPERIAL TOBACCO"" MCHJ»",arca,https://api-qr.uzcard.uz
6809d8d53fc0407a2e48db4e,ERGASHEV AZIZBEK ERKIN O'G'LI,ЧП «ERGASHEV AZIZBEK»,generic,https://buyurtmaexpress.uz/api/payme
6809e3f83fc0407a2e48dd0f,ROOMBO,"ООО «""ROOMBO"" MCHJ»",generic,https://b.ivend.uz/payme/api/v1/SOkxcP2wrBh5tVHegXxu/rpc
6809e8e03fc0407a2e48dde0,Гулнора БСО,ННО «GULNORA BOLALAR SOG‘LOMLASHTIRISH OROMGOHI»,generic,https://api.oromgohlar.uz/api/v1/finance/payme/
680a26463fc0407a2e48e63a,HIGH LOOK,"ООО «""HIGH LOOK"" MCHJ»",generic,https://payment.api.delever.uz/payme
680a32dd3fc0407a2e48e79f,TIANLALA,"ООО «""FRESH BUBBLE TEA"" MCHJ»",arca,https://api-qr.uzcard.uz
680b293a3fc0407a2e48f3cb,Silver Tree Самарканд Дарвоза,"ООО «""SILVER TREE LUXURY JEWELRY PIECES"" MCHJ»",generic,https://silvertreesdmall.magicstore.uz/handle/payme/1138459a-c4ec-4672-83af-d3f2219b0aa8
680b29af3fc0407a2e48f3ea,Silver Tree,"ООО «""SILVER TREE JEWELERY"" MCHJ»",generic,https://silvertreenextmall.magicstore.uz/handle/payme/4f7c62ce-f559-4a83-b525-50fe17bf3feb
680b29e6c029bdeeaaa1cda5,XJ Business,ЧП «XASANOVA AZIZA»,generic,https://xj.web-sayt.uz/api/payments/payme
680b2a563fc0407a2e48f412,Silver Tree ,"ООО «""SILVER TREE JEWELRY DEVELOPMENT"" MCHJ»",generic,https://silvertreechimganmall.magicstore.uz/handle/payme/d057ad88-736c-421c-b1e2-d3ab13050bfc
680b354e8371e5b9095044f1,stuzzico,"ООО «""KISMAT INDUSTRY"" MCHJ»",generic,https://payment.api.delever.uz/payme
680b4439dc05045a2afc7e8d,Kicks,ООО «ShahNur Software»,generic,https://prodapi.tunkaform.uz/api/v1/billing/payme/callback/
680b50766c2a7d5fa708d30c,Энержи БСО,ННО «ENERJI BOLALAR SOG‘LOMLASHTIRISH OROMGOHI»,generic,https://api.oromgohlar.uz/api/v1/finance/payme/
680b51cb6c2a7d5fa708d338,HYELMUROD ООО,"ООО «""HYELMUROD"" MCHJ»",generic,https://gx.zoomda.uz:4001/payme/
680b5ee089528e9a0af6239f,TgMemberPro,ООО «CODING TECH»,generic,https://smm.vipads.uz/pay/payme
680b5f75dc05045a2afc8199,PRO Messenger,ООО «CODING TECH»,generic,https://baze.xmax.uz/codingtech/payme/index.php
680b876989528e9a0af6285b,sharh.lex.uz,ГУП «Adolat MHAM»,generic,https://api-sharh.lex.uz/uz/api/v1/payment/payme
680d1aab773c5114506fde23,SMART BOOK,ЧП «SOBIROV BAXTIYOR»,generic,https://backend.smart-book.uz/api/v2/payment/webhooks/payme/
680d1d91773c5114506fde3a,Test,ЧП «SOBIROV BAXTIYOR»,generic,http://207.180.206.183/api/payment/receive-status/payme/
680f1707d481c3ba41a308ea,MUTOLAAXONA,"ООО «""MUTOLAAXONA"" MCHJ»",generic,https://api.mutolaa.com/api/v1/payment/book/BookPayme/
680f287e773c5114506ff414,AKBAROVA NAFISA,ЧП «AKBAROVA NAFISA»,arca,https://api-qr.uzcard.uz
680f2c1b773c5114506ff4a9,Shashlik Marinad,"ООО «""DAVRON MEAT"" MCHJ»",generic,https://api.lacafe.uz/api/payments/v1/payme
680f2eae773c5114506ff509,SRN INTL,"ООО «""SRN INTL"" MCHJ»",generic,https://uz.equick.cn/api/pay/payme
680f42ec218d879a2866cfdd,SUNNYVIBE TRAVEL,"ООО «""SUNNYVIBE TRAVEL"" MCHJ»",generic,https://sunnyvibe.uz/?wc-api=wc_payme
680f5b41218d879a2866d398,ABDURAXIM OTA TRADING,"СП «""ABDURAXIM OTA TRADING"" OK»",generic,https://api.robosell.uz/api/v2/payme/partner
680f827c9ce25769ec0d5b74,A1Cafe,"ООО «""MUSTAFO SOFTWARE""»",generic,https://a1cafe.uz/payme
680f83c0e096ba23ce8533e6,Beeline,ООО «UNITEL MCHJ  XORIJIY KORXONA»,beeline-v2,https://37.110.208.86:8444/work.html
680fae730493d55bd44bc599,AIM LAB,"ООО «""AIM LAB"" MCHJ»",generic,https://ghibli.uz/payment/update/
680fe7876235e30649b304f9,1Way,"ООО «""1WAY APP"" MChJ»",generic,https://ykafqs5b7sbeshr73asqojg4o40eqdds.lambda-url.eu-north-1.on.aws/
681078c3e096ba23ce85404f,Bell Tur,"ООО «""BELL TUR"" MCHJ»",generic,https://bell-tour.uz/api/payme
6810a8a0e096ba23ce854699,Gunesh,"ООО «""G GUNESH"" MCHJ»",arca,https://api-qr.uzcard.uz
6810b1afe096ba23ce8547df,DAMINOV BOBIR DAVLATOVICH,ЧП «DAMINOV BOBIR»,generic,https://api.megabazzar.uz/payme
6810ca23e096ba23ce854adb,CHOCO STUFF,"СП «""OLTINTEPA UNIVERSAL BIZNES"" OK»",generic,https://chocosstuff.magicstore.uz/handle/payme/ceb8b9c6-c6ab-4670-aa8b-925de4b16c7e
6810d922e096ba23ce854c62,INOYATOV MIRJALOL MIRSAMUKOVICH,ЧП «INOYATOV MIRJALOL»,arca,https://api-qr.uzcard.uz
6811ad509ce25769ec0d7a8a,Sergeli Cinema - GT,"ООО «""GET TICKETS"" MCHJ»",gtickets,https://api.gtickets.uz/payme
6811adb24a72bcb1a2ff431b,Compass Cinema - GT,"ООО «""GET TICKETS"" MCHJ»",gtickets,https://api.gtickets.uz/payme
6811ae126235e30649b31f07,Magic cinema - GT,"ООО «""GET TICKETS"" MCHJ»",gtickets,https://api.gtickets.uz/payme
6811ae78ec088572ba121c10,CinemaPlex - GT,"ООО «""GET TICKETS"" MCHJ»",gtickets,https://api.gtickets.uz/payme
6811aec0ec088572ba121c1d,Yulduz Cinema - GT,"ООО «""GET TICKETS"" MCHJ»",generic,https://api.gtickets.uz/payme
6811af8f4a72bcb1a2ff4379,Next cinema - GT,"ООО «""GET TICKETS"" MCHJ»",gtickets,https://api.gtickets.uz/payme
6811afe4ec088572ba121c5f,Parus cinema - GT,"ООО «""GET TICKETS"" MCHJ»",gtickets,https://api.gtickets.uz/payme
6811b02f0493d55bd44be226,Riviera cinema - GT,"ООО «""GET TICKETS"" MCHJ»",gtickets,https://api.gtickets.uz/payme
6811b6dde096ba23ce85553b,GIOTTO (Новза),"ООО «""NOVZA-FOOD"" MCHJ»",generic,https://api.lacafe.uz/api/payments/v1/payme
6811b705e096ba23ce855543,GIOTTO (Новза),"ООО «""NOVZA-FOOD"" MCHJ»",generic,https://api.lacafe.uz/api/payments/v1/payme
6811b982ec088572ba121dbb,Qo'g'irchoq Teatri - GT,"ООО «""GET TICKETS"" MCHJ»",gtickets,https://api.gtickets.uz/payme
6811bd25e096ba23ce855641,SINO BRIDGE SOLUTIONS,"ООО «""SINO BRIDGE SOLUTIONS"" MCHJ»",generic,https://api.control.reyeah.com/appInterface/payme
6811c764e096ba23ce85577a,TheCUP,ЧП «MAXMUDOV ARSLANBEK»,generic,https://b.ivend.uz/payme/api/v1/feOQwiuHe7LYzwHSzYux/rpc
6811ecc2e096ba23ce855bc3,TOSHEVA SHAXNOZA SOBIROVNA,ЧП «TOSHEVA SHAXNOZA»,generic,https://hive.courses/?wc-api=wc_payme
6812177461dd3eed7be025ca,Сеть аптек OXYMED,"ООО «""NIKA FARM SERVIS"" MCHJ»",generic,https://orders.oxymed.uz/payme/webhook
68121bef61dd3eed7be02627,SKY TRAVELLERS,"ООО «""SKY TRAVELLERS"" MCHJ»",generic,https://psapi.megagroup.ru/accounts/108011/notify
68130efc61dd3eed7be033f1,MEDIA PRO,ЧП «ISAKOV DONIYOR»,generic,https://med-lab.uz/doniyorisakov/payme/
6813153e61dd3eed7be034c1,TheCUP,ЧП «XAMROYEV BEKZOD»,generic,https://b.ivend.uz/payme/api/v1/p6TRSkiRzfYNwMk02whD/rpc
6813253961dd3eed7be03760,ActualStroy,"ООО «""TAM SAVDO"" MCHJ»",arca,https://api-qr.uzcard.uz
6813256f61dd3eed7be03769,ActualStroy,"ООО «""TAM SAVDO"" MCHJ»",arca,https://api-qr.uzcard.uz
6813259a61dd3eed7be0376e,ActualStroy,"ООО «""TAM SAVDO"" MCHJ»",arca,https://api-qr.uzcard.uz
6813601561dd3eed7be0422e,FreeMoon,ООО «Freemoon masuliyati cheklangan jamiyat»,generic,https://freemoon.uz/?wc-api=wc_payme
68136e2a61dd3eed7be04412, Burger & Lounge - DELEVER ,"ООО «ООО ""BURGER LOUNGE FOOD""»",generic,https://payment.api.delever.uz/payme
68136eb061dd3eed7be0442d,RAHMAT CHEF,"ООО «""RAHMAT CHEF"" MCHJ»",generic,https://payment.api.delever.uz/payme
68146bae61dd3eed7be0541c,USMONJONOV QUDRATILLO AHMADJON O‘G‘LI,ЧП «USMONJONOV QUDRATILLO»,generic,http://172.17.9.240:3448/
68146c1e61dd3eed7be05440,IRGASHEV FARRUX ABDUSHUKUROVICH,ЧП «IRGASHEV FARRUX»,generic,http://172.17.9.240:3448/
68146c8a61dd3eed7be05457,RAHIMOV BOBUR RAHMON O'G'LI,ЧП «RAHIMOV BOBUR»,generic,http://172.17.9.240:3448/
68148a6361dd3eed7be05821,Yaponamama - Мегаполис,ООО «TOSHTAOMSAVDO»,generic,https://payment.api.delever.uz/payme
6814a68261dd3eed7be05c24,CHOCO LOCMA ООО,"ООО «""CHOCO LOCMA"" MCHJ»",generic,https://payment.api.delever.uz/payme
6815462e590403dbf4935717,EDUMON,"ООО «""ALBISON CORP"" MCHJ»",generic,https://edumon.uz/api/subscription/subscription-payment/payme
68185c5561dd3eed7be08d91,FREEDOM BROKER,ИП ООО «FREEDOM FINANCE MCHJ  XORIJIY KORXONA»,generic,https://api.exode.biz/api/v2/payment/rpc/acquiring/9c7e233b-04d7-491f-83b2-4878c492d77d
68187da261dd3eed7be09200,MARIIYAM MANSUROVNA ACADEMY,"ООО «""MARIIYAM MANSUROVNA ACADEMY"" MCHJ»",generic,https://mariiyam.aisha.group/api/v1/payme/webhook
681892fd61dd3eed7be0957f,ALGAPPAROV ATABEK MIRTEMIROVICH,ЧП «ALGAPPAROV ATABEK»,generic,https://alfajrpremium.uz/?wc-api=wc_payme
6818a1f161dd3eed7be097b8,YUSUPOV SCHOOL,"ООО «""YUSUPOV SCHOOL"" MCHJ»",generic,https://api.exode.biz/api/v2/payment/rpc/acquiring/2a75c837-b3dd-400f-ab41-ca30c902caed
6819904161dd3eed7be0a3ef," ООО ""LUXURY ALCO PLUS""","ООО «""LUXURY ALCO PLUS"" MCHJ»",arca,https://api-qr.uzcard.uz
6819919661dd3eed7be0a42a," ООО ""PREMIUMS STORE""","ООО «""PREMIUMS STORE"" MCHJ»",arca,https://api-qr.uzcard.uz
68199f8ebf4a02f12351128b,SmartFit,ЧП «GUREYEVA OLESYA»,generic,https://api.smart-fit.uz/api/payments/payme/
6819a0a861dd3eed7be0a611,OZIMIZ ,ЧП «SHARIPOV FARRUX»,generic,https://telegram.reaktor.uz/payme
6819a0c961dd3eed7be0a615,OZIMIZ,ЧП «SHARIPOV FARRUX»,generic,https://api.reaktor.uz/ppayment/paymeuz
6819af49ba16eedfeff7c4e6,amoAGENT,ЧП «MUSAYEV SHOHRUX»,generic,https://parkentpolitexnikum.uz:8000/webhook/payme
6819b01461dd3eed7be0a85b,RESOF EXPO,"ООО «""RESOF EXPO"" MCHJ»",generic,http://172.17.9.240:3448/
6819b95761dd3eed7be0aa0f,"ООО ""ALCOSFERA""","ООО «""ALCOSFERA"" MCHJ»",arca,https://api-qr.uzcard.uz
681a0c15754bcfaceaad0b47,BONET,"ООО «""BONET"" MCHJ»",generic,https://vmi2530714.contaboserver.net/en/api/v1/payment/updates/payme/
681a7dcfefaa02da57ad26c0,VISITCA,"ООО «""VISITCA"" MCHJ»",generic,https://api.visitca.uz/v1/payme/merchant
681b05c5754bcfaceaad184e,DONEREVI,"ООО «""DONEREVI"" MCHJ»",generic,https://api.donerevi-restaurant.uz/api/payments/payme
681b25b55eef6c79db41b8ce, ILYAAS PARTNERS,"ООО «""ILYAAS PARTNERS"" MCHJ»",generic,https://startupgarage.magicstore.uz/handle/payme/d07af3c8-b9a2-4ab0-aa9d-6949cc2d5ad1
681b29725eef6c79db41b96f,YULDOSHEV DILSHOD BAXTIYOROVICH,ЧП «YULDOSHEV DILSHOD»,generic,https://merchant.medtimer.uz/api/paycom/default
681b32935eef6c79db41bac8,MEEST CHINA,"ООО «""MEEST CHINA"" MCHJ»",generic,https://cab.meest.cn/api/payment/callback/payme/
681b64e75eef6c79db41c209,DAYNIGHT,"ООО «""DAYNIGHT"" MCHJ»",generic,https://api.exode.biz/api/v2/payment/rpc/acquiring/bef17352-cad2-4bbe-b274-bf1e525670e2
681b67dfd5ef766b3992d53e,TASHKENT TRADE CENTER,"ООО «""TASHKENT TRADE CENTER"" MCHJ»",generic,https://api.market.sahiy.uz/open/paycom
681c6cd75eef6c79db41d136,"ООО ""ALI OPTOM""","ООО «""ALI OPTOM"" MCHJ»",arca,https://api-qr.uzcard.uz
681c755b5eef6c79db41d23e,Centrum Air,"ООО «""MY FREIGHTER"" MCHJ»",generic,https://paytest.avtra.com/dcs/payMe
681c7a745eef6c79db41d31c,MTSFER-U NASHRIYOT UYI,ООО «MTSFER-U NASHRIYOT UYI MCHJ»,generic,https://shop.mcfr.uz/api/payme/index
681c7b655eef6c79db41d33e,KIDSOF,"СП «""KIDSOF"" OK»",generic,https://api.robosell.uz/api/v2/payme/partner
681c87e55596bdebf563f268,ASMA Soft,ЧП «EGAMBERDIYEV JAHONGIR XURSHID O‘G‘LI»,generic,https://vps-bot.slaydgpt.uz/v1/api/paycom/pay
681c8aa65eef6c79db41d58a,"""BONUM FACTUM"" ","ООО «""BONUM FACTUM"" MCHJ»",generic,http://172.17.9.240:3448/
681c8ad53f9956d78f2131b8,OSMA,ООО «OSMA»,generic,https://osmapayment.academytable.ru/api/v1/paycom/
681c8f2a5596bdebf563f359,ORIENT BOOKS,"ООО «""HAVAS BOOKS"" MCHJ»",generic,https://orientbook.felixits.uz/payment/update/
681ca5675eef6c79db41d958,EZGU AMAL,ННО «EZGU AMAL»,generic,https://ezgu-amal.uz/wp-json/pay/payme
681ccb2c3f9956d78f2138f8,PROFESSIONAL MALAKA OSHIRISH,"НОУ «""PROFESSIONAL MALAKA OSHIRISH"" NTM»",generic,https://finn.uz/payments/payme
681cf853d5ef766b3992f1c3,Rolling-payme,"ООО «""ROLLING WORLD"" MCHJ»",generic,https://sushiserver.onrender.com/api/payme/pay
681db4175eef6c79db41e52b,STREET PARK SYSTEMS ,"ООО «""STREETPARK SYSTEMS"" MCHJ»",generic,https://api.poytaxtparking.uz/external/payme
681db52d5eef6c79db41e548,STREET PARK SYSTEMS ,"ООО «""STREETPARK SYSTEMS"" MCHJ»",generic,https://api.uz.touch-station.com/acquiring/paymeuz/debit/result
681db5d25eef6c79db41e553,STREET PARK SYSTEMS ,"ООО «""STREETPARK SYSTEMS"" MCHJ»",generic,https://api.dev.touch-station.com/acquiring/paymeuz/debit/result
6820feac5596bdebf5642752,Ziaja Uzbekistan,ООО «EURO TRADE CA»,generic,https://admin.nitspace.uz/payme_wait_pay
682184995eef6c79db420e6f,Pink Island next,"ООО «""PINKTEX"" MCHJ»",arca,https://api-qr.uzcard.uz
6821850a5eef6c79db420e8d,PINK ISLAND,"ООО «""PINKTEX"" MCHJ»",arca,https://api-qr.uzcard.uz
6821857a5eef6c79db420ea7,PINK ISLAND,"ООО «""PINKTEX"" MCHJ»",arca,https://api-qr.uzcard.uz
68218b995eef6c79db420fba,BOBREANCE,"ООО «""BOBREANCE"" MCHJ»",generic,https://psapi.megagroup.ru/accounts/108119/notify
682190875eef6c79db421083,EFA TARGET GROUP ,"ООО «""EFA TARGET GROUP"" MCHJ»",generic,https://api.lacafe.uz/api/payments/v1/payme
6821bcf45eef6c79db42170b,SIMYOQ ,"ООО «""SIMYOQ"" MCHJ»",generic,https://simyoq.com/api/transaction/payme
6821be4a5eef6c79db421726,ISMOILOVA LATOFAT HAFIZOVNA,ЧП «ISMOILOVA LATOFAT»,generic,https://api.lacafe.uz/api/payments/v1/payme
6822e63c719315ab299f5786,FREEDOM BROKER,ИП ООО «FREEDOM FINANCE MCHJ  XORIJIY KORXONA»,generic,http://payment.ffin.uz/api/payment/payme
6822e6d75e1cffe75487d0d7,Satira Theater - GT,"ООО «""GET TICKETS"" MCHJ»",gtickets,https://api.gtickets.uz/payme
6822f522719315ab299f59d0,PODIUM SAMARKAND CITY,ООО «PODIUM SAMARKAND CITY»,arca,https://api-qr.uzcard.uz
682305d85d42d2a71fe5513d,EduOlimp,ООО «APro-ASSESSMENT PROGRAM»,generic,https://camp.eduolimp.uz/api/PaymePayments/PaymeRequest
68230d3c719315ab299f5cd5,Turiya,"ООО «""TURIYA"" XK»",generic,https://makstar.magicstore.uz/handle/payme/e53ef3f0-ec1c-4578-9493-8df5aad72c7d
6823128d719315ab299f5dd8,TEZKOR SHAURMA,"ООО «""TEZKOR FOOD 1"" MCHJ»",generic,https://payment.api.delever.uz/payme
6823230d719315ab299f61da,STANDART,"ООО «""ANT PLYUS"" MCHJ»",generic,https://standart.magicstore.uz/handle/payme/c4ea469d-bfe5-4920-b38b-b6af5e0ac08d
68232613719315ab299f6252,BIM,"ООО «""BIM INTERNATIONAL TRADE RETAIL"" MCHJ»",generic,https://test.bimretail.uz/payme/
68232dcc719315ab299f6335,atomika,ООО «ATOMIKA»,generic,https://admin.atomika.org/payment/update/
68233370719315ab299f63f7,VAXIDOV ZAFARJON KABILDJANOVICH,ЧП «VAXIDOV ZAFARJON»,arca,https://api-qr.uzcard.uz
68233587719315ab299f645a,TANVIR,"ООО «""ALPHA  TANVIR"" MCHJ»",generic,https://cultimilano.uz/?wc-api=wc_payme
68233f22719315ab299f65ce,SHOXSUVOR,"ООО «""SHOXSUVOR"" MCHJ»",generic,https://device.radiomer.uz/api/payment/payme/v2
68233f3c719315ab299f65d3,SHOXSUVOR,"ООО «""SHOXSUVOR"" MCHJ»",generic,https://device.radiomer.uz/api/payment/payme/v2
6824341f719315ab299f7205,KO`MAK- KREDIT LOMBARD,"ООО «""KO`MAK- KREDIT LOMBARD"" MCHJ»",generic,https://lmb64.flexpul.uz/public/payme/payments
682434d3719315ab299f721c,ГАСТРОНОМ ,ООО «MCHJ TURSUNXO`JA XIDOYAT»,arca,https://api-qr.uzcard.uz
68243ec2719315ab299f7377,ZAMONAVIY O’ZBEK AYOLI DAVRI,"ООО «""IRBISH COMB"" MCHJ»",generic,https://rayyana.uz/api/v1/payment/callbacks/payme/
68246be65d42d2a71fe56df1,blogify,"ООО «""1WAY APP"" MChJ»",generic,https://p6iapw77atat5p32ikgwzgpapu0izrik.lambda-url.eu-north-1.on.aws/
6824702b719315ab299f7a64,LOMBARD SIMXO RUBEN ООО,"ООО «""LOMBARD SIMXO RUBEN"" MCHJ»",generic,https://lmb117.flexpul.uz/public/payme/payments
6824804e719315ab299f7d36,TIM'S,"ООО «""TIM`S COFFE AND ROASTERY"" MCHJ»",generic,https://tims.lifestylebot.uz/payme/api_integration/
682485a2ded40a7f549eeed4,Monifi,ООО «BOTIFI»,generic,https://monifi.uz/i/payme
68257847719315ab299f8971,Do’stlar ,"ООО «""MIRAYUB GOLD"" MCHJ»",arca,https://api-qr.uzcard.uz
68257f37719315ab299f8aad,SONY,ЧП «KARIMOV RAVSHAN»,generic,https://sonycenter.uz/?wc-api=wc_payme
68259105719315ab299f8d9d,AnorBank,"АО «""ANOR BANK"" АКЦИЯДОРЛИК ЖАМИЯТИ»",credits.nci,http://172.25.25.207/isloan
68259854719315ab299f8ebb,E’zoz Optical ,"ООО «""E'ZOZ OPTICAL"" MCHJ»",generic,https://ezozoptical.magicstore.uz/handle/payme/87ac1326-b602-4d16-98aa-819b6cf97ba2
68259e935e1cffe754880694,AF DRIVE,ООО «AF DRIVE»,generic,https://back.noor.uz/api/v1/af-drive/payme
6825b3e45e1cffe75488092d,Journal,ННО «ILMIY TADQIQOTCHILAR VA INNOVATORLAR ASSOTSIATSIYASI»,generic,https://api-service.slib.uz/billing/api/v1/external-payments/payme
6825b630719315ab299f92b3,CHIROY-PHARM,"ООО «""CHIROY-PHARM"" MCHJ»",arca,https://api-qr.uzcard.uz
6825d1dd719315ab299f96af,"ООО ""SAYYOH TRAVELSIM""","ООО «""SAYYOH TRAVELSIM"" MCHJ»",generic,https://api.travelesim.uz/api/payme
6825ece4bab213312afb8962,DILSHOD FARM SAVDO,"ООО «""DILSHOD FARM SAVDO"" MCHJ»",arca,https://api-qr.uzcard.uz
6827109b5a11e938e9a1bffc,YO'LCHI-TAOM,"ООО «""YO`LCHI-TAOM"" MCHJ»",arca,https://api-qr.uzcard.uz
68273d4bf4871f2c88eb73e3,Feliza,ЧП «MASHARIPOVA RAZIDA»,generic,https://felizabackend.uz/api/payment/paymeMerchant
6829b7f25a11e938e9a1e438,"""CAKES HOUSE BY MADINA""","ООО «""CAKES HOUSE BY MADINA"" MCHJ»",generic,https://cakehousebymadina.magicstore.uz/handle/payme/a0b91918-bec3-41e1-b86d-6742c4187d25
6829e130f4871f2c88eb9345,EduWiFi,"ООО «""NETLAND GROUP"" MCHJ»",generic,https://portal.eduwifi.uz/payme/webhook
682acc6c2c3dd8d80ba11ea6,EUROASIA INSURANCE,"ООО «""EUROASIA INSURANCE"" AJ»",generic,https://erp.eai.uz/billing/payme
682ad04cf4871f2c88eb9e5f,Garage Plus,ООО «TEAMWORK IT SOLUTIONS»,generic,https://prod.garageplus.uz/api/v1/payme-base/payme-end-point
682ad3ca5a11e938e9a1f27b,Taksi Top,"ООО «""METAFORA"" MCHJ»",generic,https://taksitop.uz/wp-json/payment/payme
682af7889d2db56d78f950bb,Dr Nargiz Farkhadovna,"ООО «""METOD"" NTM»",generic,https://med-lab.uz/DrNargizFarkhadovna/payme/index.php
682af8225a11e938e9a1f877,hub,"ООО «""VENDHUB"" MCHJ»",generic,https://vendinghub.uz/api/v1/payment/paymeUz/
682c005253a2e309cf048d70,57 Protokol,ЧП «XURSHID MARAZIKOV»,generic,https://srv852801.hstgr.cloud/api/payment/payme
682c13b9dfc9ac0473670390,"OOO ""Kim pub kafe""","ООО «""KIM PUB KAFE"" MCHJ»",generic,https://kimpab.zoomda.uz:4001/payme/
682c54f3dfc9ac0473670cb1,SHASHLEEK,ООО «SHASHLEEK»,generic,https://shashleek.zoomda.uz:4001/payme/
682c572cdfc9ac0473670cee,O'ZBEKISTON RESPUBLIKASI MADANIY MEROS AGENTLIGI,"ГУП «""O‘ZBEKISTON RESPUBLIKASI MADANIY MEROS AGENTLIGI"" DM»",generic,https://api.museums.uz/api/payment/update/
682d74a8dfc9ac0473671e79,TOSHMI OSH,"ООО «""SHAFRAN RUMIY"" XK»",generic,https://payment.api.delever.uz/payme
682d9d10dfc9ac04736723b6,Donerci,"ООО «""DONERCI HAMDI USTA"" MCHJ»",generic,https://payment.api.delever.uz/payme
682da03fdfc9ac0473672447,Donerci HU,"ООО «""DONERCI HU"" MCHJ»",generic,https://payment.api.delever.uz/payme
682db25ddfc9ac04736726c5,COCO SOL TRAVEL,"ООО «""COCO SOL TRAVEL"" MAS'ULIYATI CHEKLANGAN JAMIYAT»",generic,https://coco-travel.uz/?wc-api=wc_payme
682db558ce1722a4c538de08,EVOS,ООО «MCHJ MAK FOOD SERVIS»,generic,https://payment.api.delever.uz/payme
682dd208d629feb59d309b6c,ABCD YODLA,"ООО «""YODLA-GROUP"" MCHJ»",generic,https://api.yodla-app.uz/api/payme/merchant
682ec211dfc9ac04736737eb,KMS ROASTING,"ООО «ООО ""KMS ROASTING TRADING""»",generic,https://api.kms.coffee/api/v1/payme/merchant
682ede1553a2e309cf04c4f4,WMG.UZ,ООО «WEALTHMANAGEMENT»,generic,https://api.wmg.uz/api/paycom
682ef57f10729324d2394494,DENTAL SOFT,"ООО «""DENTAL SOFT"" MCHJ»",generic,https://admin.dentalpro.uz/controlp/pay-ment/payme-end-point
682ef7e3dfc9ac0473673fef,UMNICHKA KIDS,"ООО «""UMNICHKA KIDS"" MCHJ»",generic,https://api.exode.biz/api/v2/payment/rpc/acquiring/3f7b4301-bfac-4870-837c-7bd9f023c4fe
683013f6dfc9ac0473674fee,JO‘RAYEV SHERZOD SHUHRATOVICH,ЧП «JO‘RAYEV SHERZOD»,generic,https://b.ivend.uz/payme/api/v1/uufZpgqnDj8zp5d0f1g8/rpc
68301a9fdfc9ac04736750c6,ERGASHEVA GULNOZA ISLOMJON QIZI,ЧП «ERGASHEVA GULNOZA»,generic,https://meed-books.uz/?wc-api=wc_payme
68303fad70e3dcbc596b10bf,"OOO ""BLACKBILLS ENGINEERING""","ООО «""BLACKBILLS ENGINEERING"" MAS'ULIYATI CHEKLANGAN JAMIYAT»",generic,https://1c4e-81-95-227-109.ngrok-free.app/api/payments/payme
683046eddfc9ac04736756df,AIYMAN ,"ИП ООО «""AIYMAN"" MCHJ XK»",generic,https://aiyman.uz/?wc-api=wc_payme
68304a33dfc9ac0473675760,DESTINY EDUCATION,"ООО «""DESTINY EDUCATION"" MCHJ»",generic,https://suvchilar.uz/payment/payme
68305318dfc9ac04736758cc,SALAYDINOV AXRORBEK,ЧП «SALAYDINOV AXRORBEK»,generic,https://seensms.top/payment/payme
683059e8dfc9ac04736759ca,ERGASHEV MUHIDDIN O‘LMAS O‘G‘LI,ЧП «ERGASHEV MUHIDDIN»,generic,https://b.ivend.uz/payme/api/v1/yyzmwaszT0uNxxPrIguk/rpc
68306decdfc9ac0473675ca3,METAMED ,"СП ООО «""METAMED"" MCHJ QK»",generic,https://pils.uz/?wc-api=wc_payme
6830ab8510729324d2396514,CARFIXLAB,"ООО «""CARFIXLAB"" MCHJ»",generic,https://carfixlab.com/api-payme/v1/webhook
68315a16ce1722a4c539194e,SHOXSUVOR,"ООО «""SHOXSUVOR"" MCHJ»",generic,https://device.radiomer.uz/api/payment/payme/v2
6831aab870e3dcbc596b2624,Operetta Theater - GT,"ООО «""GET TICKETS"" MCHJ»",gtickets,https://api.gtickets.uz/payme
6831ab4c53a2e309cf04f32a,Uzbegim cinema (And)- GT,"ООО «""GET TICKETS"" MCHJ»",generic,https://api.gtickets.uz/payme
6832f17bce1722a4c5392b0a,Test bilim,ЧП «NARZULLAYEV G‘OLIBJON»,generic,https://bilim.narzullayev.uz/api/payment/payme
6833fd63dfc9ac04736780b8,1LOG,ЧП «MADUMAROV SHOXRUXJON»,generic,https://1log.uz/api/payment/payme/
683400a6dfc9ac0473678122,KIDS CANDY LAND,"ООО «""KIDS CANDY LAND"" MCHJ»",generic,https://api.apexpizza.uz/api/payment/transactions/
683402cddfc9ac0473678174,CTR PREMIUM SERGELI,"ООО «""CTR PREMIUM SERGELI"" MCHJ»",generic,https://ctr.zoomda.uz:4001/payme/
683411f910729324d239897b,HESAP,"ООО «""HESAP"" MCHJ»",generic,https://api.hesap.uz/api/payments/v1/payme
683414b4dfc9ac04736786e2,"""ANOR ORIENT"" MCHJ","ООО «""ANOR ORIENT"" MCHJ»",generic,http://172.17.9.240:3448/
68342705d629feb59d30f551,UzDrama,"ООО «""RUIDA TRADE"" MCHJ»",generic,https://pmzf.uzdrama.uz/v1/zhifu/pay
68343db970e3dcbc596b48be,Startpoint,ООО «ENDPOINT»,generic,https://api.startpoint.uz/merchant-api/v1/subscription-v1/payme/jsonrpc
6834490ddfc9ac0473679188,Waffly Minor,ООО «ANHOR CRUISE MCHJ»,generic,https://crm.wafflybysanny.uz/api/v1/payment/paycom?id=cd2ec389-f072-47c3-8e68-433974ffe457
68345f69dfc9ac0473679720,Гостиница «ARIEN PLAZA»,ООО «ARIEN PLAZA»,arca,https://api-qr.uzcard.uz
68346a34d629feb59d310348,ZIYO FORUM,"ННО «""ZIYO FORUM""»",generic,https://ziyoforum.uz/wp-json/payme2/v1/callback-secondary
6834909553a2e309cf052179,TEAMX,"ООО «""TEAMX"" MAS'ULIYATI CHEKLANGAN JAMIYAT»",generic,https://api.korta.uz/paycom-callbacks/webhook/dasaftest/
683597b6dfc9ac047367ad6b,OQ,ООО «UNITEL MCHJ  XORIJIY KORXONA»,beeline-v2,https://37.110.208.86:8444/work.html
6835a85adfc9ac047367affd,ecasting.uz,"ООО «""PROART CENTER OF PERFORMING ARTS"" MChJ»",generic,http://172.17.9.240:3448/
6835a9b210729324d239b159,Bilim.uz,ЧП «NARZULLAYEV G‘OLIBJON»,generic,https://apicalora.narzullayev.uz/api/payments/payme/callback
6835adc470e3dcbc596b692b,SUSHI BOX,"ООО «""SUSHI BOX"" MCHJ»",generic,https://yxs.zoomda.uz:4001/payme/
6835ae6310729324d239b221,SUSHI BOX,"ООО «""SUSHI BOX"" MCHJ»",generic,https://yxs.zoomda.uz:4001/payme/
6835aed453a2e309cf053664,SUSHI BOX,"ООО «""SUSHI BOX"" MCHJ»",generic,https://yxs.zoomda.uz:4001/payme/
6835b69bdfc9ac047367b243,ISHTIXON ZIG'IR OSH,"ООО «""NOMDOR PALOV"" MCHJ»",generic,https://payment.api.delever.uz/payme
6835b851dfc9ac047367b298,Lume,"ООО «""ILEN TRANS SISTEM"" XK»",generic,https://staging.lume.uz/api/pos/payme/subscription
68360d4410729324d239b882,bronsport,"ООО «""TEAMX"" MAS'ULIYATI CHEKLANGAN JAMIYAT»",generic,https://api.bronsport.uz/paycom-callbacks/webhook/tdau/
6836d7d5dfc9ac047367c593,PERFECT AQUA,"ООО «""PERFECT AQUA"" MAS'ULIYATI CHEKLANGAN JAMIYAT»",generic,https://b.ivend.uz/payme/api/v1/ul5D81p6JDMwufjpqQNi/rpc
6836dc3adfc9ac047367c621,Child tracker,"ООО «""CHILD TRACKERS GROUP"" MCHJ»",generic,https://child-tracker.uz/keygen-paycom/
6836e5b0dfc9ac047367c764,MUSATA TEAM,"ООО «""MUSATA TEAM"" MCHJ»",generic,https://api.robosell.uz/api/v2/payme/partner
6836e993ce1722a4c5397878,CHODAK VALLEY HAUS ООО,"ООО «""CHODAK VALLEY HAUS"" MCHJ»",generic,https://marketplace.evosoft.uz/payme/payme_endpoint.php
6836f1addfc9ac047367c901,QOSIMOV AZAMAT ,ЧП «QOSIMOV AZAMAT»,generic,https://payment.api.delever.uz/payme
68370371dfc9ac047367cb82,цып цып,"ООО «""QUARTA MELA"" MCHJ»",generic,https://payment.api.delever.uz/payme
683703d9dfc9ac047367cba1,ТАКАХУЛИ,"ООО «""SAPERAVI"" MCHJ»",generic,https://payment.api.delever.uz/payme
68370fdcd629feb59d3135e3,bot_pay,"ООО «ООО ""STARTUP  -  INVEST""»",generic,https://api.infotarget.uz/api/payme/update/
68380845dfc9ac047367d917,ARKNET,"ООО «ООО ""KRISTAL ELEKTRONIKS""»",generic,http://87.237.233.238:8181/
6838230fdfc9ac047367dc6c,DJUMAYEV BOBIR BOTIROVICH,ЧП «DJUMAYEV BOBIR»,generic,https://navruzgo.go2pay.uz/api/billing/payme
68382333dfc9ac047367dc76,DJUMAYEV BOBIR BOTIROVICH,ЧП «DJUMAYEV BOBIR»,generic,https://gumbazpro.go2pay.uz/api/billing/payme
683826dedfc9ac047367dd04,COMAX,"ООО «""COMAX"" MAS'ULIYATI CHEKLANGAN JAMIYAT QO`SHMA KORXONA»",generic,https://comax.uz/module/payme/notification
683828e4dfc9ac047367dd38,ZAKIROV RINAT RIFKATOVICH,ЧП «ZAKIROV RINAT»,generic,https://api.exode.biz/api/v2/payment/rpc/acquiring/4563fb79-beaf-4731-bbda-346349925c20
68382c78dfc9ac047367dd9f,SALADIN`S IT SOLUTIONS,"ООО «""SALADIN`S IT SOLUTIONS"" MCHJ»",generic,https://62ee-92-63-205-139.ngrok-free.app/api/payments/activa-payme
68382de1dfc9ac047367dde2,Япона мама,"ООО «""YM-HIGHTOWN"" MCHJ»",generic,https://payment.api.delever.uz/payme
683837eddfc9ac047367df16,YIK OTA SAVDO ,"ООО «""YIK OTA SAVDO"" MCHJ»",generic,https://b.ivend.uz/payme/api/v1/GX2hP2s5JQShLp51sIFm/rpc
68383837ce1722a4c5398ee1,Abozor,"ООО «""NURAFSHON AUTO ZONE"" MAS'ULIYATI CHEKLANGAN JAMIYAT»",generic,http://185.100.55.56:8009/payment/payme/
68384a05ce1722a4c5399187,Abozor,"ООО «""NURAFSHON AUTO ZONE"" MAS'ULIYATI CHEKLANGAN JAMIYAT»",generic,https://motors.itpoint.uz/payment/payme/
68385560dfc9ac047367e3b3,MUXAMMEDOVLAR,"СП «""MUXAMMEDOVLAR"" OILAVIY KORXONA»",arca,https://api-qr.uzcard.uz
68385736dfc9ac047367e3f2,SENIOR HAKIMOV PHARM,"ООО «""SENIOR HAKIMOV PHARM"" MCHJ»",arca,https://api-qr.uzcard.uz
683865d4ce1722a4c53994bb,Aiyman,"ИП ООО «""AIYMAN"" MCHJ XK»",generic,https://aiyman.uz/
68398a78dfc9ac047367f843,KELAJAK MEDIKLARI,ЧП «ERGASHEV HUSNIDDIN BAXRIDINOVICH»,generic,https://km.icc-kimyo.uz/api/v1/payment/payme/callback/
683996efdfc9ac047367fa45,ATTO,"АО «""AVTOMATLASHTIRILGAN TRANSPORT TO`LOV TIZIMI OPERATORI"" AJ»",atto-metro,http://172.17.9.197:44555
683996f9dfc9ac047367fa47,ATTO,"АО «""AVTOMATLASHTIRILGAN TRANSPORT TO`LOV TIZIMI OPERATORI"" AJ»",atto-bus,http://172.17.9.197:44555
6839a32cdfc9ac047367fc00,UPNET,"ООО «OOO ""UPNET""»",uzmobile,https://10.0.202.229:446/KKM_PG_GATE/
6839ab0edfc9ac047367fd49,SALOM-TAXI GO,"ООО «""SALOM-TAXI GO"" MAS'ULIYATI CHEKLANGAN JAMIYAT»",generic,https://hamrohtaxi.go2pay.uz/api/billing/payme
6839ab32dfc9ac047367fd4f,SALOM-TAXI GO,"ООО «""SALOM-TAXI GO"" MAS'ULIYATI CHEKLANGAN JAMIYAT»",generic,https://dodacorp.go2pay.uz/api/billing/payme
6839ab4edfc9ac047367fd51,SALOM-TAXI GO,"ООО «""SALOM-TAXI GO"" MAS'ULIYATI CHEKLANGAN JAMIYAT»",generic,https://makrotaxi.go2pay.uz/api/billing/payme
6839ab6adfc9ac047367fd54,SALOM-TAXI GO,"ООО «""SALOM-TAXI GO"" MAS'ULIYATI CHEKLANGAN JAMIYAT»",generic,https://megaaktivpluse.go2pay.uz/api/billing/payme
6839ab8ddfc9ac047367fd58,SALOM-TAXI GO,"ООО «""SALOM-TAXI GO"" MAS'ULIYATI CHEKLANGAN JAMIYAT»",generic,https://milliytaxicash.uz/api/billing/payme
6839ac48dfc9ac047367fd69,Perfectum,"ООО «""RUBICON WIRELESS COMMUNICATION"" MCHJ»",perfectum-5g,https://pgw.perfectum.uz/paynet/index.php
6839b2b6dfc9ac047367fe00,Yaproq Donar,"ООО «""COOK LEADER"" MCHJ»",generic,https://yaproq.mediasolutions.uz/api/payme/
683abfdc10729324d23a082e,LETSGO,ООО «LETSGO»,arca,https://api-qr.uzcard.uz
683adee1ce1722a4c539bafc,MIX BURGER,ООО «MIX DESERT BUSINESS»,generic,https://mix.zoomda.biz/payment/paycom
683adfcf70e3dcbc596bc20c,MIX BURGER,ООО «MIX DESERT BUSINESS»,generic,https://mix.zoomda.biz/payment/paycom
683ae02610729324d23a0b13,MIX BURGER,ООО «MIX DESERT BUSINESS»,generic,https://mix.zoomda.biz/payment/paycom
683ae07370e3dcbc596bc218,MIX BURGER,ООО «MIX DESERT BUSINESS»,generic,https://mix.zoomda.biz/payment/paycom
683ae17170e3dcbc596bc234,MIX BURGER,ООО «MIX DESERT BUSINESS»,generic,https://mix.zoomda.biz/payment/paycom
683ae1ab70e3dcbc596bc23b,MIX BURGER,ООО «MIX DESERT BUSINESS»,generic,https://mix.zoomda.biz/payment/paycom
683ae1f153a2e309cf058f70,MIX BURGER,ООО «MIX DESERT BUSINESS»,generic,https://mix.zoomda.biz/payment/paycom
683c595e70e3dcbc596bd2cd,TOSHKENT DAVLAT AGRAR UNIVERSITETI,"ГУП «""TOSHKENT DAVLAT AGRAR UNIVERSITETI"" »",generic,https://api.bronsport.uz/paycom-callbacks/webhook/tdau/
683d3dc4dfc9ac0473682726, MALIK AL BROAST,"ООО «""MALIK AL BROAST"" MCHJ»",generic,https://payment.api.delever.uz/payme
683d3e1edfc9ac0473682736, MALIK AL BROAST,"ООО «""MALIK AL BROAST"" MCHJ»",generic,https://payment.api.delever.uz/payme
683d4706dfc9ac04736828cc,RIBNOE MESTECHKO,"ООО «""RIBNOE MESTECHKO"" MCHJ»",arca,https://api-qr.uzcard.uz
683d4728dfc9ac04736828d6,RIBNOE MESTECHKO,"ООО «""RIBNOE MESTECHKO"" MCHJ»",arca,https://api-qr.uzcard.uz
683d475ddfc9ac04736828e9,RIBNOE MESTECHKO,"ООО «""RIBNOE MESTECHKO"" MCHJ»",arca,https://api-qr.uzcard.uz
683d7709dfc9ac047368303d,avin,"ООО «""LA BISCOTTERIA"" MAS'ULIYATI CHEKLANGAN JAMIYAT»",generic,https://payment.api.delever.uz/payme
683d7d1adfc9ac047368313b,e_toza,ЧП «SAIDVALIYEV BILOL»,arca,https://api-qr.uzcard.uz
683d850710729324d23a30a4,MS INTERNATIONAL UNIVERSITY,"ООО «""MS INTERNATIONAL ACADEMY OF AESTHETIC COSMETOLOGY"" MAS'ULIYATI CHEKLANGAN JAMIYAT»",generic,https://www.msxalqarouniversiteti.com/api/payments/payme/webhook
683da1d2dfc9ac0473683701,XAMIDOV JAVLONBEK BURXONOVICH,ЧП «XAMIDOV JAVLONBEK»,generic,https://device.radiomer.uz/api/payment/payme/v2
683dba5c53a2e309cf05bb8a,Doctor Feruz,"ООО «""BANAZIR-ONLINE TA‘LIM"" MCHJ»",generic,https://drferuz.shrt.uz/paycom
683dd733ce1722a4c539e8e4,Topstadion,"ООО «""SIMPLE ILLUMITATION ACADEMY"" MAS`ULIYATI CHEKLANGAN JAMIYAT»",generic,https://topstadion.uz/
683ddcd370e3dcbc596bf03b,SIMPLE ILLUMINATION ACADEMY,"ООО «""SIMPLE ILLUMITATION ACADEMY"" MAS`ULIYATI CHEKLANGAN JAMIYAT»",generic,https://topstadion.uz/paymentt/payme/update
683e95eedfc9ac0473684ffc,inter nation school,"ООО «""INTEST MAX"" MCHJ»",internation-idp,https://backend-payment-platform.inter-nation.uz
683e9c62dfc9ac04736850e9,BELLISSIMO SAMARKAND,ООО «BELLISSIMO SAMARKAND MCHJ»,generic,https://pay.bpnet.uz/api/payment/payme
683ecbcd53a2e309cf05d9d6,Resursi-distribution,ООО «ХРУ «RESURSI»»,generic,https://reshop.uz/api/paycomuz/transaction/
683ed0d853a2e309cf05daaa,Sevimli Lavash,"ООО «""MULKXONIM"" MCHJ»",generic,https://v2-backoffice-api.sevimli-lavash.uz/api/payme/pay
683ed35bdfc9ac047368595b,ayva,"ООО «""AYVA CATERING"" MAS'ULIYATI CHEKLANGAN JAMIYAT»",generic,https://payment.api.delever.uz/payme
683ed569dfc9ac04736859d6,THEPAYMENT,"ООО «""THEPAYMENT"" MCHJ»",thepayment-steam,https://payme.paybot.uz/api/v1/jsonrpc
683ef007dfc9ac0473685db4,GRUZINKA,"ООО «""NANO GRZ"" MAS'ULIYATI CHEKLANGAN JAMIYAT»",generic,https://api.lamenu.uz/api/payments/v1/payme
683ef327dfc9ac0473685f10,ARINNA FOOD AND ENTERTAINMENT,"ООО «""ARINNA FOOD AND ENTERTAINMENT"" MAS'ULIYATI CHEKLANGAN JAMIYAT»",arca,https://api-qr.uzcard.uz
684012fbce1722a4c53a20ce,"""TOSHKENT SHAHRIDAGI INHA UNIVERSITETI"" NTM","НОУ «""TOSHKENT SHAHRIDAGI INHA UNIVERSITETI"" NTM»",generic,https://ums.inha.uz/payments/payme-retake
68403c45dfc9ac0473687986,SALIM NODIR SAVDO,"ООО «""SALIM NODIR SAVDO"" MCHJ»",generic,https://hamd.zoomda.uz:4001/payme/
6840456cdfc9ac0473687ac9,"""SARDOR AVTO INVEST"" XK","ООО «""SARDOR AVTO INVEST"" XK»",arca,https://api-qr.uzcard.uz
68404be8dfc9ac0473687bcb,ASBC ENTITY,"ИП ООО «""ASBC ENTITY"" MCHJ XK»",arca,https://api-qr.uzcard.uz
68404cf810729324d23a78be,IELTS Mock Bot,ЧП «MAXMUDOV MURODJON»,generic,https://ieltsmockbot.uz/payme/webhook
6840a1d2ce1722a4c53a2d6f,ROBOTICS LAB FUTURE TECHNOLOGY COMPANY,"ООО «""ROBOTICS LAB FUTURE TECHNOLOGY COMPANY"" MAS`ULIYATI CHEKLANGAN JAMIYAT»",generic,https://back.roboticslab.uz/api/payment/payme
68413113d629feb59d31ec2d,Atir_kiosk,"ООО «""NETLAND GROUP"" MCHJ»",generic,https://apiaromat.eduwifi.uz/api/payme/webhook/kiosk
6841352adfc9ac047368877f,Apple_optomuz,ЧП «DADAYEV DILSHOD»,arca,https://api-qr.uzcard.uz
68413fb3dfc9ac04736888fd,NIKA,"ООО «""BREADANDWHEAT"" MCHJ»",generic,https://payment.api.delever.uz/payme
6841631510729324d23a8a08,AROMA BY ROMA,ЧП «MALKO TATYANA»,generic,https://aroma.up-it.uz/api/payments/payme
68417abedfc9ac0473689166,TANDIRCHA ,ЧП «RAIMJONOV ASILJON»,generic,https://payment.api.delever.uz/payme
68417b98dfc9ac047368918c,Wellmore Resort Hotel PayConnectBE,"ООО «""WELLMORE"" MCHJ»",generic,https://cb-pay.exely.com/Payme/generic/terminals/6832ac4b-2cab-4005-9f6d-69a7c1cea33c
68417d0ddfc9ac04736891bd,URBAN TRACK,"ООО «""URBAN TRACK"" MAS'ULIYATI CHEKLANGAN JAMIYAT»",generic,https://netto-api.urbantrack.uz/payme
68418610dfc9ac0473689318,mumtoz,"ООО «""MUMTOZ ASL SHARQONA"" MAS'ULIYATI CHEKLANGAN JAMIYAT»",generic,https://payment.api.delever.uz/payme
6843fae270e3dcbc596c60ba,BENEFIS,"ООО «""BENEFIS RETAIL"" MCHJ»",generic,https://payment.benefisretail.uz/payme
684562e170e3dcbc596c6e4a,Ijarabiznes,ЧП «ISLOMOV ODILXON»,generic,https://ijarabiznes.uz/api/organization/payme/pay
68466fa1dfc9ac047368c635,EDDE LANGUAGE,"ООО «""EVERCOAL"" MAS'ULIYATI CHEKLANGAN JAMIYAT»",generic,https://lang.edde.uz/payme
6846c152dfc9ac047368d399,BIOS0101,"ООО «""BIOS0101"" MCHJ»",generic,https://yangiserver.lc-up.com/handle/payme
6846c30fdfc9ac047368d3ed,BARA KAH,"ООО «""BARA KAH"" MCHJ»",generic,https://api.robosell.uz/api/v2/payme/partner
6846c769dfc9ac047368d48c,ADL GROUP,"ООО «""ADL GROUP"" MCHJ»",generic,https://pay.paketexpress.uz/webhook/payme
6846d7f9dfc9ac047368d731,BALCOM SOFT,"ООО «""BALCOM SOFT"" MAS'ULIYATI CHEKLANGAN JAMIYAT»",generic,https://dev-api.tuzuk.ai/api/v1/payment/payme/update
6847c2bfdfc9ac047368e218,Uzbekistan Airports,"АО «""UZBEKISTAN AIRPORTS"" AJ»",generic,https://mini-app.uzairports.com/api/payme
6847cde7dfc9ac047368e3a9,JURAVLEVA ANJELIKA VLADIMIROVNA,ЧП «JURAVLEVA ANJELIKA»,generic,https://b.ivend.uz/payme/api/v1/z8zIXCU68XYD9GzvkgxR/rpc
6847dacadfc9ac047368e5b3,Edit Maktab,"ООО «""EDIT MAKTAB"" MAS'ULIYATI CHEKLANGAN JAMIYAT»",generic,https://api.exode.biz/api/v2/payment/rpc/acquiring/43fa39da-c8ee-49fb-8fa3-5fa656a7ab04
6847f4c0dfc9ac047368e8f8,HOJIMUROD HASANOVICH,"ООО «""HOJIMUROD HASANOVICH"" MAS'ULIYATI CHEKLANGAN JAMIYAT»",arca,https://api-qr.uzcard.uz
68480e4b70e3dcbc596c9e90,KadastrGo,"ООО «""TRIGON STROY"" MCHJ»",generic,https://payme.kadastrgo.uz/api/transaction/payme
68481895dfc9ac047368ee39,311120106,"ООО «""RESTORAN INVEST"" MCHJ»",generic,https://payment.api.delever.uz/payme
684819a3dfc9ac047368ee63,URGANCH TAXI FORTUNA,"ООО «""URGANCH TAXI FORTUNA"" MAS'ULIYATI CHEKLANGAN JAMIYAT»",generic,https://1083taxi.lidertaxi.uz/admin/payme/get-me
68481c1670e3dcbc596ca07b,Clever,ООО «MCHJ CLEVERSOFT»,generic,https://admin.khivamuseum.uz/api/uz/payment/payme
68482c5adfc9ac047368f131,CUCUCINA,"ООО «OOO ""PEPPERONI""»",generic,https://payment.api.delever.uz/payme
68491175dfc9ac047368fb1a,SAM FINANCE POWER MIKRO MOLIYA TASHKILOTI,"ООО «""SAM FINANCE POWER MIKRO MOLIYA TASHKILOTI"" MAS'ULIYATI CHEKLANGAN JAMIYAT»",generic,https://mfo112.flexpul.uz/public/payme/payments
684912c3dfc9ac047368fb60,GOLUBIE KUPOLA,ООО «SEDMOE NEBO»,generic,https://payment.api.delever.uz/payme
684948dbdfc9ac0473690646, MIRTOIROV SARDOR ZOXID O‘G‘LI,ЧП «MIRTOIROV SARDOR»,generic,https://api.2pay.uz/api/payments/payme/
684a7302dfc9ac0473691d1d,GRAND DENTAL,"ООО «""GRAND DENTAL"" MAS'ULIYATI CHEKLANGAN JAMIYAT»",arca,https://api-qr.uzcard.uz
684ab084dfc9ac04736925df,ALL4U MARKETPLACE,"ООО «""ALL4U MARKETPLACE"" MCHJ»",generic,https://api.turonmarket.uz/api/site/payment/payme
684ab1bddfc9ac0473692621,СHEESE DAY,"ООО «""CHEESE DAY"" MCHJ»",generic,https://api.lamenu.uz/api/payments/v1/payme
684bd478dfc9ac0473693875,Uzbekistan Airports,"АО «""UZBEKISTAN AIRPORTS"" AJ»",generic,https://uzairports.com/api/payment/payme
684bec6ddfc9ac0473693b16,Fanur Education,"ООО «ООО ""THE FANUR GROUP""»",generic,https://api.fanur.uz/payme/payment/update/
684befafdfc9ac0473693bb8,EduMix,"ООО «""EDUMIX"" MAS'ULIYATI CHEKLANGAN JAMIYAT»",generic,https://api.kidi.uz/api/payme
684bf07f53a2e309cf06b69d,kimu,"ООО «""CLOUD PLATFORMS"" MAS'ULIYATI CHEKLANGAN JAMIYAT»",generic,https://kimu.uz/payme/callback
684c2417dfc9ac0473694309,REGISTON STUDY,"НОУ «""REGISTON STUDY""»",generic,https://api.exode.biz/api/v2/payment/rpc/acquiring/36728ee5-aee0-477f-8e8d-1d4b7738d8d7
684c8e95ce1722a4c53aee84,Johny,ООО «ISAMARKAND»,generic,https://top-admin.johny.uz/webhook/payme
684fc2cedfc9ac047369728f,SAMSIFAT SAVDO SERVIS,"ООО «""SAMSIFAT SAVDO SERVIS"" OK»",generic,https://api.e-brain.uz/v1/clients/payme-merchant/companies/61d7e186-f4a0-443c-ba14-6336c0ac6c7b/pay
684fc54bd629feb59d32d0d7,EVOS,ООО «MCHJ MAK FOOD SERVIS»,generic,https://payment.api.delever.uz/payme
684fcad7dfc9ac0473697676,туроператоров,"ООО «""AROUNDCA"" MAS'ULIYATI CHEKLANGAN JAMIYAT»",generic,https://aroundca.com/?wc-api=wc_payme
684fd4ee10729324d23b6ca5,Eleve,"ООО «""ELEVE"" XK»",generic,https://netto-api.eleve.uz/payme
684fe0a9dfc9ac047369790e,LION-TEX MACHINE GROUP,"ООО «""LION-TEX MACHINE GROUP"" MAS'ULIYATI CHEKLANGAN JAMIYAT»",generic,https://payment.api.delever.uz/payme
684fe0f6dfc9ac047369791c,Iramen Seoul Mun,ООО «Iramen Seoul Mun»,generic,https://payment.api.delever.uz/payme
684fe155dfc9ac047369792c,Arboss Jomiy 001,"ООО «""STROY DOMIK"" MCHJ»",generic,https://api.arboss.uz/api/payme
684ffeabdfc9ac0473697ebf,GASGO,"ООО «""DAB GLOBE"" MAS'ULIYATI CHEKLANGAN JAMIYAT»",generic,https://gasgo.mediasolutions.uz/api/payme/
6850043c70e3dcbc596d2ad9,O'ZAGROSUG'URTA,"АО «""O`ZAGROSUG`URTA""»",generic,https://mypolis.agros.uz/api/payme/buxoro
68500b38dfc9ac047369806c,KAFOLAT TA'LIM,"ООО «""OXUS IT ACADEMY"" MCHJ»",generic,https://api.yetkaz.uz/payme/pay
68500f73dfc9ac047369816a,RS AVTOPRO,"ООО «""RS AVTOPRO"" MAS'ULIYATI CHEKLANGAN JAMIYAT»",generic,https://api.robosell.uz/api/v2/payme/partner
6850ffcbdfc9ac0473698e92, CAKE BUMER PASTRY,"СП «""CAKE BUMER PASTRY"" OILAVIY KORXONA»",generic,https://payment.api.delever.uz/payme
685114d6ce1722a4c53b3540,Fabrize,"ООО «""MENSWEAR"" MAS`ULIYATI CHEKLANGAN JAMIYAT»",generic,https://fabrize.shop/api/payment
68515c67dfc9ac0473699c12,Mobil Nasiya,"ООО «""MOBILE HP"" MAS'ULIYATI CHEKLANGAN JAMIYAT»",generic,https://admin.mobilnasiya.uz/api/v1/payme
68525941dfc9ac047369aae7,QALB,"ООО «OOO ""QALB TECH""»",generic,https://api.qalb.uz/api/payme/webhook
68525be8dfc9ac047369ab51,DELEVER,ЧП «TURSUNOVA ZAMIRA»,generic,https://payment.api.delever.uz/payme
68525fb2dfc9ac047369abf6,Kafillik xizmati,АО «Tadbirkorlikni rivojlantirish kompaniyasi AJ»,generic,https://stage-tahlil.trk.uz/api/payment-providers/webhook/paycom
68526193dfc9ac047369ac48,Sunnyart,ЧП «XUSANBAYEVA SAIDA»,generic,https://api.sunnyart.uz/billing/payme/callback
6852878ddfc9ac047369b1d2,ZEIN,"ООО «""ZEIN EDTECH"" MAS'ULIYATI CHEKLANGAN JAMIYAT»",generic,https://api.zeinedtech.uz/api/payments/payme
6852945f529a42631f1dd76e,UzMobile,"АО «""O`ZBEKTELEKOM "" AJ»",uzmobile,https://10.0.202.229:446/KKM_PG_GATE/
68529b15dfc9ac047369b47e,UzLife,АО «AGROS HAYOT SUG`URTA KOMPANIYASI AJ»,uzagrosugurta,https://uzlife.uz/services/platon-core/api/v1/insurance/contract/onlinePays/payme
68529f77dfc9ac047369b527,ARIA SUG‘URTA TASHKILOTI,ООО «ARIA SUG‘URTA TASHKILOTI»,generic,https://aria-insurance-payment-knative.knative-fn.u-code.io/v1/payme
6852a6d8529a42631f1dd9f2,RUNLAB,"ООО «""RUNLAB"" MAS'ULIYATI CHEKLANGAN JAMIYAT»",arca,https://api-qr.uzcard.uz
6852ae6bdfc9ac047369b79e,BIZNES TAXI  GULISTAN,"ООО «""BIZNES TAXI GULISTAN"" MAS'ULIYATI CHEKLANGAN JAMIYAT»",generic,https://taxiplus.ddnsfree.com:4433/billing/paycom/
6852af6edfc9ac047369b7c6,SAMI BY DEYA,"ООО «""SAMI BY DEYA"" MAS'ULIYATI CHEKLANGAN JAMIYAT»",generic,https://payment.api.delever.uz/payme
6852b1c970e3dcbc596d616c,O'ZAGROSUG'URTA,"АО «""O`ZAGROSUG`URTA""»",generic,https://mypolis.agros.uz/api/payme/toshkent-sh
6852b20b53a2e309cf072e24,O'ZAGROSUG'URTA,"АО «""O`ZAGROSUG`URTA""»",generic,https://mypolis.agros.uz/api/payme/toshkent-v
6852ba3cd629feb59d3313db,Maklersizuyjoy,"ООО «""THE SECRET"" MCHJ»",generic,https://c425.coresuz.ru/billing/payme/index.php
6853a056dfc9ac047369c285,DIGITAL RESTAURANT,"ООО «""DIGITAL RESTAURANT"" MAS'ULIYATI CHEKLANGAN JAMIYAT»",generic,https://api.lacafe.uz/api/payments/v1/payme
6853a0fddfc9ac047369c2a8,ABI CENTRAL DONER ,"ООО «""CENTRAL DONER"" MChJ»",generic,https://payment.api.delever.uz/payme
6853ef34dfc9ac047369cd08,PLAYSEEN BOT,ЧП «HASANOV OTABEK»,generic,https://checkout.uz/callback/payments/payme
6853efa0dfc9ac047369cd20,Taksi Plyus,ООО «Taksi plyus hamkor»,generic,https://taxiplus.ddnsfree.com:4433/billing/paycom/
6853f436dfc9ac047369cdfa,XOLMATOV SHAXRIZOD FAZLITDIN O‘G‘LI,ЧП «XOLMATOV SHAXRIZOD»,generic,https://hcshop.uz/ocart2/?route=extension/payment/kit_payme&f=Callback
68540edc53a2e309cf074784,BAHA AI,"ООО «""BAHA AI"" MAS'ULIYATI CHEKLANGAN JAMIYAT»",generic,https://95.217.186.100:10443/user/payme/
68543ad8ce1722a4c53b76bd,doctor,"ООО «""OVI UNICORN"" MCHJ»",generic,https://ovi.chatme.uz/doctor/profile/doctor/callback/
685501c4529a42631f1dffa0,Ахангаран ,"ООО «""AUTO COFFEE SHOP"" MAS'ULIYATI CHEKLANGAN JAMIYAT»",arca,https://api-qr.uzcard.uz
68551521dfc9ac047369e03b,InterContinental Tashkent,"ИП ООО «""UZTUR  INVESTMENT AND DEVELOPMENT"" MCHJ XK»",intercontinental,https://trilliant.r-p-s.ru
685524f5dfc9ac047369e1bd,Yaponamama Андижан,"ООО «""KAMRONBEK SUSHI CENTR"" MAS'ULIYATI CHEKLANGAN JAMIYAT»",generic,https://payment.api.delever.uz/payme
685534b753a2e309cf075a5e,QIZIL POMADA,"ООО «""QIZIL POMADA"" MCHJ»",generic,https://api.ayolclub.uz/ru/api/v1/billing/payme/
68553a8cdfc9ac047369e51d,CHARGE MEE,"ООО «""CHARGE MEE"" MAS'ULIYATI CHEKLANGAN JAMIYAT»",generic,https://u-energy.uz/payment/payme/endpoint/
68553b05ce1722a4c53b876d,CAMU TAXI,"ООО «""CAMU TAXI"" MCHJ»",generic,https://texnodev.lidertaxi.uz/admin/payme/get-me
68554972dfc9ac047369e717,"""LUCHSHIY DEN"" MAS'ULIYATI CHEKLANGAN JAMIYAT","ООО «""LUCHSHIY DEN"" MCHJ»",tickets,http://172.17.9.240:3448
6855519adfc9ac047369e8c1,JABBAR AYANA XXX,ЧП «JABBAR AYANA»,generic,https://api.exode.biz/api/v2/payment/rpc/acquiring/00080ff6-1dec-4c17-a8ae-68d4d8e27b10
6856596fce1722a4c53b95ab,ART PRO MAGIC,"ООО «""ART PRO MAGIC"" MAS'ULIYATI CHEKLANGAN JAMIYAT»",generic,https://exabit.backend.xalqlardostligi-ticket.uz/api/transactions/payme
6856ebc553a2e309cf077368,Progress360,"ООО «""MAXIMUM ENGLISH"" NODAVLAT TA'LIM MUASSASASI»",generic,https://progress360.online/payment/payme/endpoint/
6857d462ce1722a4c53ba5ca,COWORKING PESHKU MCHJ,"ООО «""COWORKING PESHKU"" MAS`ULIYATI CHEKLANGAN JAMIYAT»",generic,https://api.hamrohim.uz/v1/payments/payme
6858e41ace1722a4c53bb07c,O'ZAGROSUG'URTA,"АО «""O`ZAGROSUG`URTA""»",generic,https://mypolis.agros.uz/api/payme/qoraqalpoq
6858e4a470e3dcbc596db7a8,O'ZAGROSUG'URTA,"АО «""O`ZAGROSUG`URTA""»",generic,https://mypolis.agros.uz/api/payme/andijon
6858e4dc10729324d23c0062,O'ZAGROSUG'URTA,"АО «""O`ZAGROSUG`URTA""»",generic,https://mypolis.agros.uz/api/payme/jizzax
6858e511d629feb59d336954,O'ZAGROSUG'URTA,"АО «""O`ZAGROSUG`URTA""»",generic,https://mypolis.agros.uz/api/payme/qashqadaryo
6858e54270e3dcbc596db7b9,O'ZAGROSUG'URTA,"АО «""O`ZAGROSUG`URTA""»",generic,https://mypolis.agros.uz/api/payme/navoiy
6858e56dce1722a4c53bb0b6,O'ZAGROSUG'URTA,"АО «""O`ZAGROSUG`URTA""»",generic,https://mypolis.agros.uz/api/payme/namangan
6858e59c10729324d23c0075,O'ZAGROSUG'URTA,"АО «""O`ZAGROSUG`URTA""»",generic,https://mypolis.agros.uz/api/payme/samarqand
6858e5c853a2e309cf07847f,O'ZAGROSUG'URTA,"АО «""O`ZAGROSUG`URTA""»",generic,https://mypolis.agros.uz/api/payme/surxondaryo
6858e5f2d629feb59d33696d,O'ZAGROSUG'URTA,"АО «""O`ZAGROSUG`URTA""»",generic,https://mypolis.agros.uz/api/payme/sirdaryo
6858e63570e3dcbc596db7d8,O'ZAGROSUG'URTA,"АО «""O`ZAGROSUG`URTA""»",generic,https://mypolis.agros.uz/api/payme/fargona
6858e66053a2e309cf078499,O'ZAGROSUG'URTA,"АО «""O`ZAGROSUG`URTA""»",generic,https://mypolis.agros.uz/api/payme/xorazm
6858eb4ddfc9ac04736a0f11,AL-IZZAT NICE DAY,"СП «""AL-IZZAT NICE DAY"" OILAVIY KORXONA»",generic,https://api.robosell.uz/api/v2/payme/partner
6858fc67dfc9ac04736a128a,Дубовой мороженое,ООО «YO'LCHI YULDUZ SAVDO»,generic,https://payment.api.delever.uz/payme
685905d0dfc9ac04736a13c3,Marina Restaurant,"ООО «""BETAKROR CHINOR"" MCHJ»",generic,https://backend.optochka.com/payments/activate-payme
685920f4dfc9ac04736a17a3,Yunusabad Galleria _Терминал_Arca,"СП ООО «""ADMIX SPORT"" MCHJ QK»",arca,https://api-qr.uzcard.uz
68592152ee9dff76826c6c38,HIGH TOWN PLAZA _Терминал_Arca,"СП ООО «""ADMIX SPORT"" MCHJ QK»",arca,https://api-qr.uzcard.uz
6859217eee9dff76826c6c3f,FAMILY PARK_Терминал_Arca,"СП ООО «""ADMIX SPORT"" MCHJ QK»",arca,https://api-qr.uzcard.uz
68594a3cd5c6ce1358eff4a5,SAZANCHIK PREMIUM,"ООО «""SAZANCHIK PREMIUM"" MAS'ULIYATI CHEKLANGAN JAMIYAT»",generic,https://payment.api.delever.uz/payme
68594ee653a2e309cf07949e,IMD-SYSTEM ООО,"ООО «""IMD-SYSTEM"" MCHJ»",generic,https://nwe-backend-production.up.railway.app/payme
685a37bbd5c6ce1358effff5,PASTA PASTA,"ООО «""PASTA-PASTA"" MCHJ»",generic,https://api.lacafe.uz/api/payments/v1/payme
685a4254d5c6ce1358f002dc,JAMSHID JASUR YUKSALISH,"ООО «""JAMSHID JASUR YUKSALISH"" XK»",arca,https://api-qr.uzcard.uz
685a4991d5c6ce1358f003fd,Stroy Dvor,"ООО «""FAMILY E-STROY"" OILAVIY KORXONA»",arca,https://api-qr.uzcard.uz
685a5b4904711a17e505b24a,SOKOLOV,"ООО «""FIRST JEWELRY"" MCHJ»",generic,https://sokolovuzbekistan-back.shamcrm.com/api/payment/webhook/payme
685a5b6604711a17e505b251,Hoopla ,"ООО «""HOOPLA BRIDGE"" MCHJ»",generic,https://bill.hoopla.uz/payments/payme/webhook
685a648a02653b207cf3bfe4,iqtidor,"ООО «""SAMARQAND IQTIDOR AKADEMIYASI"" XK»",generic,https://iqtidor-academy.uz/api/v1/payme_callback/
685a6f4f04711a17e505b437,MUHAMMADJONOV ANVARJON AMINJON O‘G‘LI,ЧП «MUHAMMADJONOV ANVARJON»,generic,http://167.86.102.118/api/v1/common/payme/
685a70fb730b40793b5ce658,Karavan Taxi,"ООО «""ELYOR ELCHIN KARIMBAYEVLAR"" MAS'ULIYATI CHEKLANGAN JAMIYAT»",generic,https://karavan1.teamwork.uz/api/v1/payme-base/payme-end-point
685a7bd204711a17e505b600,RIVER NUTRITION,"ООО «""RIVER NUTRITION"" XK»",generic,https://api.robosell.uz/api/v2/payme/partner
685a7c7104711a17e505b626, TCD DIGITAL TRADE,"ООО «""TCD DIGITAL TRADE"" MAS'ULIYATI CHEKLANGAN JAMIYAT»",generic,https://api.robosell.uz/api/v2/payme/partner
685b8695131d4fc422a6c9f1,SUPPORT POINT,"ООО «""SUPPORT POINT"" »",generic,https://device.radiomer.uz/api/payment/payme/v2
685b8b6004711a17e505c633,ICONIC,"ООО «""FOOD REACTOR"" MCHJ»",generic,https://backend.optochka.com/payments/activate-payme
685b8c4a04711a17e505c65c,GLOWLEDGE,"ООО «""GLOWLEDGE"" MCHJ»",generic,https://ayjan.sodda.ai/payment/payme/callback
685b8f60131d4fc422a6cb76,AMUSOFT,"ООО «""AMUSOFT"" MCHJ»",generic,https://komparativistika.uz/api/payme/webhook
685b988204711a17e505c8a9,OOO Zamin MObile,ООО «ZAMIN MOBILE»,generic,http://94.158.52.192/api/zamin/paycom/
685bb1c5730b40793b5cfcd1,SAYMOV ALIBEK NURALI O‘G‘LI,ЧП «SAYMOV ALIBEK»,generic,https://yolharakatiqoidalari.uz/api/payme/merchant
685bc21804711a17e505ce88,COSMETICS PRO,"ООО «""COSMETICS PRO"" MCHJ»",generic,http://cosmeticspro.uz/personal/order/notification.php
685bc23404711a17e505ce8a,KRASKO,"ООО «""KRASKO"" MCHJ»",generic,https://psapi.megagroup.ru/accounts/109094/notify
685bc35904711a17e505ceae,SHOLI REST,"ООО «""SHOLI REST"" MAS'ULIYATI CHEKLANGAN JAMIYAT»",generic,https://api.lamenu.uz/api/payments/v1/payme
685bc58202653b207cf3da74,So'z akademiyasi onlayn,ООО «MILLAT MCHJ»,generic,https://pan-bot-api.qisqa.link/api/payme
685bca7c04711a17e505cfcb,LOOOK,"ООО «ООО ""CH-FOODEX""»",generic,https://api.sievesapp.com/v1/public/receive-payme
685bcb1804711a17e505cfdb,LOOOK YUNUSOBOD,"ООО «ООО ""YU-SWIZZA""»",generic,https://api.sievesapp.com/v1/public/receive-payme
685beafa383001e69581102d,Phone Status Checker,"ООО «""IDENTITY "" MCHJ»",generic,https://cabinet.subcontrol.uz/api/payment/v1/payme
685bf672383001e6958111b1,EKVIUM TASH,"ООО «""EKVIUM TASH"" MCHJ»",tickets,http://172.17.9.240:3448
685bfcda4f78f031e4c5a24d,Savdona - online marketplace,ЧП «RUSTAMOV SHAXROM»,generic,https://stage.savdona.uz/api/payments/payme/v1
685ceeb74f78f031e4c5ae03,ROMANCHIKOVA NATALYA NIKOLAYEVNA,ЧП «ROMANCHIKOVA NATALYA»,generic,https://bookhunter.uz/api/payme/webhook
685d093f15461d903a41b09f,MY PROFY,"ООО «""DIGITAL MASTERS ACADEMY"" MCHJ»",generic,https://api.myprofy.uz/payme/callback/
685d0e3e383001e6958122af,MrDjemiusZero,"ООО «""GREENPORT"" MAS`ULIYATI CHEKLANGAN JAMIYAT»",generic,https://mrdjemiuszero.uz/api/payme/callback
685d1c95383001e6958124c5,HAMKOR-OZIQ-OVQAT,"ООО «""HAMKOR-OZIQ-OVQAT"" MCHJ»",arca,https://api-qr.uzcard.uz
685d2161383001e69581256f,IFOR PHARMA ,"ООО «""IFOR PHARMA"" MCHJ»",arca,https://api-qr.uzcard.uz
685d21ba383001e695812576,IFOR PHARMA ,"ООО «""IFOR PHARMA"" MCHJ»",arca,https://api-qr.uzcard.uz
685d21e5383001e69581257c,IFOR PHARMA ,"ООО «""IFOR PHARMA"" MCHJ»",arca,https://api-qr.uzcard.uz
685d223a383001e695812583,IFOR PHARMA ,"ООО «""IFOR PHARMA"" MCHJ»",arca,https://api-qr.uzcard.uz
685d296960730641fb0607c4,ZonCloud,"ООО «""ZON CLOUD"" MAS'ULIYATI CHEKLANGAN JAMIYAT»",generic,https://api.zon.uz/smart/payme/1000245382
685d44da383001e695812c5c,UTM INFO,"ООО «""UTM INFO"" MCHJ»",generic,https://pay.utm.uz/payme-api/payme.php
685e3efd383001e695813b0f,THE SECRET,"ООО «""THE SECRET"" MCHJ»",generic,https://c414.coresuz.ru/tohirjonKurslari/billing/payme/index.php
685e4115383001e695813b8c,Avtoritet A Bozor,"ООО «""A BAZAR CAR WASH"" MChJ»",generic,https://motors.itpoint.uz/payment/payme/carwash
685e45a4383001e695813c6d, MULTIGO ООО,"ООО «""MULTIGO"" MAS'ULIYATI CHEKLANGAN JAMIYAT»",generic,https://psapi.megagroup.ru/accounts/101654/notify
685e7860383001e695814330,Hilol Nashr,"ООО «""HILOL KITOBLARI"" MCHJ»",generic,https://hilolnashr.uz/index.php?route=extension/payment/paycom/callback
685e7a1c383001e695814384,SHIROQ BUSINESS SCHOOL,"ООО «""YOSH MENEJER"" MCHJ»",generic,https://api.exode.biz/api/v2/payment/rpc/acquiring/97aa21e7-262d-4af0-9962-6ec7e98408e5
685e920c383001e6958146b0,XOZMAGCHI,ЧП «TUYCHIYEV SHAHBOZ»,arca,https://api-qr.uzcard.uz
685ecb784f78f031e4c5d727,UZS STARS,ЧП «NORMUMINOV JAMSHID»,generic,https://uzsstars.uz/api/payme/v1/payment/result
685fcadea65db194a8e2cf6f,KAMOL KABEL TV,"ООО «""KAMOL-KABEL-TV"" MAS`ULIYATI CHEKLANGAN JAMIYAT»",generic,https://api.bill.ktv.uz/payme-merchant
685fcd16aae00494a7e4e27a,ASADMAXMUD,ЧП «MAMATQULOV ASATILLO»,generic,https://asadmaxmud.up.railway.app/payment/update/
686222fafc64bb470baeb8d1,RAHIMJONOV ABBOSBEK QAHRAMON O‘G‘LI,ЧП «RAHIMJONOV ABBOSBEK»,generic,https://b.ivend.uz/payme/api/v1/ozCaUUmk47S6Z9oCQL1B/rpc
68625c52fc64bb470baec1a6,IT TALIM BERISH MARKAZI USTUDY,"ООО «""IT TA`LIM BERISH MARKAZI USTUDY"" MCHJ»",generic,https://api.my.ustudy.uz/api/billing/payme/
6862741dfc64bb470baec599, FANAVVD MIKROMOLIYA TASHKILOTI,"ООО «""FANAVVD MIKROMOLIYA TASHKILOTI"" MAS'ULIYATI CHEKLANGAN JAMIYAT»",generic,https://mfo141.flexpul.uz/public/payme/payments
686276bbfc64bb470baec618,BALCOM SOFT,"ООО «""BALCOM SOFT"" MAS'ULIYATI CHEKLANGAN JAMIYAT»",generic,https://stg-api.tuzuk.ai/api/v1/payment/payme/update
686276d6fc64bb470baec61d,BALCOM SOFT,"ООО «""BALCOM SOFT"" MAS'ULIYATI CHEKLANGAN JAMIYAT»",generic,https://api.tuzuk.ai/api/v1/payment/payme/update
686280dc27d4f7016a8d0f21,OziyEdu,ЧП «ALIMJONOV OZODBEK»,generic,https://oziyedu-payme-supabase-new.onrender.com/
6863815f74755eccf65a0e33,CUCUCINA,"ООО «""IMPASTO"" MAS'ULIYATI CHEKLANGAN JAMIYAT»",generic,https://payment.api.delever.uz/payme
686381fb74755eccf65a0e53,Ziyo-Smm,ЧП «ABDUAXATOV SHOHZODBEK»,generic,https://yurzar.ru/ilikee/payme/payme_handler.php
686386cc74755eccf65a0f26,LOOOK BERUNIY,"ООО «ООО ""B-BURGERA""»",generic,https://api.sievesapp.com/v1/public/receive-payme
6863871674755eccf65a0f37,LOOOK MAKSIM GORKIY,"ООО «""M-SMILE"" MCHJ»",generic,https://api.sievesapp.com/v1/public/receive-payme
6863879a74755eccf65a0f4d,AVA PIZZA,"ООО «""AVA PIZZA"" MCHJ»",generic,https://api.sievesapp.com/v1/public/receive-payme
686387fd74755eccf65a0f64,LOOOK Tashkent City,"ООО «""C-SYMBOL"" MCHJ»",generic,https://api.sievesapp.com/v1/public/receive-payme
6863885274755eccf65a0f6e,HIGH LOOK,"ООО «""HIGH LOOK"" MCHJ»",generic,https://api.sievesapp.com/v1/public/receive-payme
6863894974755eccf65a0f93,YANGIYOL LOOK,"ООО «""YANGIYOL LOOK"" MCHJ»",generic,https://api.sievesapp.com/v1/public/receive-payme
6863b03074755eccf65a16e8,"""UZKEYSSERVIS"" MCHJ","СП ООО «""UZKEYSSERVIS"" MCHJ»",generic,http://94.141.69.246:8080/uppt/hs/ucsPayme/cp
6863c6da74755eccf65a1c35,MARJAN AGENCY,"ООО «""MARJAN AGENCY"" MCHJ»",generic,https://office.marjon.uz/api/v2/payments/providers/payme/
6863cd956f65d96c1cb3dd90,NAMANGAN CHORSU DEHQON UNIVERSAL BOZORI,"АО «""NAMANGAN CHORSU DEHQON UNIVERSAL BOZORI"" AKSIYADORLIK JAMIYATI»",generic,https://payment.webhook.aqllibozor.uz/api/transaction/payme/6863cd956f65d96c1cb3dd90
686432706f65d96c1cb3e831,UY.UZ Test,"ООО «""ASMA"" MCHJ»",generic,https://uybiznes.uz/api/v1/payment/payme/webhook/
6864c5ad74755eccf65a2f31,VKUSNOM MARKET,"ООО «""VKUSNOM MARKET"" MAS'ULIYATI CHEKLANGAN JAMIYAT»",arca,https://api-qr.uzcard.uz
6864e2a86f65d96c1cb3f53b,CONTROL DOC,"ООО «""CONTROL DOC"" MCHJ»",generic,https://legal-payment-knative.knative-fn.u-code.io/v1/payme
6864e4ed74755eccf65a3671,A5,ООО «ANVAR FARMSERVIS»,generic,https://api.robosell.uz/api/v2/payme/partner
6864fcb674755eccf65a3a22,TEXNOMART,"ООО «""AXIOM PLAN"" MCHJ»",texnomart,https://ut-axiom.texnomart.uz
6865074074755eccf65a3be4,ORZU ENTERTANMENT,"ООО «""ORZU ENTERTANMENT"" MCHJ»",generic,https://i.tvoybot.com/api/v1/bot-payments/16/0198385b-f94c-7188-a554-b5331ad48c70/pay
68650aae7655ee029e3c657f,MOVIY TV,"ООО «""OTABEK ZOIROV"" OILAVIY KORXONA»",generic,https://moviytv.teamwork.uz/payme/endpoint/
68650f8b74755eccf65a3d65,LASEME ,"ООО «""ALEXI LASER"" MAS'ULIYATI CHEKLANGAN JAMIYAT»",arca,https://api-qr.uzcard.uz
686519a0ee6a94b5bceef0d8,GREENLEAF,ЧП «MAXMUDOVA SAXIBA»,arca,https://api-qr.uzcard.uz
686526ad74755eccf65a413a,СHEESE DAY,"ООО «""CHEESE DAY"" MCHJ»",generic,https://api.lacafe.uz/api/payments/v1/payme
686620e35e3cb0be785d9c7d,Gtickets_FondUZ,"ООО «""GET TICKETS"" MCHJ»",generic,https://api.gtickets.uz/payme
68662130729a1c1fec92b0e6,Gtickets - ProArt,"ООО «""GET TICKETS"" MCHJ»",generic,https://api.gtickets.uz/payme
6866218d6f65d96c1cb40dd7,Gtickets - Entertainment,"ООО «""GET TICKETS"" MCHJ»",gtickets,https://api.gtickets.uz/payme
686627d474755eccf65a507c,Promarketing.uz,"ООО «""FIVE5 AGENCY"" MChJ»",generic,https://getmarketing.uz/payments/payme
68667c885e3cb0be785dac6e,PRESTIJ GOLD ООО,"ООО «""PRESTIJ  GOLD"" MCHJ»",generic,https://912.langame.ru/master_api/payments/payme
6866893974755eccf65a62d8, Molto Caldo Fergana,"ООО «""CAPITAL OF FASHION"" MCHJ»",arca,https://api-qr.uzcard.uz
68679a0674755eccf65a73bb,PROSHASHLYK,"ООО «""PROSHASHLYK"" MAS'ULIYATI CHEKLANGAN JAMIYAT»",generic,https://payment.api.delever.uz/payme
6867a43274755eccf65a7507,Molto Caldo Marg'ilon,ЧП «ABIDOVA MUKADDAS»,arca,https://api-qr.uzcard.uz
6867c00174755eccf65a79fb,Hurma Lombard,"ИП ООО «""Hurma Lombard"" MAS`ULIYATI CHEKLANGAN JAMIYAT XORIJIY KORXONA»",generic,https://lmb116.flexpul.uz/public/payme/payments
6867ccb9d7ab35889d6c3cbd,Flakon.uz,"ООО «""PAPA RICH"" MCHJ»",generic,https://api.flakon.uz/api/payment/callback
6868e1ebd7ab35889d6c4a33,МОЛОКО,ООО «WHITE DRINK COMPANY»,generic,https://api.lacafe.uz/api/payments/v1/payme
6869fcf35adbabefe1420a60,DEVMI,ЧП «MUQUMOV SAMANDARBEK»,generic,https://anv.devmi.uz/api/payme
686b9a8dd7ab35889d6c722f,Мой Бухгалтер,"ООО «""ASSISTANT BUSINESS MARKET"" MCHJ»",generic,https://api.posbox.uz/api/v1/payme/merchant/callback
686bad82d7ab35889d6c75e9,iWon,"AO «""CHOYKHONA"" АО»",generic,https://api.iwon.uz/api/v1/iwon-business/checkout/payme
686bc2c4d7ab35889d6c7a34,УЗДРАМА,"ООО «""CHERRY TECH"" MAS'ULIYATI CHEKLANGAN JAMIYAT»",generic,https://pmzf.uzdrama.uz/v1/zhifu/pay
686bc61dd7ab35889d6c7aa4,LETI EDU,"ООО «""LETI EDU"" MAS'ULIYATI CHEKLANGAN JAMIYAT»",generic,https://api.exode.biz/api/v2/payment/rpc/acquiring/3622dbd8-3ad7-4032-8412-8b08f7cf8208
686bca32d7ab35889d6c7b57,"""CAMBRIDGE GROUP"" MCHJ","ООО «""CAMBRIDGE GROUP"" MAS'ULIYATI CHEKLANGAN JAMIYAT»",generic,https://app.cambridgeonline.uz/api/mock-exam-outside/payme/handle
686bd4ebf7e4c169900bd3e1,GREEN POINT,"ООО «""GREEN POINT"" MCHJ»",generic,https://api.greenpoint.uz/payme
686cb3a3d7ab35889d6c8661,YTT Muratov,ЧП «MURATOV ZAIR»,generic,https://b.ivend.uz/payme/api/v1/aX8aHd3CdzwvNIQbxro4/rpc
686cb73ed7ab35889d6c8702,CHET EL KAPITALI ISHTIROKIDAGI HAMKORBANK,АО «CHET EL KAPITALI ISHTIROKIDAGI HAMKORBANK»,hamkorbank,https://vendor-api.hamkorbank.uz
686cbd20d7ab35889d6c88f7,Sushi Wok Master,"ООО «ООО ""PASHAS""»",generic,https://api.lacafe.uz/api/payments/v1/payme
686cc2c0d7ab35889d6c8a58,MOYRAVENOL,"ООО «""MOYRAVENOL"" MAS'ULIYATI CHEKLANGAN JAMIYAT XORIJIY KORXONA»",generic,https://shop.ravenol.uz/payments.php/payme/?app_id=shop&merchant_id=47
686cc88ed7ab35889d6c8b85,Geek Tv,ЧП «IBRAGIMOV DIYORBEK»,generic,https://geektv-backend.onrender.com/payme/webhook
686ce6eed7ab35889d6c8ff8,MAMADALIYEV ZULFIQORJON,ЧП «MAMADALIYEV ZULFIQORJON»,generic,https://alpha-smm.com/payments/payme/webhook
686cfa46d7ab35889d6c942a,SOAPCO,"ООО «""SOAPCO"" MCHJ»",generic,https://soapco-shop.monstable.com/api/payment/payme
686d0d36d7ab35889d6c97c7,Sarmoya Books,"ООО «""SARMOYA BOOKS"" MCHJ»",generic,https://sarmoyabooks.magicstore.uz/handle/payme/66a4c612-c73c-435a-b1ef-0724bac960ce
686d0e19d7ab35889d6c97ee,SEBZOR TAXI,"ООО «""SEBZOR TAXI"" MAS'ULIYATI CHEKLANGAN JAMIYAT»",generic,https://hasipanost.beget.app/fleet/paycom/
686d21e1d7ab35889d6c9b04,OLD KAMOLON KABOBLARI,"СП «""OLD KAMOLON KABOBLARI"" OILAVIY KORXONA»",generic,https://payment.api.delever.uz/payme
686e14c9f7e4c169900bfe0c,STARTUP - INVEST,"ООО «ООО ""STARTUP  -  INVEST""»",generic,https://api.shox.uz/payment/payme/merchant/
686e31f3d7ab35889d6cacb1,MEDICAL GROSS,"ООО «""MEDICAL GROSS"" MAS`ULIYATI CHEKLANGAN JAMIYAT»",generic,https://kdavo.uz/payment/payme/index.php
686e4549d7ab35889d6cb04a,Safia,"ООО «""MADINA-QANDOLAT"" MCHJ»",generic,https://payme.safiadelivery.com/?resid=a09298f5-dab3-4fd8-840f-a324800bba6b
686e4f814285ec7f4a144986,AUTO COFFEE SHOP,"ООО «""AUTO COFFEE SHOP"" MAS'ULIYATI CHEKLANGAN JAMIYAT»",arca,https://api-qr.uzcard.uz
686e4fe3d7ab35889d6cb26b,Fitrat,"ООО «""SECTOR SOFT"" MCHJ»",generic,https://api.tema2.sector-soft.ru/api/v1/webhook/payme
686e541ed7ab35889d6cb329,KAERCHER ,"ИП ООО «""KAERCHER"" MCHJ XK»",generic,https://pay.karcher.uz/payme/merchant/api
686f499ff7e4c169900c1427,SAXOVAT LUX,"ООО «""SAXOVAT LUX"" MAS'ULIYATI CHEKLANGAN JAMIYAT»",generic,https://familytaxi.uz/admin/payme/get-me
686f4efad7ab35889d6cc145,JALOLIDDIN SHOHIDA BUILDING,"ООО «""JALOLIDDIN SHOHIDA BUILDING"" MAS'ULIYATI CHEKLANGAN JAMIYAT»",arca,https://api-qr.uzcard.uz
686f56247448bb3d0d96dff1,Taxograf kartochkasi,"ООО «""TRANSPORT ILMIY-TADQIQOT MARKAZI"" MCHJ»",generic,https://api.titm.uz/billing/payme
686f5de0d7ab35889d6cc3c3,Safia,"ООО «""MADINA-QANDOLAT"" MCHJ»",generic,https://payme.safiadelivery.com/?resid=f1fc4c39-b22a-465c-815b-4025744d62bc
686f5e4bd7ab35889d6cc3d9,Safia,"ООО «""MADINA-QANDOLAT"" MCHJ»",generic,https://payme.safiadelivery.com/?resid=6a745f05-1a33-46d1-b754-1aff99a67d45
686f5ec1d7ab35889d6cc3f7,Safia,"ООО «""MADINA-QANDOLAT"" MCHJ»",generic,https://payme.safiadelivery.com/?resid=edddf6f2-9046-44f2-a00e-6c0f8040df14
686f5f14d7ab35889d6cc409,Safia,"ООО «""MADINA-QANDOLAT"" MCHJ»",generic,https://payme.safiadelivery.com/?resid=9dc6f1d7-8f2b-4f86-b90c-85215ac4c1ed
686f5f7dd7ab35889d6cc423,Safia,"ООО «""MADINA-QANDOLAT"" MCHJ»",generic,https://payme.safiadelivery.com/?resid=5a112a25-c509-4157-9d48-e744141468c6
686f5fc6d7ab35889d6cc432,Safia,"ООО «""MADINA-QANDOLAT"" MCHJ»",generic,https://payme.safiadelivery.com/?resid=6eab282e-dfb2-4f9d-9d81-ad1b68c4893a
686f6034d7ab35889d6cc43a,Safia,"ООО «""MADINA-QANDOLAT"" MCHJ»",generic,https://payme.safiadelivery.com/?resid=6a198d39-661b-4d3a-9927-0b03eee2d6e7
686f6082d7ab35889d6cc446,Safia,"ООО «""MADINA-QANDOLAT"" MCHJ»",generic,https://payme.safiadelivery.com/?resid=445a57ae-fe1e-427c-a76b-3159bd5dc92e
686f60ddd7ab35889d6cc463,Safia,"ООО «""MADINA-QANDOLAT"" MCHJ»",generic,https://payme.safiadelivery.com/?resid=1d71ea73-4117-4337-8838-745b42541fe8
686f613bd7ab35889d6cc484,Safia,"ООО «""MADINA-QANDOLAT"" MCHJ»",generic,https://payme.safiadelivery.com/?resid=8fcba996-14ca-4947-a043-b59af89ae1c9
686f615ed7ab35889d6cc48f,Safia,"ООО «""MADINA-QANDOLAT"" MCHJ»",generic,https://payme.safiadelivery.com/?resid=5ad15c16-ee0e-4088-9a9c-ebf212b9ecdb
686f6196d7ab35889d6cc4a0,Safia,"ООО «""MADINA-QANDOLAT"" MCHJ»",generic,https://payme.safiadelivery.com/?resid=079f131e-737a-4563-99e5-db39891434e4
686f61c5d7ab35889d6cc4a6,Safia,"ООО «""MADINA-QANDOLAT"" MCHJ»",generic,https://payme.safiadelivery.com/?resid=0eeb4e40-d8cc-40eb-9312-98f987aeee51
686f61fed7ab35889d6cc4b1,Safia,"ООО «""MADINA-QANDOLAT"" MCHJ»",generic,https://payme.safiadelivery.com/?resid=f4266014-9cbe-4cbb-8b3a-8c2d881485e2
686f624cd7ab35889d6cc4bd,Safia,"ООО «""MADINA-QANDOLAT"" MCHJ»",generic,https://payme.safiadelivery.com/?resid=aca344d1-b3d7-41ba-b010-5998b3837d3f
686f626bd7ab35889d6cc4c0,Safia,"ООО «""MADINA-QANDOLAT"" MCHJ»",generic,https://payme.safiadelivery.com/?resid=76dccfd7-7851-4eaf-bb7b-f15d8be2fee7
686f628cd7ab35889d6cc4ca,Safia,"ООО «""MADINA-QANDOLAT"" MCHJ»",generic,https://payme.safiadelivery.com/?resid=5adaf0e1-2bba-4c4d-84b7-a1dc0df6b03b
686f62b5d7ab35889d6cc4cf,Safia,"ООО «""MADINA-QANDOLAT"" MCHJ»",generic,https://payme.safiadelivery.com/?resid=0299405d-653d-48a7-b012-4dd936e017c5
686f62d4d7ab35889d6cc4d9,Safia,"ООО «""MADINA-QANDOLAT"" MCHJ»",generic,https://payme.safiadelivery.com/?resid=a219cde5-35d4-425d-bd77-fbff99693145
686f62fdd7ab35889d6cc4e0,Safia,"ООО «""MADINA-QANDOLAT"" MCHJ»",generic,https://payme.safiadelivery.com/?resid=def436e8-1206-4f20-9a55-eba25bcf23f2
686f6405d7ab35889d6cc50d,Safia,"ООО «""MADINA-QANDOLAT"" MCHJ»",generic,https://payme.safiadelivery.com/?resid=8a394df7-e66a-4fe5-ab44-54a02170914c
686f6424d7ab35889d6cc515,Safia,"ООО «""MADINA-QANDOLAT"" MCHJ»",generic,https://payme.safiadelivery.com/?resid=7ff55d1a-d4d2-414f-9aa1-6fa6fc613b65
686f64b4d7ab35889d6cc536,Safia,"ООО «""MADINA-QANDOLAT"" MCHJ»",generic,https://payme.safiadelivery.com/?resid=9f67e0fb-0691-44cd-befa-7b573504f90d
686f64d9d7ab35889d6cc53f,Safia,"ООО «""MADINA-QANDOLAT"" MCHJ»",generic,https://payme.safiadelivery.com/?resid=26a9aa68-e664-4870-8f59-3d71f5c4685f
686f6505d7ab35889d6cc54a,Safia,"ООО «""MADINA-QANDOLAT"" MCHJ»",generic,https://payme.safiadelivery.com/?resid=de81d09a-deea-407d-aa04-89d85e6c0eac
686f6520d7ab35889d6cc550,Safia,"ООО «""MADINA-QANDOLAT"" MCHJ»",generic,https://payme.safiadelivery.com/?resid=06605509-c3b5-47a9-b443-fb27b6a8fc22
686f6542d7ab35889d6cc561,Safia,"ООО «""MADINA-QANDOLAT"" MCHJ»",generic,https://payme.safiadelivery.com/?resid=9684afb8-e114-4534-8c2c-4e6047980aa7
686f655dd7ab35889d6cc56a,Safia,"ООО «""MADINA-QANDOLAT"" MCHJ»",generic,https://payme.safiadelivery.com/?resid=95ff3209-bc89-4ad1-b003-ec0fdd28a75e
686f659dd7ab35889d6cc58a,Safia,"ООО «""MADINA-QANDOLAT"" MCHJ»",generic,https://payme.safiadelivery.com/?resid=f40f7e8c-ce86-4662-8f41-87541fb931b0
686f65c3d7ab35889d6cc594,Safia,"ООО «""MADINA-QANDOLAT"" MCHJ»",generic,https://payme.safiadelivery.com/?resid=e9bf49d1-bcd9-491e-a9ab-67bcd494ef6d
686f65f3d7ab35889d6cc596,Safia,"ООО «""MADINA-QANDOLAT"" MCHJ»",generic,https://payme.safiadelivery.com/?resid=abd971c3-4daa-4dff-8483-f02a375b4e92
686f6639d7ab35889d6cc5a5,Safia,"ООО «""MADINA-QANDOLAT"" MCHJ»",generic,https://payme.safiadelivery.com/?resid=2cf11112-4ac7-47d4-a608-98eb8f520fde
686f666dd7ab35889d6cc5b0,Safia,"ООО «""MADINA-QANDOLAT"" MCHJ»",generic,https://payme.safiadelivery.com/?resid=078fb572-0aa3-4f78-bfca-3e613a687c03
686f669ed7ab35889d6cc5b4,Safia,"ООО «""MADINA-QANDOLAT"" MCHJ»",generic,https://payme.safiadelivery.com/?resid=688e0bdc-0dbf-4211-8baa-1fb16fcb1d3c
686f66dbd7ab35889d6cc5bd,Safia,"ООО «""MADINA-QANDOLAT"" MCHJ»",generic,https://payme.safiadelivery.com/?resid=3331b04f-d8df-409c-a15e-62a3df10eeeb
686f670fd7ab35889d6cc5c5,Safia,"ООО «""MADINA-QANDOLAT"" MCHJ»",generic,https://payme.safiadelivery.com/?resid=3709f753-d5f5-4388-9da7-c6d235cf5613
686f6749d7ab35889d6cc5cc,Safia,"ООО «""MADINA-QANDOLAT"" MCHJ»",generic,https://payme.safiadelivery.com/?resid=77896735-de40-479c-8c35-3c80534ae400
686f6834d7ab35889d6cc5f3,Safia,"ООО «""MADINA-QANDOLAT"" MCHJ»",generic,https://payme.safiadelivery.com/?resid=a1a8c9ca-d81e-464e-998b-5abf114f63d3
686f6862d7ab35889d6cc5f8,Safia,"ООО «""MADINA-QANDOLAT"" MCHJ»",generic,https://payme.safiadelivery.com/?resid=01ab49e1-7c3b-400e-b3fd-83982908aa72
686f68bcd7ab35889d6cc611,Safia,"ООО «""MADINA-QANDOLAT"" MCHJ»",generic,https://payme.safiadelivery.com/?resid=25ad108a-7f50-4ed1-b306-69f184215ac6
686f6e04d7ab35889d6cc6d1,O‘RINOV FIRDAVS IKROM O‘G‘LI,ЧП «O‘RINOV FIRDAVS»,generic,https://api.exode.biz/api/v2/payment/rpc/acquiring/0c1cf195-7733-4351-ae0a-26aa043a25db
686f6ed9d7ab35889d6cc6ea,WEST,"ООО «""WEST-BURGERS"" MAS'ULIYATI CHEKLANGAN JAMIYAT»",generic,https://backend.optochka.com/payments/activate-payme
686f8623d7ab35889d6ccb1c,Safia,"ООО «""MADINA-QANDOLAT"" MCHJ»",generic,https://payme.safiadelivery.com/?resid=cc5df83c-1524-431f-8a29-a7f79d87c957
686f8718d7ab35889d6ccb40,Safia,"ООО «""MADINA-QANDOLAT"" MCHJ»",generic,https://payme.safiadelivery.com/?resid=6daabb6c-cb3b-484e-baf0-00cccbac6995
686f877bd7ab35889d6ccb53,Safia,"ООО «""MADINA-QANDOLAT"" MCHJ»",generic,https://payme.safiadelivery.com/?resid=
686f8d5dd7ab35889d6ccc72,Safia,"ООО «""MADINA-QANDOLAT"" MCHJ»",generic,https://payme.safiadelivery.com/?resid=2ad40bec-f68f-47a9-ac6b-f885f0e9456f
686f8f9bd7ab35889d6cccc2,Safia,"ООО «""MADINA-QANDOLAT"" MCHJ»",generic,https://payme.safiadelivery.com/?resid=b6f3145e-f9dc-4bc7-802b-f026b0ca60f7
686f9155d7ab35889d6ccd05,Safia,"ООО «""MADINA-QANDOLAT"" MCHJ»",generic,https://payme.safiadelivery.com/?resid=0f9b728f-de27-4857-a5ae-8e3938ae5e59
686f91f8d7ab35889d6ccd25,Safia,"ООО «""MADINA-QANDOLAT"" MCHJ»",generic,https://payme.safiadelivery.com/?resid=0efdc795-c4fa-44b7-92cc-663b0e5d01cf
686f92c6d7ab35889d6ccd38,Safia,"ООО «""MADINA-QANDOLAT"" MCHJ»",generic,https://payme.safiadelivery.com/?resid=216d8d27-a185-43be-ba4a-0f48bb06bbd6
686f93cdd7ab35889d6ccd6c,Safia,"ООО «""MADINA-QANDOLAT"" MCHJ»",generic,https://payme.safiadelivery.com/?resid=bf1fefe7-6dd2-432e-ac01-4edf54da855b
686f9b4ad7ab35889d6ccf6c,Safia,"ООО «""MADINA-QANDOLAT"" MCHJ»",generic,https://payme.safiadelivery.com/?resid=edea0936-ba15-46c4-8bef-eebca09fd897
686f9bd4d7ab35889d6ccf81,Safia,"ООО «""MADINA-QANDOLAT"" MCHJ»",generic,https://payme.safiadelivery.com/?resid=2cc4f938-b8ae-4863-8b61-7da6c6da9fad
686f9cc8d7ab35889d6ccfba,Safia,"ООО «""MADINA-QANDOLAT"" MCHJ»",generic,https://payme.safiadelivery.com/?resid=440fc9bf-dbd3-405d-9d97-0c9992459762
686f9d72d7ab35889d6ccfdb,Safia,"ООО «""MADINA-QANDOLAT"" MCHJ»",generic,https://payme.safiadelivery.com/?resid=c2838b6b-8f36-4bb3-8363-0662149b5cfc
686f9de4d7ab35889d6ccfeb,Safia,"ООО «""MADINA-QANDOLAT"" MCHJ»",generic,https://payme.safiadelivery.com/?resid=156de38a-3ca4-48f2-bdd3-99632b0df0f9
686f9e71d7ab35889d6cd00c,Safia,"ООО «""MADINA-QANDOLAT"" MCHJ»",generic,https://payme.safiadelivery.com/?resid=bcf4d605-5ee2-4cbf-af02-ff2bf93cc389
686fa141d7ab35889d6cd083,Safia,"ООО «""MADINA-QANDOLAT"" MCHJ»",generic,https://payme.safiadelivery.com/?resid=7f6addec-96d9-402a-8d9b-8edb1353c006
686fa21dd7ab35889d6cd0be,Safia,"ООО «""MADINA-QANDOLAT"" MCHJ»",generic,https://payme.safiadelivery.com/?resid=31894559-cd7f-4ad1-8dd1-0e0ca41a6e9d
686fa288d7ab35889d6cd0d7,Safia,"ООО «""MADINA-QANDOLAT"" MCHJ»",generic,https://payme.safiadelivery.com/?resid=1430e553-16ba-4466-bcc4-b714060cad31
686fa396d7ab35889d6cd10f,Safia,"ООО «""MADINA-QANDOLAT"" MCHJ»",generic,https://payme.safiadelivery.com/?resid=449f3f37-a9c3-4d97-905a-2f28c85eda83
686fa4cdd7ab35889d6cd144,Safia,"ООО «""MADINA-QANDOLAT"" MCHJ»",generic,https://payme.safiadelivery.com/?resid=48b4b09d-2e3d-4aa0-92b9-740f21c4ff23
686fa5f0d7ab35889d6cd170,Safia,"ООО «""MADINA-QANDOLAT"" MCHJ»",generic,https://payme.safiadelivery.com/?resid=01482159-1ebf-43dc-a59f-f1deb8d588a0
686fa66ed7ab35889d6cd189,Safia,"ООО «""MADINA-QANDOLAT"" MCHJ»",generic,https://payme.safiadelivery.com/?resid=0ed9e572-8926-4f8c-b909-c15fc0ef0954
686fa756d7ab35889d6cd1a4,Safia,"ООО «""MADINA-QANDOLAT"" MCHJ»",generic,https://payme.safiadelivery.com/?resid=fb4a3f4e-7ed0-43f8-9bd2-59bcdcf3ee80
686fa807d7ab35889d6cd1b3,Safia,"ООО «""MADINA-QANDOLAT"" MCHJ»",generic,https://payme.safiadelivery.com/?resid=2997a55a-ed64-482d-aa3a-ae9cf1bff306
686fa895d7ab35889d6cd1d8,Safia,"ООО «""MADINA-QANDOLAT"" MCHJ»",generic,https://payme.safiadelivery.com/?resid=7bf8d8e2-6c44-408a-91d6-79893db2f757
686fa91cd7ab35889d6cd1f0,Safia,"ООО «""MADINA-QANDOLAT"" MCHJ»",generic,https://payme.safiadelivery.com/?resid=65305bb4-fbc4-43ac-8081-3137ff772e77
686fa9c41b1e021752c63998,Bon!,ООО «MCHJ MIRZO-BOBUR»,generic,https://api.fbox.uz/api/v1/payme/merchant/
686fac85d7ab35889d6cd2ba,Safia,"ООО «""MADINA-QANDOLAT"" MCHJ»",generic,https://payme.safiadelivery.com/?resid=0fec7e3e-5251-49aa-b0f6-22a11ea4453d
686fad5ed7ab35889d6cd2e6,Safia,"ООО «""MADINA-QANDOLAT"" MCHJ»",generic,https://payme.safiadelivery.com/?resid=69a61b9c-ca54-4540-a000-c9fdbaaf4d86
686fb027d7ab35889d6cd38e,Safia,"ООО «""MADINA-QANDOLAT"" MCHJ»",generic,https://payme.safiadelivery.com/?resid=4817281d-b3d9-41c1-a177-d69c77a3b1cf
686fb1d7d7ab35889d6cd3e6,Safia,"ООО «""MADINA-QANDOLAT"" MCHJ»",generic,https://payme.safiadelivery.com/?resid=ca4ecfd0-375d-4bab-bcb7-b67e0f654d28
686fb374d7ab35889d6cd418,Safia,"ООО «""MADINA-QANDOLAT"" MCHJ»",generic,https://payme.safiadelivery.com/?resid=9597c686-2d58-4888-a6e1-4b1405bdfdaa
686fb3fed7ab35889d6cd430,Safia,"ООО «""MADINA-QANDOLAT"" MCHJ»",generic,https://payme.safiadelivery.com/?resid=3c645e97-f755-4c84-b244-8889cfbd029a
686fb4f9d7ab35889d6cd45a,Ятт Газиев Ахмед Радикович,ЧП «GAZIYEV AXMED»,generic,https://device.radiomer.uz/api/payment/payme/v2
686fb64bd7ab35889d6cd486,Safia,"ООО «""MADINA-QANDOLAT"" MCHJ»",generic,https://payme.safiadelivery.com/?resid=f22ab6ac-35d8-4e41-8448-6acfa7cd00f8
686fb9fed7ab35889d6cd500,Safia,"ООО «""MADINA-QANDOLAT"" MCHJ»",generic,https://payme.safiadelivery.com/?resid=4a51cdf3-67b9-4478-b5c4-63b2248ed913
686fbce3d7ab35889d6cd545,Safia,"ООО «""MADINA-QANDOLAT"" MCHJ»",generic,https://payme.safiadelivery.com/?resid=e5f9e2a9-d1f7-4d6b-90d3-04db354b1c32
686fbd84d7ab35889d6cd557,Safia,"ООО «""MADINA-QANDOLAT"" MCHJ»",generic,https://payme.safiadelivery.com/?resid=a5b4554c-bf85-4590-866f-4274e53c7bbd
686fbe38d7ab35889d6cd577,Safia,"ООО «""MADINA-QANDOLAT"" MCHJ»",generic,https://payme.safiadelivery.com/?resid=ec009ef0-9d2c-418f-b584-68c39cd074d5
686fbebed7ab35889d6cd58c,Safia,"ООО «""MADINA-QANDOLAT"" MCHJ»",generic,https://payme.safiadelivery.com/?resid=086dcc7a-c20b-4844-a0a1-3a3495731a9e
686fbfe6d7ab35889d6cd5a2,Safia,"ООО «""MADINA-QANDOLAT"" MCHJ»",generic,https://payme.safiadelivery.com/?resid=a2f8d6a2-6361-4ba4-913f-0da00f44c2dd
686fc07cd7ab35889d6cd5b7,Safia,"ООО «""MADINA-QANDOLAT"" MCHJ»",generic,https://payme.safiadelivery.com/?resid=4050f627-a1da-4119-970a-f05fabdcf743
686fc0e4d7ab35889d6cd5c9,Safia,"ООО «""MADINA-QANDOLAT"" MCHJ»",generic,https://payme.safiadelivery.com/?resid=e4c117ab-790a-4c61-be4b-d3f64a475875
686fc182d7ab35889d6cd5d8,Safia,"ООО «""MADINA-QANDOLAT"" MCHJ»",generic,https://payme.safiadelivery.com/?resid=ca857af3-3027-4a22-9b6b-a237dc7cf2fb
686fc1dcd7ab35889d6cd5df,Safia,"ООО «""MADINA-QANDOLAT"" MCHJ»",generic,https://payme.safiadelivery.com/?resid=
686fc230d7ab35889d6cd5f1,Safia,"ООО «""MADINA-QANDOLAT"" MCHJ»",generic,https://payme.safiadelivery.com/?resid=4a054ce8-9c95-4a90-9fc3-4804f275532d
686fc28cd7ab35889d6cd603,Safia,"ООО «""MADINA-QANDOLAT"" MCHJ»",generic,https://payme.safiadelivery.com/?resid=f94ea562-9679-4ca0-96e0-7ddee9b3a154
68709d95d7ab35889d6cdfb2,GULYAMXASAN PLAST,"ООО «""GULYAMXASAN PLAST"" MAS'ULIYATI CHEKLANGAN JAMIYAT»",arca,https://api-qr.uzcard.uz
6870b1f7d7ab35889d6ce3b4,Safia,"ООО «""MADINA-QANDOLAT"" MCHJ»",generic,https://payme.safiadelivery.com/?resid=e11bc4be-5681-4af4-8993-8f464a74c81d
6870b229d7ab35889d6ce3bf,Safia,"ООО «""MADINA-QANDOLAT"" MCHJ»",generic,https://payme.safiadelivery.com/?resid=0179fbcb-bec4-4157-8e13-fad99abb6386
6870b304d7ab35889d6ce3eb,Safia,"ООО «""MADINA-QANDOLAT"" MCHJ»",generic,https://payme.safiadelivery.com/?resid=d1c14e89-9ef3-4ca9-b960-6be2c109dc11
6870b340d7ab35889d6ce3f5,Safia,"ООО «""MADINA-QANDOLAT"" MCHJ»",generic,https://payme.safiadelivery.com/?resid=10f039ae-0741-4028-9c16-dd434b3cd05f
6870b38ad7ab35889d6ce3fd,Safia,"ООО «""MADINA-QANDOLAT"" MCHJ»",generic,https://payme.safiadelivery.com/?resid=124cd743-1cda-4709-aa4b-0d5fce8d88c2
6870b3cfd7ab35889d6ce406,Safia,"ООО «""MADINA-QANDOLAT"" MCHJ»",generic,https://payme.safiadelivery.com/?resid=0a64bb17-e72e-4e9d-9af5-ef23d0e239fb
6870b443d7ab35889d6ce40f,Safia,"ООО «""MADINA-QANDOLAT"" MCHJ»",generic,https://payme.safiadelivery.com/?resid=4cbba7c0-1509-4f77-a803-b3c3790cb059
6870b4b4d7ab35889d6ce419,Safia,"ООО «""MADINA-QANDOLAT"" MCHJ»",generic,https://payme.safiadelivery.com/?resid=b52dcd43-e5db-4a5f-83a4-bab92fe088e6
6870b51fd7ab35889d6ce438,Safia,"ООО «""MADINA-QANDOLAT"" MCHJ»",generic,https://payme.safiadelivery.com/?resid=dab98c86-f3a1-4ccf-9edd-eb15be27f7be
6870b5cdd7ab35889d6ce458,Safia,"ООО «""MADINA-QANDOLAT"" MCHJ»",generic,https://payme.safiadelivery.com/?resid=3e7151e7-1b5d-4058-90c8-a8261a6d84ff
6870b64ed7ab35889d6ce463,Safia,"ООО «""MADINA-QANDOLAT"" MCHJ»",generic,https://payme.safiadelivery.com/?resid=536a44c7-7d0b-4f32-816c-d51333d77895
6870b6ecd7ab35889d6ce47b,Safia,"ООО «""MADINA-QANDOLAT"" MCHJ»",generic,https://payme.safiadelivery.com/?resid=6306e0de-93b9-412d-bcc3-ac6f01027e92
6870b7dbd7ab35889d6ce4ad,Safia,"ООО «""MADINA-QANDOLAT"" MCHJ»",generic,https://payme.safiadelivery.com/?resid=80c6d1d0-a473-4615-a7fe-9490b66ff699
6870b92fd7ab35889d6ce4f7,Safia,"ООО «""MADINA-QANDOLAT"" MCHJ»",generic,https://payme.safiadelivery.com/?resid=d808d6fa-7817-41bc-a919-7ef721e46220
6870bbce44d5324865492dff,SHERZOD OMAD BIZNES,ООО «SHERZOD OMAD BIZNES»,arca,https://api-qr.uzcard.uz
6870bbea44d5324865492e02,SHERZOD OMAD BIZNES,ООО «SHERZOD OMAD BIZNES»,arca,https://api-qr.uzcard.uz
6870bc0744d5324865492e07,SHERZOD OMAD BIZNES,ООО «SHERZOD OMAD BIZNES»,arca,https://api-qr.uzcard.uz
6870bc2344d5324865492e0b,SHERZOD OMAD BIZNES,ООО «SHERZOD OMAD BIZNES»,arca,https://api-qr.uzcard.uz
6870bc33d7ab35889d6ce58b,Safia,"ООО «""MADINA-QANDOLAT"" MCHJ»",generic,https://payme.safiadelivery.com/?resid=788211b5-46f9-4e1c-a64f-a4038cdfb6c1
6870bc80d7ab35889d6ce5a0,Safia,"ООО «""MADINA-QANDOLAT"" MCHJ»",generic,https://payme.safiadelivery.com/?resid=e7d9f42c-2884-45cf-84a6-42994f36d804
6870bcc1d7ab35889d6ce5ae,Safia,"ООО «""MADINA-QANDOLAT"" MCHJ»",generic,https://payme.safiadelivery.com/?resid=e2008e28-c68c-4693-8241-95265c4c6157
6870bd03d7ab35889d6ce5c0,Safia,"ООО «""MADINA-QANDOLAT"" MCHJ»",generic,https://payme.safiadelivery.com/?resid=
6870bef6d7ab35889d6ce616,Safia,"ООО «""MADINA-QANDOLAT"" MCHJ»",generic,https://payme.safiadelivery.com/?resid=a0943a18-0b70-4f91-b545-5f9dd9553460
6870d6b1d7ab35889d6ce881,Safia,"ООО «""MADINA-QANDOLAT"" MCHJ»",generic,https://payme.safiadelivery.com/?resid=8a86ca64-135e-4b02-b114-7f8a9e90b2ce
6870d6d7d7ab35889d6ce886,Safia,"ООО «""MADINA-QANDOLAT"" MCHJ»",generic,https://payme.safiadelivery.com/?resid=640a5762-1ea1-44a9-bc9a-535602d23bdf
6870d720d7ab35889d6ce893,Safia,"ООО «""MADINA-QANDOLAT"" MCHJ»",generic,https://payme.safiadelivery.com/?resid=aa887509-c80e-43de-8130-8c60dcac6723
6870d752d7ab35889d6ce89c,Safia,"ООО «""MADINA-QANDOLAT"" MCHJ»",generic,https://payme.safiadelivery.com/?resid=f2a4de16-0482-4f3b-9645-d36289fcb91f
6870d7add7ab35889d6ce8a9,Safia,"ООО «""MADINA-QANDOLAT"" MCHJ»",generic,https://payme.safiadelivery.com/?resid=cd13b95b-0282-460b-a9f2-7476aa119a68
6870d800d7ab35889d6ce8b0,Safia,"ООО «""MADINA-QANDOLAT"" MCHJ»",generic,https://payme.safiadelivery.com/?resid=7f8e06da-49a0-4d30-b479-ba991ceaa786
6870d84fd7ab35889d6ce8c1,Safia,"ООО «""MADINA-QANDOLAT"" MCHJ»",generic,https://payme.safiadelivery.com/?resid=22680a13-e67f-4614-9a15-8486a80985ed
6870d8b1d7ab35889d6ce8cc,Safia,"ООО «""MADINA-QANDOLAT"" MCHJ»",generic,https://payme.safiadelivery.com/?resid=76ed589f-9208-498e-9df8-623822112b9d
6870d90dd7ab35889d6ce8da,Safia,"ООО «""MADINA-QANDOLAT"" MCHJ»",generic,https://payme.safiadelivery.com/?resid=9501187d-145a-4fe8-ac58-3fc3c2235b1f
6870d9ffd7ab35889d6ce900,Safia,"ООО «""MADINA-QANDOLAT"" MCHJ»",generic,https://payme.safiadelivery.com/?resid=1fae1d6f-36ce-4951-bd74-080dd14697a2
6870db37d7ab35889d6ce930,Safia,"ООО «""MADINA-QANDOLAT"" MCHJ»",generic,https://payme.safiadelivery.com/?resid=2c9b7275-d6ca-4cb6-8055-551b01ef71ac
6870dbabd7ab35889d6ce944,Safia,"ООО «""MADINA-QANDOLAT"" MCHJ»",generic,https://payme.safiadelivery.com/?resid=48246d89-55b1-49bd-859c-b431c0f474ff
6870dc23d7ab35889d6ce95b,Safia,"ООО «""MADINA-QANDOLAT"" MCHJ»",generic,https://payme.safiadelivery.com/?resid=2a67e17b-6860-4a2c-8d62-e1002b1e0aa0
6870dcb5d7ab35889d6ce982,Safia,"ООО «""MADINA-QANDOLAT"" MCHJ»",generic,https://payme.safiadelivery.com/?resid=97a387ab-6087-4ad8-b3ae-3181b132093d
6870dd9144d532486549314c," ""GOLD BUSINESS KOMPLEKT "" XK","ООО «""GOLD BUSINESS KOMPLEKT"" XUSUSIY KORXONA»",arca,https://api-qr.uzcard.uz
6870dd95d7ab35889d6ce9b5,Safia,"ООО «""MADINA-QANDOLAT"" MCHJ»",generic,https://payme.safiadelivery.com/?resid=e942303a-e259-4a7b-881b-c0106fbdb2a5
6870ddbcd7ab35889d6ce9c0,Safia,"ООО «""MADINA-QANDOLAT"" MCHJ»",generic,https://payme.safiadelivery.com/?resid=62503049-c587-40fb-be97-0697b166e2e4
6870de09d7ab35889d6ce9d1,Safia,"ООО «""MADINA-QANDOLAT"" MCHJ»",generic,https://payme.safiadelivery.com/?resid=4ad9df68-1e60-4774-9bb3-66e9e5a37082
6870de5ad7ab35889d6ce9ed,Safia,"ООО «""MADINA-QANDOLAT"" MCHJ»",generic,https://payme.safiadelivery.com/?resid=a304f21e-c380-4dc5-9a15-5e2d3af3474f
6870de99d7ab35889d6ce9fd,Safia,"ООО «""MADINA-QANDOLAT"" MCHJ»",generic,https://payme.safiadelivery.com/?resid=aec38180-27bd-4b4c-a923-e93b7b23f7f1
6870f30ef7e4c169900c3f0c,MEATOPIA,"ООО «""MEATOPIA"" MAS`ULIYATI CHEKLANGAN JAMIYAT»",generic,https://meatopia.kepler.uz/payway/paycom
68710105d7ab35889d6ceffe,SPLIT SMM,ЧП «TOSHPO‘LATOV BOBUR»,generic,https://6857abe820731.xvest1.ru/payment/payme.uz/endpoint
68710141d7ab35889d6cf00d,Korean Glow-Korlux,ЧП «TULENDIBAYEV ADILJAN»,generic,https://api.robosell.uz/api/v2/payme/partner
6871082444d5324865493756,HUDUDGAZ,"АО «""PAYNET"" AJ»",paynet-by-payme-gaz,https://gw2.paynet.uz:8585/gw/v2/transaction
6871083444d532486549375a,HUDUDIY ELEKTR TARMOQLARI,"АО «""PAYNET"" AJ»",paynet-by-payme-uzbekenergo,https://gw2.paynet.uz:8585/gw/v2/transaction
6871085444d5324865493764,Perfectum,"АО «""PAYNET"" AJ»",paynet-by-payme-all-mobile-operators,https://gw2.paynet.uz:8585/gw/v2/transaction
68749a8ed7ab35889d6d1b57,amoAGENT,ЧП «MUSAYEV SHOHRUX»,generic,https://uyim24.uz:8000/webhook/payme
68749c1cd7ab35889d6d1b99,TAXI MARKET,ЧП «MANSUROV AZIZBEK»,generic,https://merchant-taxibron.daxtech.uz/api/paycom/default
6874a91ad7ab35889d6d1daf,Cash Point,"ООО «""CASH POINT"" MCHJ MMT»",generic,https://mfo132.flexpul.uz/public/payme/payments
6874afdbd7ab35889d6d1f2c,BOBOSHAYX,"ООО «""GLOBAL SYSTEM GOODS"" MAS'ULIYATI CHEKLANGAN JAMIYAT»",arca,https://api-qr.uzcard.uz
6874dc7ad7ab35889d6d27fa,CHECKOUT.UZ,ЧП «HASANOV OTABEK»,generic,https://checkout.uz/callback/payments/payme
6874ebd37448bb3d0d974469,dostavkakaifa.uz,ЧП «TASHEVA SITORA»,generic,https://kaifa-test.fasttech.dev/api_v1/payme/131/payment
6874f2ffd7ab35889d6d2cc0,ECORN,"ООО «""SHOSH PRODUCTION"" MCHJ»",generic,https://ecorn.lifestylebot.uz/payme/api_integration/
6874f7ded7ab35889d6d2d72,Holitech,ЧП «BOZOROV AMIRBEK»,generic,https://assos-backend-pay-production.up.railway.app/payme
6874f7fdd7ab35889d6d2d79,Holitech,ЧП «BOZOROV AMIRBEK»,generic,https://assos-backend-pay-production.up.railway.app/payme
6875dd431b1e021752c69b82,BELLISSIMO PIZZA,ООО «BELLISSIMO PIZZA INTERNATIONAL»,generic,https://pay.bpnet.uz/api/payment/payme
6875e529d7ab35889d6d3845,BAXMAL FARM ,"ООО «""BAXMAL FARM"" XUSUSIY KORXONA»",arca,https://api-qr.uzcard.uz
687625d5e77ee0f6bff861b9,URBAN HOT DOG,"ООО «""URBAN HOT DOG"" MAS'ULIYATI CHEKLANGAN JAMIYAT»",generic,https://api.hotydogysite.uz/api/v1/webhook/paycom
687635dce77ee0f6bff86535,SHOMAXSUDOV ABDULLOH XAYRULLO O‘G‘LI,ЧП «SHOMAXSUDOV ABDULLOH»,generic,https://bootfor.uz/?wc-api=wc_payme
68763671e77ee0f6bff86552,MIRAXMEDOV BEKZOD XASANOVICH,ЧП «MIRAXMEDOV BEKZOD»,generic,https://mock.ieltszone.uz/api/v1/payme
68765ab2e77ee0f6bff872a6,PARVIZ OPTOVI,"ООО «""PARVIZ"" XUSUSIY KORXONA»",arca,https://api-qr.uzcard.uz
6877456ae77ee0f6bff88130,YATT BAKIRXOJAYEV,ЧП «BAKIRXO‘JAYEV SAIDAKBARXO‘JA»,generic,https://web-production-fc10.up.railway.app/api/payme/
68777939e77ee0f6bff888f3,MC Town,ЧП «TURG‘UNOV BOBIR»,generic,https://api.robosell.uz/api/v2/payme/partner
6877bab92810074faebeeb67,Premium Yulduz,ЧП «OBBOSXONOV ALISHERXON»,generic,https://1ff30c199ea5.vps.myjino.ru/payment/payme
6878879d2b4948d1b660022f,MAMADALIYEV ZULFIQORJON,ЧП «MAMADALIYEV ZULFIQORJON»,generic,https://alpha-smm.com/payments/payme/webhook
68789070e77ee0f6bff89f57,Finlite,"ООО «""FINANCIAL SCHOOL"" MCHJ»",generic,https://api.exode.biz/api/v2/payment/rpc/acquiring/7e7003b5-1d82-4521-89df-607d4f4854b9
6878ba044ee4b28f2c17d970,NORIN DEXQON BOZORI,"ООО «""NORIN DEXQON BOZORI"" MAS'ULIYATI CHEKLANGAN JAMIYAT»",generic,https://payment.webhook.aqllibozor.uz/api/transaction/payme/6878ba044ee4b28f2c17d970
6878cee82810074faebf014f,NASRIDDINOV GULOMNAZIR XUSAN OGLI,ЧП «NASRIDDINOV G‘ULOMNAZIR»,generic,https://mittivine.uz/payme
6878ddb2e77ee0f6bff8ae3d,KOINOT CATERING,"ООО «""KOINOT CATERING"" MAS'ULIYATI CHEKLANGAN JAMIYAT»",generic,https://old.merchant.payme.uz/shell/business/687786efd5bce820ec33f14e/merchants
687a11ccbe22dfc945998999,GARAGE,"ООО «""GARAGE CAR WASH ACTIVE"" MAS'ULIYATI CHEKLANGAN JAMIYAT»",generic,https://garage-group.uz/api/v1/payment-system/payme/webhook
687a1300be22dfc9459989bd,Sherwood Resort PayConnectBE,"ООО «""IMPOWER TRADING"" MCHJ»",generic,https://cb-pay.exely.com/Payme/generic/terminals/2388e7eb-576e-4b10-8943-6e83b2985b0b
687a1dcaa6e61b6cc131f974,SUPPORT POINT,"ООО «""SUPPORT POINT"" »",generic,https://device.radiomer.uz/api/payment/payme/v2
687a28d4be22dfc945998da1,1UAB,"ООО «""1UAB"" MAS'ULIYATI CHEKLANGAN JAMIYAT»",generic,https://api.exode.biz/api/v2/payment/rpc/acquiring/f00c5b78-ae6b-452b-9522-e6d5d58ed73d
687a30ffbe22dfc945998f15,Oxymed № 196,"ООО «""NIKA FARM SERVIS"" MCHJ»",generic,https://orders.oxymed.uz/payme/webhook
687a3127be22dfc945998f1f,Oxymed № 202,"ООО «""NIKA FARM SERVIS"" MCHJ»",generic,https://orders.oxymed.uz/payme/webhook
687a5123dcc699f0ee6c2f6a,RB FRIENDS BUILDING,"ООО «""RB FRIENDS BUILDING"" MAS'ULIYATI CHEKLANGAN JAMIYAT»",generic,https://payment.api.delever.uz/payme
687b51220e361691474f1ec5,IQtidorly-Test,"ООО «""IQTIDORLI"" MAS'ULIYATI CHEKLANGAN JAMIYAT»",generic,https://iqtidorly.learomas.uz/api/payme
687dd9b12679613f784efddf,GOOD LIFE,"ООО «""GOOD LIVE MALL"" MAS'ULIYATI CHEKLANGAN JAMIYAT»",arca,https://api-qr.uzcard.uz
687ddededcc699f0ee6c5a91,Kino Markaz | Bot,ЧП «MUSURMONOV BEKZOD»,generic,https://musurmonov-begzod.uz/Fragment/payme_api/index.php
687ddf26dcc699f0ee6c5a98,Zayafka Bot,ЧП «MUSURMONOV BEKZOD»,generic,https://musurmonov-begzod.uz/zayafka_bot/payme_api/index.php
687deb81dcc699f0ee6c5d31,Metagalaktika 1,ЧП «KARIMBEKOV TIMUR»,generic,https://api.2pay.uz/api/payments/payme/
687dec404962e13971cae3d2,NEXPLUS,"ООО «""NEXPLUS"" MCHJ»",generic,https://landlord.mirasoft.io/api/webhooks/paycom/OQ.lfs_YO2K0-yt4bhipbKD2GGvX_1vNC43xTxCyvXEf44
687dfe4ddcc699f0ee6c604c,Sushi Wok Master (Keles),"ООО «ООО ""PASHAS""»",generic,https://api.lacafe.uz/api/payments/v1/payme
687e126bdcc699f0ee6c6497,GREENLEAF,ЧП «MAXMUDOVA SAXIBA»,generic,https://api.robosell.uz/api/v2/payme/partner
687e2e340e361691474f4c76,MUTOLAAXONA,"ООО «""MUTOLAAXONA"" MCHJ»",generic,https://api.mutolaa.com/api/v1/payment/contest/ContestPayme/
687e36a10e361691474f4e41,Abdugafur-llc,ЧП «ABDUG‘ANIYEV ABDUG‘OFUR»,generic,https://api.atletai.uz/payme/merchant
687f3dafdcc699f0ee6c7cd8,BELLISSIMO PIZZA,ООО «BELLISSIMO PIZZA INTERNATIONAL»,generic,https://pay.bpnet.uz/api/payment/payme
687f3f9adcc699f0ee6c7d1c,KHAYMANS,"ООО «""KHAYMANS"" MCHJ»",generic,https://app.fgf.ai/checkout/webhook/paycom-events
687f60a5dcc699f0ee6c81b8,GXPHELP,"ООО «""GXP HELP"" MAS'ULIYATI CHEKLANGAN JAMIYAT»",generic,https://api.exode.biz/api/v2/payment/rpc/acquiring/22952897-fdff-448c-9b82-e2176b97dad2
687f6148dcc699f0ee6c81cf,BASE 33,"ООО «""BASE 33"" MCHJ»",generic,https://api.exode.biz/api/v2/payment/rpc/acquiring/0dfed670-e58a-4dd1-812e-49b9761b7984
687f61e3dcc699f0ee6c8473,NARISTUDIO,"ООО «""NARISTUDIO"" MCHJ»",generic,https://api.exode.biz/api/v2/payment/rpc/acquiring/9751a941-42c6-4f0b-a2b6-31fe045fe83d
687f67972679613f784f2108,Bilolbek Express,"ООО «""BILOLBEK-EXSPRESS"" MAS'ULIYATI CHEKLANGAN JAMIYAT»",arca,https://api-qr.uzcard.uz
687f6d46dcc699f0ee6c8668,MONEYFEST TURAN,"ООО «""MONEYFEST TURAN"" MAS'ULIYATI CHEKLANGAN JAMIYAT»",generic,https://mf-services.online/bnks/Paycom/callback.php
687f8d0cdcc699f0ee6c8adc,BEST FOOD,"СП «""BEST FOOD FAMILY SARTEPO"" OILAVIY KORXONA»",arca,https://api-qr.uzcard.uz
68809f9f05ca91df299f8c73,YAXYO IZOGRAND,"ООО «""YAXYO IZOGRAND"" MAS'ULIYATI CHEKLANGAN JAMIYAT»",generic,https://vibexe.uz/Payment/AniDuble/PayMe/payme_webhook.php
6880b47a05ca91df299f8f58,ESSENS CARE ,"ООО «""ESSENSCARE"" MCHJ»",generic,https://www.essensworld.uz/pay_response.php
6880bd9305ca91df299f909b,Tayan Mikromoliya Tashkiloti,"ООО «""TAYAN"" MAS'ULIYATI CHEKLANGAN JAMIYAT MIKROMOLIYA TASHKILOTI»",generic,https://mfo131.flexpul.uz/public/payme/payments/
6881b7acd5ee42a97c8b6eff,IFODA AGRO KIMYO HIMOYA,"СП ООО «""IFODA AGRO KIMYO HIMOYA"" MCHJ QK»",generic,https://backend.ifoda-shop.uz/api/payments/webhook/payme/
6881d3edd19d43266a2297bb,HIKMAT UMRA TRAVEL,"ООО «""HIKMAT UMRA TRAVEL"" MAS'ULIYATI CHEKLANGAN JAMIYAT»",generic,https://billing.asialuxe.dev/api/payme/notify
6881d80d05ca91df299fa29b,IT ACADEMY ANDIJAN,"ООО «""IT ACADEMY ANDIJAN"" MAS'ULIYATI CHEKLANGAN JAMIYAT»",generic,https://eduapp.uz/handle/payme
6881dd3b05ca91df299fa38d,7ACTIVE NUTRITION,"ООО «""7ACTIVE NUTRITION"" MAS'ULIYATI CHEKLANGAN JAMIYAT»",generic,https://7sabernutrition.uz/api/api/webhooks/payme/
6882004105ca91df299fa7fe,Yaproq Donar,"ООО «""COOK LEADER"" MCHJ»",generic,https://yaproq.zoomda.uz:4001/payme/
688200a705ca91df299fa817,Yaproq Donar,"ООО «""COOK LEADER"" MCHJ»",generic,https://yaproq.zoomda.uz:4001/payme/
68820bc905ca91df299fa98c,ABDUVAHOBOVA ZUXRA ZINATULLAYEVNA,ЧП «ABDUVAHOBOVA ZUXRA»,generic,https://b.ivend.uz/payme/api/v1/FAVG39Z3EGtdVbZgy1aG/rpc
6882292c5e1f06bf0630d114,SHVEY DETAILS,"ООО «""SHVEY DETAILS"" MAS'ULIYATI CHEKLANGAN JAMIYAT»",arca,https://api-qr.uzcard.uz
6882316f05ca91df299faf61,O'zDJTSU,ГУП «O ZB.DAV.JISMONIY TARBIYA VA SPORT UNIVERSIT.»,generic,https://sport-jurnal.uz/webhook.php
6882327a05ca91df299faf80,JPOINT ООО,"ООО «""JPOINT"" MCHJ»",generic,https://watergo-prod.topsoft.uz/api/transaction-meta/payme
68827485763d9dbb197b13ea,SODIQ AXUNOV MUHAMMAD SULTON SANJARBEK O‘G‘LI,ЧП «SODIQ AXUNOV»,generic,https://i.tvoybot.com/api/v1/bot-payments/16/019855ce-4930-7188-8551-8f2e31edf466/pay
68833eb0cab302211ad0de99,MARKAZ-15,"ООО «""MARKAZ-15"" MAS'ULIYATI CHEKLANGAN JAMIYAT»",sumpay,https://payme.cloudcore.uz/
688357b9f308ad1d02b0cfde,VALERIANA-FARM,"СП «""VALERIANA-FARM"" OILAVIY KORXONA»",arca,https://api-qr.uzcard.uz
68835e5bcab302211ad0e4a4,"""UNITIFY"" MCHJ","ООО «""UNITIFY"" MCHJ»",generic,https://uz.unitify.com/api/payme/webhook
6883736245c1f5776bc33a93,Qadam Plus,"ООО «""QADAM EDU"" MCHJ»",generic,https://qadam.admob.uz/api/v1/peyme
6883757145c1f5776bc33ba2,BEKOBOD BARAKA MAJMUASI,"ООО «""BEKOBOD BARAKA MAJMUASI"" MAS'ULIYATI CHEKLANGAN JAMIYAT»",generic,https://payment.webhook.aqllibozor.uz/api/transaction/payme/6883757145c1f5776bc33ba2
6886967183c7a2ce00162a1b,Testcore,"ООО «""LABIRINT STROY"" MAS'ULIYATI CHEKLANGAN JAMIYAT»",generic,https://apiv1.testcore.uz/payment/payme/endpoint/
68871f8283c7a2ce0016343c,DJAMALOV ULUGBEK DURBEKOVICH,ЧП «DJAMALOV ULUGBEK»,generic,https://device.radiomer.uz/api/payment/payme/v2
68872ea7cab302211ad11dc9,BUXORO INNOVATSION TA'LIM VA TIBBIYOT UNIVERSITETI,"ООО «""BUXORO INNOVATSION TA‘LIM VA TIBBIYOT UNIVERSITETI"" MAS'ULIYATI CHEKLANGAN JAMIYAT»",generic,https://test2.bimu.uz/api/v1/payments/paycom
688748cdcab302211ad121a1,EDU PRESS,"ООО «ООО ""EDU PRESS""»",generic,https://edu-press.uz/?wc-api=wc_payme
68876f6dcab302211ad12833,LUMI-PASS,"ООО «""LUMI-PASS"" MAS'ULIYATI CHEKLANGAN JAMIYAT»",generic,https://dev-api.lumipass.uz/api/v1/transaction/payme
68877096cab302211ad12871,ASTIH,"ООО «""ASTIH"" MCHJ»",generic,https://api.robosell.uz/api/v2/payme/partner
6888610691a6711a159f7cad,Gross Insurance,АО «Страховая компания GROSS»,generic,https://gross.uz/payme/payment-product
688869f0cab302211ad135a8,ODDIY,ООО «SABNUR HOLDING»,generic,https://api.oddiy.app/payway/paycom
68886ec1cab302211ad136a8,Bellissimo Atlas Чимган,ООО «ECO PIZZA MCHJ»,generic,https://pay.bpnet.uz/api/payment/payme
688892a7cab302211ad13b18,FLORYA,"ООО «""KAFE FLORYA"" MCHJ»",generic,https://backend.optochka.com/payments/activate-payme
6888939acab302211ad13b3a,FLORYA,"ООО «""LAVANDA FOOD GROUP"" MCHJ»",generic,https://backend.optochka.com/payments/activate-payme
6888b945cab302211ad14048,MINDLAND,"ООО «""MINDLAND"" MAS'ULIYATI CHEKLANGAN JAMIYAT»",generic,https://payme-merchant-api.onrender.com/
6888b987cab302211ad14050,AURUM TUR,"ООО «""AURUM TUR"" MAS'ULIYATI CHEKLANGAN JAMIYAT»",generic,https://psapi.megagroup.ru/accounts/110036/notify
6888cd0befa5b2c35bc8cc50,46-Nukus,ООО «IDEAL BUSINESS CENTER»,arca,https://api-qr.uzcard.uz
6888cd8defa5b2c35bc8cc5d,Samarqand Darvoza,ООО «IDEAL BUSINESS CENTER»,arca,https://api-qr.uzcard.uz
6888cddbefa5b2c35bc8cc62,Chimgan eco bazar,ООО «IDEAL BUSINESS CENTER»,arca,https://api-qr.uzcard.uz
6888ce46efa5b2c35bc8cc66,Mega planet,ООО «IDEAL BUSINESS CENTER»,arca,https://api-qr.uzcard.uz
6889b4f0cab302211ad14d30,Dots Chicken - Abu Saxiy,"ООО «""DOTS ECO TRADE"" MCHJ»",generic,https://payment.api.delever.uz/payme
6889ba4e83c7a2ce001666c7,UzLife,АО «AGROS HAYOT SUG`URTA KOMPANIYASI AJ»,generic,https://agros-hayot.uz/api/payment/payme
6889be04cab302211ad14e93,dachamarket.uz,"ООО «""AL SAHIY HAMKOR"" MCHJ»",generic,https://dachamarket.uz/?wc-api=wc_payme
6889d5a645c1f5776bc3a28f,APOINT,"ООО «""APOINT"" MAS'ULIYATI CHEKLANGAN JAMIYAT»",generic,http://apibill.apoint.uz/api/v1/payme
6889edfbcab302211ad155d9,RAVIOSTA,"ООО «""RAVIOSTA"" MAS'ULIYATI CHEKLANGAN JAMIYAT»",generic,https://payment.api.delever.uz/payme
6889f4c6174a4f1dc10957b1,KARMON AI,"ООО «""KARMON AI"" MAS'ULIYATI CHEKLANGAN JAMIYAT»",generic,https://backend.karmon.ai/webhooks/payme
6889ff7a83c7a2ce001671f3,Romchi 2.0,"ООО «""WEB GUL BAZAR"" MCHJ»",generic,https://romchi-backend-y7ei8.ondigitalocean.app/api/subscription/payme
688a1a47cab302211ad15e3f,TheCUP Coffee,ЧП «JO‘RAYEV SHERZOD»,generic,https://b.ivend.uz/payme/api/v1/0kWhu3az08kCFvMyoH0F/rpc
688a227acab302211ad15f41,URGANCH UNIVERMAGI,"ООО «""URGANCH KIMYO SAVDO"" XUSUSIY KORXONA»",arca,https://api-qr.uzcard.uz
688afadf174a4f1dc10967d0,NOVA RESEARCH AND SOLUTION,"ООО «""NOVA RESEARCH AND SOLUTION"" MCHJ»",generic,https://api.conference-list.uz/api/guest_payment/payme
688b1452cab302211ad16ced,BOTPLACE,"ООО «""BOTPLACE"" MAS'ULIYATI CHEKLANGAN JAMIYAT»",generic,https://api.botplace.io/webhooks/payme/2:p1i6ZN9xtO14eqnfQuM97DD3q8cAJw0wcWR09jKuyXvTglluAuQOvZmzUDAcHUz2
688b1484cab302211ad16cfc,BOTPLACE,"ООО «""BOTPLACE"" MAS'ULIYATI CHEKLANGAN JAMIYAT»",generic,https://api.botplace.io/webhooks/payme/46:rJf3WaeJ0TLkLOPCeVedbAJLwfPfkcJOcdTkpE3NPSEbSHIAzHzCin7LPkiTUlxT
688b15c8cab302211ad16d2a,CARAVAN GROUP DELIVERY,ООО «CARAVAN GROUP DELIVERY»,generic,https://payment.api.delever.uz/payme
688b19eb45c1f5776bc3bdd3,MILLAT UMIDI MAKTABI,ООО «MILLAT UMIDI MAKTABI»,generic,https://api-v2.edu-action.uk/mus/v1/payme/transaction
688b4a0dcab302211ad17521,IELTS PLUS community,ООО «CAMBRIDGE GROUP PROJECTS»,generic,https://api.ieltsplus.uz/ppayment/paymeuz
688b6f99cab302211ad17be9,KOFTE GURMAN ,"ООО «""KOFTE GURMAN"" MAS'ULIYATI CHEKLANGAN JAMIYAT»",generic,https://payment.api.delever.uz/payme
688c571bcab302211ad187c3,Parking,"АО «""UZBEKISTAN AIRPORTS"" AJ»",generic,http://94.158.55.117:11001/api/payme
688c59bccab302211ad18839,LITTLE BIG TOYS,ЧП «SOBIROV RUSTAMBEK»,generic,https://api.robosell.uz/api/v2/payme/partner
688c6acf4b92d2890729c406,POYTAXT INTERNATIONAL HOSPITAL,"ООО «""POYTAXT INTERNATIONAL HOSPITAL"" MAS'ULIYATI CHEKLANGAN JAMIYAT»",arca,https://api-qr.uzcard.uz
688c8620cab302211ad18df2,DONGURI,"ООО «""KUNUGI"" MCHJ»",generic,https://payment.api.delever.uz/payme
688c9fdbcab302211ad19262,Shark Trading,"ООО «""RAZUM TREYDERLAR MAKTABI"" MCHJ»",generic,https://api.exode.biz/api/v2/payment/rpc/acquiring/1fbcbf57-7237-42b3-b56b-84e15a337a87
688ca7e94b92d2890729cc00,64 Askiya,"ООО «""IMPERIAL TOBACCO"" MCHJ»",arca,https://api-qr.uzcard.uz
688cb07883c7a2ce0016acde,LIVETICKET,"ООО «""LIVETICKET"" MAS'ULIYATI CHEKLANGAN JAMIYAT»",generic,https://livetickets.uz/api/payment/payme
688cb601cab302211ad196b6,AnySoft,"ООО «""ANYSOFT"" MCHJ»",generic,https://edu.anysoft.uz/?wc-api=wc_payme
688cb71bcab302211ad196f7,UZBECHKA GLAVNIY - DELEVER,"ООО «""HALOL ESTABLISHMENT"" MCHJ»",generic,https://payment.api.delever.uz/payme
68904663cab302211ad1c07f,SEEDBEE ,"ООО «""FIRST KOREAN COSMETICS"" MAS'ULIYATI CHEKLANGAN JAMIYAT»",generic,https://api.robosell.uz/api/v2/payme/partner
68905aebcab302211ad1c45a,KURBANOV ISLOMBEK RAVSHANOVICH,ЧП «KURBANOV ISLOMBEK»,generic,http://172.17.9.240:3448/
68905ba0cab302211ad1c479,AFSONA travel,"ООО «""AFSONA-TRAVEL"" MAS'ULIYATI CHEKLANGAN JAMIYAT»",tickets,http://172.17.9.240:3448
689071bdcab302211ad1c8d4,Parklane WEB,"ООО «""GREENPARK"" MAS'ULIYATI CHEKLANGAN JAMIYAT»",generic,https://cb-pay.exely.com/Payme/generic/terminals/4d2f695a-f576-4c55-ad27-8e0165bb9038
6890a924cab302211ad1d2d5,Metagalaktika 2,ЧП «KARIMBEKOV TIMUR»,generic,https://api.2pay.uz/api/payments/payme/
68919a834b92d289072a0a3e,Наёмная 6,"ООО «""GREEN LINE TRADING"" MCHJ»",arca,https://api-qr.uzcard.uz
68919aa44b92d289072a0a42,Наёмная 7,"ООО «""GREEN LINE TRADING"" MCHJ»",arca,https://api-qr.uzcard.uz
68919bd24b92d289072a0a68,DAMAS 01 304 LNA,"ООО «""GREEN LINE TRADING"" MCHJ»",arca,https://api-qr.uzcard.uz
6891b1aacab302211ad1e2eb,CTR CHICKEN Seoul Mun,"ООО «""CTR SEOUL"" MAS'ULIYATI CHEKLANGAN JAMIYAT»",generic,https://ctr.zoomda.uz:4001/payme/
6891d3f0cab302211ad1e7ec,KITSUNE,"ООО «""NIHON SUN"" MCHJ»",generic,https://api.lamenu.uz/api/payments/v1/payme
6891e4bccab302211ad1ea87,-ASAKA FINANCE GARANT MIKROMOLIYA TASHKILOTI,"ООО «""ASAKA FINANCE GARANT MIKROMOLIYA TASHKILOTI"" MAS'ULIYATI CHEKLANGAN JAMIYAT»",generic,https://mfo124.flexpul.uz/public/payme/payments
6891e92c4b92d289072a14dc,Jamshid Market  ,ЧП «KUCHKAROV JAMSHIDJON»,arca,https://api-qr.uzcard.uz
6891e937cab302211ad1eb29,"ООО ""TAKSI-SHABBOZ""","ООО «""TAKSI-SHABBOZ"" MAS'ULIYATI CHEKLANGAN JAMIYAT»",generic,https://213.230.96.134:4433/billing/paycom/
6891f8c8cab302211ad1edc6,D ECO,"ООО «""D ECO"" MCHJ»",generic,https://payment.api.delever.uz/payme
6892f4414b92d289072a243c,Green Line Trading,"ООО «""GREEN LINE TRADING"" MCHJ»",arca,https://api-qr.uzcard.uz
6892f4564b92d289072a2442,Green Line Trading,"ООО «""GREEN LINE TRADING"" MCHJ»",arca,https://api-qr.uzcard.uz
6892fd7ecab302211ad1fe25,CENTRAL CITY TOUR,"ООО «""CENTRAL CITY TOUR"" MAS'ULIYATI CHEKLANGAN JAMIYAT»",generic,https://central-tour.uz/?wc-api=wc_payme
6892feb0cab302211ad1fe71,DJABBAROVA SAODAT ABDULLAYEVNA,ЧП «DJABBAROVA SAODAT»,generic,https://api.u2mall.uz/gate/payme
6893029acab302211ad1ff4a,REVOPLAY,"ООО «""REVOPLAY"" MAS'ULIYATI CHEKLANGAN JAMIYAT»",generic,https://api.revoplay.uz/uz/api/payments/payme/update/
689329a983c7a2ce00171e07,КУМКУРГОН ДЕХКОН ОЗИК ОВКАТ БОЗОРИ,"ООО «""QUMQO`RG`ON DEHQON OZIQ-OVQAT BOZORI"" MCHJ»",generic,https://payment.webhook.aqllibozor.uz/api/transaction/payme/689329a983c7a2ce00171e07
68932ab4cab302211ad20740,ИНСОФ,ЧП «QALANDAROV MAXMUDJON»,generic,https://api.robosell.uz/api/v2/payme/partner
68933738cab302211ad2099a,ISHBOR ,"ООО «""ISHBOR"" MCHJ»",generic,https://api.ishbor.uz/pg/payme
6893399ccab302211ad209f1,BEST OFFER DEALS,"ООО «""BEST OFFER DEALS"" MCHJ»",generic,https://api.uzoffer.com/payme/callback
68933cfecab302211ad20a90,DO NOT WORRY DEAR,"ООО «""DO NOT WORRY DEAR"" MAS'ULIYATI CHEKLANGAN JAMIYAT»",generic,https://admin.yokoexpress.uz/payment/payme/api
68935427cab302211ad20e9b,UZCONT PLAY,"ООО «""MEGA GOLD STAR MEDIA 2112"" MAS'ULIYATI CHEKLANGAN JAMIYAT»",generic,https://basmalaplay.uz/btv-controlp/pay-ment/payme-end-point/
6894424fcab302211ad21a6c,KOFTE  ,"ООО «""KOFTE"" MAS'ULIYATI CHEKLANGAN JAMIYAT»",generic,https://payment.api.delever.uz/payme
68944508cab302211ad21b06,GET SPACE ,"ООО «""GETSPACE"" MAS'ULIYATI CHEKLANGAN JAMIYAT»",generic,https://www.getspace.uz/api/payme/pay
6894452f174a4f1dc10a19fb,Денов барака яшил олами,"ООО «""DENOV BARAKA YASHIL OLAMI"" MAS'ULIYATI CHEKLANGAN JAMIYAT»",generic,https://payment.webhook.aqllibozor.uz/api/transaction/payme/6894452f174a4f1dc10a19fb
689447adcab302211ad21b60,Hydro Life 18.9,ООО «BILLUR SUV»,generic,https://prod-api.waterfly.uz/api/transaction-meta/payme
689456610926b0dccb0552df,Total_uz,"ООО «""ELEKTRO AKTIV"" MAS'ULIYATI CHEKLANGAN JAMIYAT»",arca,https://api-qr.uzcard.uz
689470a6cab302211ad22188,NARGIZ TEKSTIL SERVIS,"ООО «""NARGIZ TEKSTIL SERVIS"" XUSUSIY KORXONA»",generic,https://api.exode.biz/api/v2/payment/rpc/acquiring/480ce020-38d4-44e4-81c9-3318abe93b3b
6894722ecab302211ad221e0,Gumma&Xonim Medgorodok LACAFE,"ООО «""BARAKAFOOD"" MCHJ»",generic,https://api.lamenu.uz/api/payments/v1/payme
68947c75cab302211ad22344,Sayna Tour,"ООО «""SAYNA-TOUR"" MAS`ULIYATI CHEKLANGAN JAMIYAT»",generic,https://saynatour.uz/?wc-api=wc_payme
6894a46d940154c68249b22d," СП ""ORIENTIR-BUSINESS""","СП «""ORIENTIR-BUSINESS"" OILAVIY KORXONA»",arca,https://api-qr.uzcard.uz
6894a7a7cab302211ad22a90,TAKUMI GAYA - DELEVER,"ООО «""WORTHY"" MCHJ»",generic,https://payment.api.delever.uz/payme
6894abcb83c7a2ce001741a7,XJ BUSINESS,ЧП «JUMAQULOV SHUHRAT»,generic,https://xj.web-sayt.uz/api/payments/payme
6894ae54cab302211ad22b7f,ZIYODA MUSAFFO BIZNES,"ООО «""ZIYODA MUSAFFO BIZNES"" MAS'ULIYATI CHEKLANGAN JAMIYAT»",arca,https://api-qr.uzcard.uz
68959c1fcab302211ad2379c,BARATOV BOBUR,ЧП «BARATOV BOBUR»,generic,https://my-paymy-project-production.up.railway.app/paycom
6895be4545c1f5776bc48b60,SafoBuilderBot,ЧП «SAPAYEV SAFOJON»,generic,https://safobuilder.uz/payments/payme_22f4.php
6895d435cab302211ad23fa1,SebaMed,"ООО «""SOLUTION PLUS"" MCHJ»",generic,https://solutionplus.uz/?wc-api=wc_payme
6895d436cab302211ad23fa3,Zextra,ООО «NEWGEN COMMERCE»,generic,https://tibbio.magicstore.uz/handle/payme/61674f1a-ef7e-4251-9885-dcaa68e47990
6895e15acab302211ad242c4,Business Knowledge,"ООО «""BUSINESS KNOWLEDGE"" MCHJ»",generic,https://brc.perfona.uz/api/payme
6895ebc6cab302211ad2450f,TEZKOR SHAURMA,"ООО «""TEZKOR FOOD 1"" MCHJ»",generic,https://payment.api.delever.uz/payme
6895ec35cab302211ad2452a,TEZKOR SHAURMA,"ООО «""TEZKOR FOOD 1"" MCHJ»",generic,https://payment.api.delever.uz/payme
6895ecb0cab302211ad24542,TEZKOR SHAURMA,"ООО «""TEZKOR FOOD 1"" MCHJ»",generic,https://payment.api.delever.uz/payme
6895f88b25fe22a8913753e2,Audit Service,"ООО «""AUDIT SERVICE ADVICE CO"" MCHJ»",generic,https://audit.innobek.uz/api/payments/payme
6896184491a6711a15a0904f,HALOL HAZINA,"ООО «""HALOL HAZINA"" MAS`ULIYATI CHEKLANGAN JAMIYAT»",generic,https://b12d249c3933.ngrok-free.app/api/payme/callback
6897306a25fe22a89137642e,InDaGame,"ООО «""OG FLEX"" MCHJ»",generic,https://867.langame.ru/master_api/payments/payme
6897329525fe22a89137646f,Pedagog.uz,"ООО «""PEDAGOGLAR"" MAS'ULIYATI CHEKLANGAN JAMIYAT»",generic,https://dev-api.anti-plagiat.uz/payment/update/
68998258cab302211ad26f56,URANUS INVESTMENT CAPITAL,"ООО «""URANUS INVESTMENT CAPITAL"" MAS'ULIYATI CHEKLANGAN JAMIYAT»",generic,https://uranus.uz/api/development/payment/verify/payme
68998b3dcab302211ad271b7,BITU MARKET,"ООО «""BUXORO INNOVATSION TA‘LIM VA TIBBIYOT UNIVERSITETI"" MAS'ULIYATI CHEKLANGAN JAMIYAT»",generic,https://backend.bimu.uz/api/v1/payments/paycom
68998c8125fe22a891377f65,UYCHI YORQO'RG'ON BARAKA BOZORI,"ООО «""UYCHI YORQO'RG'ON BARAKA BOZORI"" MAS'ULIYATI CHEKLANGAN JAMIYAT»",generic,https://payment.webhook.aqllibozor.uz/api/transaction/payme/68998c8125fe22a891377f65
68998cd7cab302211ad27202,NEYMATOV SHUKURULLO FARHOD O‘G‘LI,ЧП «NEYMATOV SHUKURULLO»,generic,https://api.robosell.uz/api/v2/payme/partner
6899902ccab302211ad27299,Pinsa 25 - DELEVER,ЧП «AMIRXONOVA SITORA»,generic,https://payment.api.delever.uz/payme
6899913583c7a2ce0017899d,Navoi taxi 1412,"ООО «""NAVOI GOLDEN TAXI"" MAS'ULIYATI CHEKLANGAN JAMIYAT»",generic,https://navoiy.lidertaxi.uz/admin/pay-ment/payme-end-point
6899a4b291a6711a15a0bd3e,YASHIL DEHQON BOZORI,"ООО «""YASHIL DEHQON BOZORI"" MAS'ULIYATI CHEKLANGAN JAMIYAT»",generic,https://payment.webhook.aqllibozor.uz/api/transaction/payme/6899a4b291a6711a15a0bd3e
6899a76a45c1f5776bc4c622,UYCHI DEXQON BOZORI,"ООО «""UYCHI DEXQON BOZORI"" MAS'ULIYATI CHEKLANGAN JAMIYAT»",generic,https://payment.webhook.aqllibozor.uz/api/transaction/payme/6899a76a45c1f5776bc4c622
6899b506174a4f1dc10a7813,YOSHLIK BARAKA BOZORI,"ООО «""YOSHLIK BARAKA BOZORI"" MAS'ULIYATI CHEKLANGAN JAMIYAT»",generic,https://payment.webhook.aqllibozor.uz/api/transaction/payme/6899b506174a4f1dc10a7813
6899b844cab302211ad2798e,CPCARGO,"ООО «""CPCARGO"" MCHJ»",generic,https://api.cpcargo.uz/api/v1/payments/payme
6899c64125fe22a891378978,AZ CAPITAL,"ООО «ООО ""AZ CAPITAL""»",generic,https://edumanager.khalikov.co/bot/payme-payments-callback/
6899cc22cab302211ad27d43,ЖИВАЯ ВОДА - АЛМАЛЫК,"СП «""H-2-O"" OK»",alivewater,https://mobile.api.alivewater.online
6899cc2fcab302211ad27d45,ЖИВАЯ ВОДА - АЛМАЛЫК,"СП «""H-2-O"" OK»",alivewater,https://mobile.api.alivewater.online
6899cc3dcab302211ad27d4a,ЖИВАЯ ВОДА - АЛМАЛЫК,"СП «""H-2-O"" OK»",alivewater,https://mobile.api.alivewater.online
6899d642cab302211ad27ee9,"""MAYDONTOP""","ООО «""MAYDONTOP"" MAS'ULIYATI CHEKLANGAN JAMIYAT»",generic,https://maydontop.uz/v1/payme/pay
6899d73ecab302211ad27f12,MEDIKAL NAVIGATOR,"ООО «""MEDIKAL NAVIGATOR"" MCHJ»",generic,https://fljltnanytuwikdsmcun.supabase.co/functions/v1/payme/webhook
6899e35fcab302211ad281de,HASHAMATLI CHINOR LOMBARD,"ООО «""HASHAMATLI CHINOR LOMBARD"" MAS'ULIYATI CHEKLANGAN JAMIYAT XORIJIY KORXONA»",generic,https://lmb108.flexpul.uz/public/payme/payments
6899e5a5cab302211ad28238,ИП ООО «CHINARA BIZNES KREDIT LOMBARD»,"ИП ООО «""CHINARA BIZNES KREDIT LOMBARD"" MAS'ULIYATI CHEKLANGAN JAMIYAT XORIJIY KORXONA»",generic,https://lmb97.flexpul.uz/public/payme/payments
689adae3940154c6824a108b,ZIYODA MUSAFFO BIZNES,"ООО «""ZIYODA MUSAFFO BIZNES"" MAS'ULIYATI CHEKLANGAN JAMIYAT»",arca,https://api-qr.uzcard.uz
689af344cab302211ad295f9," ООО ""ZAMIN TRADE RETAIL""","ООО «""ZAMIN TRADE RETAIL"" MCHJ»",generic,https://alsahiyuz.magicstore.uz/handle/payme/335f9f0a-9b96-435a-b6c4-a8f448328d91
689b12cbcab302211ad29b83,ABDUQODIROV JASURBEK FARHODJON O‘G‘LI,ЧП «ABDUQODIROV JASURBEK»,generic,https://device.radiomer.uz/api/payment/payme/v2
689b29eb940154c6824a1d05,SAZAN KABOB,"ООО «""SAZAN KABOB"" MCHJ»",arca,https://api-qr.uzcard.uz
689b2da5cab302211ad2a078,NUQTA,"ООО «""NUQTA"" MAS'ULIYATI CHEKLANGAN JAMIYAT»",generic,https://api.traderlab.uz/api/v1/payments/payme/webhook
689b3eb2cab302211ad2a2df,OKAY GO,"ООО «""OKAY GO"" MCHJ»",generic,https://api.okaygo.uz/api/v2/user/payme
689b459591a6711a15a0ea13,GENIUS AVENUE,"ООО «""GENIUS AVENUE"" MCHJ»",generic,https://gsofts.uz/PayMe/merchant_api.php
689b830091a6711a15a0ee1b,TANEESH,"ООО «""TANEESH"" MAS'ULIYATI CHEKLANGAN JAMIYAT»",generic,https://taneesh.uz:8443/api/payme/webhook
689c1f4391a6711a15a0f460,VENU,"ООО «""VENU"" MAS'ULIYATI CHEKLANGAN JAMIYAT»",generic,https://api.venu.uz/payment/payme/callback/
689c2c8bcab302211ad2b02f,Gumma&Xonim ТТЗ LACAFE,"ООО «""GUMMA XONIM NOMER 1"" MCHJ»",generic,https://api.lacafe.uz/api/payments/v1/payme
689c2d1dcab302211ad2b044,Gumma&Xonim Keles,"ООО «""FAYZLI MEGA FOOD"" MCHJ»",generic,https://api.lacafe.uz/api/payments/v1/payme
689c2daccab302211ad2b062,Gumma&Xonim Корасув LACAFE,"ООО «""GUMMA AND XONIM ORIGINAL"" MCHJ»",generic,https://api.lacafe.uz/api/payments/v1/payme
689c2e6ccab302211ad2b086,Gumma&Xonim Чилонзор LACAFE,"ООО «""GUMMA XONIM FAMILY"" MCHJ»",generic,https://api.lacafe.uz/api/payments/v1/payme
689c2edbcab302211ad2b095,Gumma&Xonim Ko'kcha LACAFE,"СП «""VIP FOODS OK"" OILAVIY KORXONA»",generic,https://api.lacafe.uz/api/payments/v1/payme
689c2fb2cab302211ad2b0b8,Electro light,ЧП «USMONOV ASILBEK»,generic,https://admin.electrolight.uz/gate/payme
689c38a1cab302211ad2b337,INOMOV AZIZ IBROXIM O‘G‘LI,ЧП «INOMOV AZIZ»,generic,https://paycom.metalcards.uz/
689c3ed2cab302211ad2b440,EMBASSY FOOD,"ООО «""EMBASSY FOOD"" MCHJ»",generic,https://eb.safiabakery.uz/payment/paycom?id=24
689c433245c1f5776bc503c0,SYNTONE PREMIUM,"ООО «""SYNTONE PREMIUM"" MCHJ»",generic,https://payme-vercel.vercel.app/api/payme/callback
689c7f77cab302211ad2bd6e,AB PHARMA LINE,"ООО «""AB PHARMA LINE"" MCHJ»",generic,https://stmholding.uz/payment/payme/endpoint
689c84d825fe22a89137cb13,Mom+ Subscribe,"ООО «""PARENTING PARTNER"" MCHJ»",generic,https://mom.plus/api/billing/payme/
689c8c25843cb56cf8c6e8eb,O'z Do'ner,"ООО «""HAMKOR DONER FOOD"" MCHJ»",generic,https://payment.api.delever.uz/payme
689d845f940154c6824a44da,Buka Fit Q3,"ООО «""AZZA MD"" MAS`ULIYATI CHEKLANGAN JAMIYAT»",arca,https://api-qr.uzcard.uz
689d8670b9a9aa8a9f6a1b9f,MAXSUS TRASH,"ООО «""MAXSUS TRASH"" MAS'ULIYATI CHEKLANGAN JAMIYAT»",generic,https://api.maxsustrash.uz/api/v1/payme/perform-transactions
689d86beb9dc8194567b734d,Ustozim,"ООО «""FAZON ED"" MCHJ»",generic,https://base.ustozim.uz/api/v1/payment-systems/payme/action
689d8e7a843cb56cf8c6f797,NOVALEX,"ИП ООО «ООО ""NOVALEX""»",arca,https://api-qr.uzcard.uz
689db29b843cb56cf8c6fc22, JAHON SCHOOL,"ООО «""JAHON SCHOOL"" MAS'ULIYATI CHEKLANGAN JAMIYAT»",generic,https://api.jahonschool.uz/api/payme/handle
689db36c843cb56cf8c6fc55,RIGHT FINANCE,"ООО «""RIGHT FINANCE"" MAS'ULIYATI CHEKLANGAN JAMIYAT»",generic,https://b.ivend.uz/payme/api/v1/nBYWs3klplJ2RXKmhXYZ/rpc
689db7f9843cb56cf8c6fcf7,AZIMUT CONSULTING,"ООО «""AZIMUT CONSULTING"" XK»",generic,https://atour.uz/?wc-api=wc_payme
689dd081843cb56cf8c701d0,HamHamBurger,ЧП «BAHODIRJONOV MUHAMMAD»,generic,https://payment.api.delever.uz/payme
689dd0cd843cb56cf8c701e6,LIFEGYM SPORTS,"ООО «""LIFEGYM SPORTS"" MAS'ULIYATI CHEKLANGAN JAMIYAT»",generic,https://b.ivend.uz/payme/api/v1/ulpSXXtzDeu9pBh6hqYT/rpc
689ddfa3843cb56cf8c704a8,GO VISA-TOUR,"ООО «""BLS TAS"" MCHJ»",generic,https://psapi.megagroup.ru/accounts/110243/notify
689ee56d843cb56cf8c713d1,Idp,"ООО «ООО ""EDU  ACTION""»",internation-idp,https://backend-payment-platform.inter-nation.uz
689ee64516bb6c9cbed4f7a9,PARTNERS-BUSINESS STORE,"ООО «""PARTNERS-BUSINESS STORE"" MAS`ULIYATI CHEKLANGAN JAMIYAT»",arca,https://api-qr.uzcard.uz
689f0113843cb56cf8c71737,MANANA,"ООО «""WIGWAM"" MAS'ULIYATI CHEKLANGAN JAMIYAT»",generic,https://payment.api.delever.uz/payme
689f0d81f2da5f24bc5a981f,GLOBAL MOVE,"ООО «""GLOBAL MOVE"" MCHJ»",generic,https://api.mock-ielts.uz/api/payments/payme
689f17a8843cb56cf8c71abb,ORI MEDIA,ООО «ORIMEDIA»,generic,https://scriptai.uz/payme
689f1a6e843cb56cf8c71b6a,SABER,"ООО «""RATINGUP"" MAS'ULIYATI CHEKLANGAN JAMIYAT»",generic,https://api.7srating.uz/api/payment/payme/webhook/
689f1d1a843cb56cf8c71bf2,ZARINA CAKES,"СП «""ZARINA BOUTIQUE CAKES"" OILAVIY KORXONA»",arca,https://api-qr.uzcard.uz
689f1df3843cb56cf8c71c28,Самигжанов Пулат,ЧП «SAMIGJONOV PULAT»,generic,https://b.ivend.uz/payme/api/v1/MrL0NFTou4Nuf6h08TTf/rpc
689f22fd843cb56cf8c71d35,STREET PARK SYSTEMS ,"ООО «""STREETPARK SYSTEMS"" MCHJ»",streetpark,https://api-gw.poytaxtparking.uz/payment-api
689f2d10843cb56cf8c71e8a,BADEM GARDEN Luxury hotel and apartments,"ООО «""BADEM GARDEN-VIP"" MAS'ULIYATI CHEKLANGAN JAMIYAT»",generic,https://cb-pay.exely.com/Payme/generic/terminals/c149a2e6-ce06-41eb-ab5a-97160614697a
68a1869f756d44338b68725e,cityinsider,ЧП «LYASHKO YULIYA»,generic,https://api.cityinsider.uz/api/orders/callback/payme
68a1d24a09317138e2f5f33b,HEALIX,"ООО «""HEALIX"" MAS'ULIYATI CHEKLANGAN JAMIYAT»",generic,https://ozwwnnspjincujrtdjwh.functions.supabase.co/payme-merchant
68a2baf5843cb56cf8c746ae,CALVERO WORK,ЧП «RAXMONOV ABRORBEK»,generic,https://api.calvero.work/payme/callback
68a2bef5843cb56cf8c7477e,FREIGHTME,"ООО «""FREIGHTME"" MAS'ULIYATI CHEKLANGAN JAMIYAT»",generic,https://payme.freightme.uz/
68a2c1b9843cb56cf8c74819,XORROT,"ООО «""KHORROT"" XK»",generic,https://xorrot.zoomda.uz:4001/payme/
68a2f023f2da5f24bc5acf99,Afiyet,"ООО «""IT SUPPORT AND SERVICE"" MChJ»",generic,https://anvarcontact.uz/api/payme
68a30e02b9dc8194567bd1e9,Yordamchi AI,"ООО «""BEHAD"" MCHJ»",generic,https://temp.hisobchiai.uz/api/v1/payment/merchant
68a410c9b9dc8194567be044,Navr,"ООО «""NAVR"" MAS'ULIYATI CHEKLANGAN JAMIYAT»",generic,https://users.nigoh.idostarter.com/payment/payme/
68a4141716bb6c9cbed53d6f,AFTERMARKET GLOBAL,"ООО «""AFTERMARKET GLOBAL"" MCHJ»",arca,https://api-qr.uzcard.uz
68a41ab116bb6c9cbed53e64,AFTERMARKET GLOBAL,"ООО «""AFTERMARKET GLOBAL"" MCHJ»",arca,https://api-qr.uzcard.uz
68a42aa516bb6c9cbed540dd,TruckExpert Global,"ООО «""TRUCKEXPERT GLOBAL"" MAS'ULIYATI CHEKLANGAN JAMIYAT XORIJIY KORXONA»",arca,https://api-qr.uzcard.uz
68a43773756d44338b68a3cb,safopay.uz,ЧП «SAPAYEV SAFOJON»,generic,https://safopay.uz/pay_methods/payme2d23q.php
68a44036756d44338b68a54d,ZEHN AI,"ООО «""ZEHN AI"" MAS'ULIYATI CHEKLANGAN JAMIYAT»",generic,https://api.zehnly.ai/v1/payment/payme
68a4753f756d44338b68aec5,ALLAYAROV JASURBEK ERKINOVICH,ЧП «ALLAYAROV JASURBEK»,generic,https://dioraatr.asosit.uz/api/payme
68a47a1b756d44338b68af77,Mehmonxona,"ГУП «A.AVLONIY NOMIDAGI PEDAGOGLARNI KASBIY RIVOJLANTIRISH VA YANGI METODIKALARGA O`RGATISH MIL"" DM»",generic,https://hotel.avloniy.uz/payments/payme/
68a4b0cbb9a9aa8a9f6a9e9f,Eslat,ООО «TAFAKKUR GROUP»,generic,https://api.eslat.uz/payme
68a5979cd0369401e31b1382,EVOS,ООО «MCHJ MAK FOOD SERVIS»,generic,https://qr.evos.uz/api/payme/callback
68a5b7bc11304a998df985ff,KASA,"ООО «""KASA"" MAS'ULIYATI CHEKLANGAN JAMIYAT»",generic,https://payment.api.delever.uz/payme
68a5ba568f3347fe8658c84d,Parklane KKM,"ООО «""GREENPARK"" MAS'ULIYATI CHEKLANGAN JAMIYAT»",arca,https://api-qr.uzcard.uz
68a5cc73d0369401e31b213c,Dostavka Kaifa,ЧП «TASHEVA SITORA»,generic,https://dostavkakaifa.uz/api_v1/payme/131/payment
68a5d73a11304a998df98af3,eFKhaydarov,ЧП «HAYDAROV MUHAMMADALI»,generic,https://pay.efkhaydarov.uz/data/payme.php
68a6abddd0369401e31b29f7,EVOS,ООО «MCHJ MAK FOOD SERVIS»,generic,https://qr.evos.uz/api/payme/callback
68a6ac04b8dc9a4fcc7d8bf3,"""AIRBEST""","ООО «""AIRBEST"" MCHJ»",generic,https://api.lacafe.uz/api/payments/v1/payme
68a6acb18f3347fe8658d44a,EVOS,ООО «MCHJ MAK FOOD SERVIS»,generic,https://qr.evos.uz/api/payme/callback
68a6ae3d3c0a338a8b3e36bd,EVOS,ООО «MCHJ MAK FOOD SERVIS»,generic,https://qr.evos.uz/api/payme/callback
68a6aebc3c0a338a8b3e36c9,EVOS,ООО «MCHJ MAK FOOD SERVIS»,generic,https://qr.evos.uz/api/payme/callback
68a6af6411304a998df992f4,EVOS,ООО «MCHJ MAK FOOD SERVIS»,generic,https://qr.evos.uz/api/payme/callback
68a6afdc11304a998df99310,EVOS,ООО «MCHJ MAK FOOD SERVIS»,generic,https://qr.evos.uz/api/payme/callback
68a6b04a11304a998df9932a,EVOS,ООО «MCHJ MAK FOOD SERVIS»,generic,https://qr.evos.uz/api/payme/callback
68a6b0acb8dc9a4fcc7d8cb6,EVOS,ООО «MCHJ MAK FOOD SERVIS»,generic,https://qr.evos.uz/api/payme/callback
68a6b13f11304a998df99352,EVOS,ООО «MCHJ MAK FOOD SERVIS»,generic,https://qr.evos.uz/api/payme/callback
68a6b1a4b8dc9a4fcc7d8cd5,EVOS,ООО «MCHJ MAK FOOD SERVIS»,generic,https://qr.evos.uz/api/payme/callback
68a6b267b8dc9a4fcc7d8cf9,EVOS,ООО «MCHJ MAK FOOD SERVIS»,generic,https://qr.evos.uz/api/payme/callback
68a6b2a311304a998df99386,EVOS SAMARKAND,"ООО «""NUR CHINORI"" MCHJ»",generic,https://qr.evos.uz/api/payme/callback
68a6b70e8f3347fe8658d5b4,CHICKEN ASIAN FOOD,"ООО «""ELIZA GROUP"" MAS'ULIYATI CHEKLANGAN JAMIYAT»",generic,https://api.lacafe.uz/api/payments/v1/payme
68a6cdcd11304a998df997c3,RED TEAM,ЧП «TADJIBAYEV BAXTIYAR»,generic,https://appstoreredteam.uz/api/payme-webhook
68a6f2178f3347fe8658deae,ALL PUBG,ЧП «YARASHBOYEV BAXODIR»,generic,https://realtenko.pubgstore.uz/api/payme/webhook
68a6f5a1b8dc9a4fcc7d9729,Cinerama,"ООО «""DILDORA-F"" XK»",generic,https://api.cinerama.uz/api/payme/merchant
68a703c4d0369401e31b3706,P1,ЧП «KARIMBEKOV TIMUR»,generic,https://api.2pay.uz/api/payments/payme/
68a703f1d0369401e31b370f,P2,ЧП «KARIMBEKOV TIMUR»,generic,https://api.2pay.uz/api/payments/payme/
68a729fc8f3347fe8658e6cd,EstetKaloriya,"ООО «""PULATOV SCHOOL"" MChJ»",generic,https://estetkaloriya.uz/payme/callback
68a72e093c0a338a8b3e494a,Hubchik,ООО «Hubchik»,generic,https://api.lacafe.uz/api/payments/v1/payme
68a7fdd03c0a338a8b3e503a,Taxografni qiyoslash,"ООО «""TRANSPORT ILMIY-TADQIQOT MARKAZI"" MCHJ»",generic,https://api.titm.uz/billing/payme
68a81cdf11304a998df9b221,SAMANDAROVA DILFUZAXON TAIRJAN QIZI,ЧП «SAMANDAROVA DILFUZAXON»,generic,https://api.2pay.uz/api/payments/payme/
68a83ea911304a998df9b5f5,ЯQH MINI MARKET,ЧП «ERGASHEV RUSTAM»,arca,https://api-qr.uzcard.uz
68a842c311304a998df9b693,MUXIDDINOV SIROJIDDIN ZIYOVIDDINOVICH,ЧП «MUXIDDINOV SIROJIDDIN»,generic,https://backend.nafis-home.uz/api/v1/payme/orders/transactions
68a844fdd0369401e31b4e69,Metrologiya,"ООО «""METROLOGIYA ILMIY MARKAZI"" MCHJ»",generic,https://api.metrologiya.uz/api/payment-integration/payme-webhook/merchant/
68a847bed0369401e31b4eba,BE BACK BUSSINESS,"ООО «""BE BACK BUSSINESS"" MAS'ULIYATI CHEKLANGAN JAMIYAT»",generic,https://api.lacafe.uz/api/payments/v1/payme
68a9479a11304a998df9c6d2,TopManga,"ЧП «ИП ""CHINTOSHEV»",generic,https://auth.topmanga.uz/api/auth/payments/webhook/payme/
68abfe7b11304a998df9e62b,FINANCE AND FAMILY,"ООО «""FINANCE AND FAMILY"" MAS`ULIYATI CHEKLANGAN JAMIYAT»",generic,http://english-time.iwords.uz/payme
68ac0172d0369401e31b7e0a,ATAY,"ООО «""ATAY"" MAS'ULIYATI CHEKLANGAN JAMIYAT»",generic,https://api.exode.biz/api/v2/payment/rpc/acquiring/56b97572-dca3-4a9e-858d-ab8de555b786
68ac080911304a998df9e7b9,Kunleek – Sergeli-5,"ООО «""OMAL RETAIL"" MCHJ»",generic,https://kunleek.dmmg.uz/payment/payme/endpoint
68ac0a53b8dc9a4fcc7de19a,ONKOLOGIYA TIBBIYOT MARKAZI,undefined «RESPUBLIKA IXTISOSLASHTIRILGAN ONKOLOGIYA VA RADIOLOGIYA ILMIY-AMALIY TIBBIYOT MARKAZI»,generic,http://213.230.91.59:5869/api/payme/index.php
68ac3f153c0a338a8b3e93b6,ERGASHEV MIRMUXAMMAD BAXROM O‘G‘LI,ЧП «ERGASHEV MIRMUXAMMAD»,generic,https://api.exode.biz/api/v2/payment/rpc/acquiring/974a56ca-3ad2-4de4-85cd-2d9b5ac43651
68ac577111304a998df9f3d0,FALL ANGELS FILM,"ООО «""FALL ANGELS FILM"" MAS`ULIYATI CHEKLANGAN JAMIYAT»",generic,https://jafarfilm.uz/webhook/payme/
68ac585cb8dc9a4fcc7ded59,TARNOV,"ООО «""MEAL PERFECT"" MAS'ULIYATI CHEKLANGAN JAMIYAT»",generic,https://payment.api.delever.uz/payme
68ad51cfb8dc9a4fcc7dfa7b,JET SCOOTERS,"ООО «""JET SCOOTERS"" MAS'ULIYATI CHEKLANGAN JAMIYAT»",generic,https://service.urentbike.ru/payme-integration/api/callback/merchant-api
68ad520611304a998dfa0132,JET SCOOTERS,"ООО «""JET SCOOTERS"" MAS'ULIYATI CHEKLANGAN JAMIYAT»",generic,https://service.urentbike.ru/payme-integration/api/callback/merchant-api
68ad5259d0369401e31b98b9,JET SCOOTERS,"ООО «""JET SCOOTERS"" MAS'ULIYATI CHEKLANGAN JAMIYAT»",generic,https://service.urentbike.ru/payme-integration/api/callback/merchant-api
68ad5299d0369401e31b98c3,JET SCOOTERS,"ООО «""JET SCOOTERS"" MAS'ULIYATI CHEKLANGAN JAMIYAT»",generic,https://service.urentbike.ru/payme-integration/api/callback/merchant-api
68ad52d0d0369401e31b98ce,JET SCOOTERS,"ООО «""JET SCOOTERS"" MAS'ULIYATI CHEKLANGAN JAMIYAT»",generic,https://service.urentbike.ru/payme-integration/api/callback/merchant-api
68ad53b63c0a338a8b3ea533,JET SCOOTERS,"ООО «""JET SCOOTERS"" MAS'ULIYATI CHEKLANGAN JAMIYAT»",generic,https://service.jetscooters.fun/payme-integration/api/callback/merchant-api
68ad5ff5b8dc9a4fcc7dfcb7,NEUROTECH,"ООО «""NEUROTECH"" MAS'ULIYATI CHEKLANGAN JAMIYAT»",generic,https://bbe7-213-230-78-111.ngrok-free.app/v1/payments/payme/webhook
68ad7a6dd0369401e31b9e6c,AYVA Coffee,"ООО «""AYVA COFFEE"" MAS'ULIYATI CHEKLANGAN JAMIYAT»",generic,https://api.2pay.uz/api/payments/payme/
68ad7cf18f3347fe865948ca,BALTABAYEVA DILNOZA,ЧП «BALTABAYEVA DILNOZA»,generic,https://www.ailem.uz/api/payme-webhook
68ad8dcf3c0a338a8b3eade0,BLOGIX,"ООО «""BLOGIX"" MAS'ULIYATI CHEKLANGAN JAMIYAT»",generic,https://api.blogix.uz/advblog/api/payment/payme
68ada78311304a998dfa0f08,Zabixullo   market ,ЧП «KURBANOV ZABIXILLO»,arca,https://api-qr.uzcard.uz
68adb57c8f3347fe86595324,LIDER BOLALAR MAKTABI,"ННО «""LIDER BOLALAR MAKTABI"" NTM»",generic,https://pp.leaderschool.uz/api/payment/payme
68ae8a6ed0369401e31bafa6,EVOS,ООО «MCHJ MAK FOOD SERVIS»,generic,https://payment.api.delever.uz/payme
68ae925611304a998dfa18e7,Вендинг,ЧП «YAKUBOV DAVRON»,generic,https://device.radiomer.uz/api/payment/payme/v2
68ae939ce8a7273fdd1174a9,ERKINBOY OTA O'G'LI-RS,"ООО «""ERKINBOY OTA O'G'LI-RS"" MAS'ULIYATI CHEKLANGAN JAMIYAT»",arca,https://api-qr.uzcard.uz
68aea36411304a998dfa1bd2,RETAIL TELECOMMUNICATIONS,"ООО «""RETAIL TELECOMMUNICATIONS"" MAS'ULIYATI CHEKLANGAN JAMIYAT»",generic,https://api.shop.rexet.uz/api/payments/payme
68aeab538f3347fe86595f46,Yaqin bozor,ЧП «BAYMIRZAYEV SHUXRAT»,generic,https://api.robosell.uz/api/v2/payme/partner
68aeb689d0369401e31bb69f,ABDULLOH IMONA BUSINESS SENTRE ,"ООО «""ABDULLOH IMONA BUSINESS SENTRE"" MAS'ULIYATI CHEKLANGAN JAMIYAT»",arca,https://api-qr.uzcard.uz
68aebc7dd0369401e31bb756,TARIX VA HUQUQ,ЧП «BASITXANOV ELSEVAR»,generic,https://history.enko.uz/api/payment/paycom
68aed8123c0a338a8b3ec7e8,BUENOO,"ООО «""BUENOO"" MAS'ULIYATI CHEKLANGAN JAMIYAT»",generic,https://ctr.zoomda.uz:4001/payme/
68aeda1a3c0a338a8b3ec8fc,T-City,"ООО «""HOTEL MGMT"" MAS'ULIYATI CHEKLANGAN JAMIYAT»",generic,https://cb-pay.exely.com/Payme/generic/terminals/de594c29-36bf-427b-bd02-25e5ff9c8d50
68aee4fcb8dc9a4fcc7e2065,DARMON-SERVIS,"ООО «ООО ""DARMON-SERVIS""»",generic,https://api.dslab.uz/api/v1/payments/payme/callback/
68aeeb403c0a338a8b3ecc4b,baliqovi," «""O‘ZBEKISTON RESPUBLIKASI EKOLOGIYA ATROF-MUHITNI MUHOFAZA QILISH VA IQLIM O‘ZGARISHI VAZIRLIGI"" DAVLAT MUASSASASI»",generic,https://baliqovi.uznature.uz/payme/
68af0bb5b8dc9a4fcc7e2667,DARXON,"ООО «""DARXON RESTO GROUP"" MCHJ»",generic,https://api.lacafe.uz/api/payments/v1/payme
68b00d4e8f3347fe86597d8f,"KS Lux - Мультибрендовый шоурум отделочных материалов из Италии, Германии и России",ООО «KS LUX INTERTRADING»,arca,https://api-qr.uzcard.uz
68b0239de8a7273fdd11930c,SHUKURULLO OTAGINAM,"СП «""SHUKURULLO OTAGINAM"" OILAVIY KORXONA»",arca,https://api-qr.uzcard.uz
68b02f818f3347fe865982e7,ONA,ННО «ОNА»,generic,https://onafoundation.uz/api/v1/payment/payme/process
68b041238f3347fe865985f8,EVOS,ООО «MCHJ MAK FOOD SERVIS»,generic,https://payment.api.delever.uz/payme
68b04af1d0369401e31be017,BIOS0101,"ООО «""BIOS0101"" MCHJ»",generic,https://ielts-mock.uz/handle/payme
68b056028f3347fe865993cb,ЧОРТОК,"ООО «""CHORTOQ TOURIST TRADE CENTER"" MAS`ULIYATI CHEKLANGAN JAMIYAT»",generic,https://payment.webhook.aqllibozor.uz/api/transaction/payme/68b056028f3347fe865993cb
68b13d3611304a998dfa60e6,YOKUBOV MUXTORXUJA MAXMUD O’G’LI,ЧП «YOKUBOV MUXTORXUJA»,generic,https://b.ivend.uz/payme/api/v1/qPArv9kc7AZtjLSn41T8/rpc
68b142e5b8dc9a4fcc7e5b29,Буюк Ипак йули,"ООО «""BUYUK IPAK YO'LI SAVDO KOMPLEKSI"" MAS'ULIYATI CHEKLANGAN JAMIYAT»",generic,https://myrent.uz/api/payme
68b14a3b8f3347fe8659a58b,MARAKAND-PRESTIJ TAXI,"ООО «""MARAKAND-PRESTIJ TAXI"" MCHJ»",generic,https://klolereduedik.beget.app/fleet/paycom/
68b173d43c0a338a8b3f0f26,CHORTOQ SANOAT SAVDO KOMPLEKSI,"ООО «""CHORTOQ SANOAT SAVDO KOMPLEKSI"" MAS'ULIYATI CHEKLANGAN JAMIYAT»",generic,https://payment.webhook.aqllibozor.uz/api/transaction/payme/68b173d43c0a338a8b3f0f26
68b183bfe8a7273fdd11b44a,FS MEDPHARM,"ООО «""FS MEDPHARM"" MAS'ULIYATI CHEKLANGAN JAMIYAT»",arca,https://api-qr.uzcard.uz
68b187b511304a998dfa6f16,YOOGROUP,"ООО «""YOOGROUP"" MAS'ULIYATI CHEKLANGAN JAMIYAT»",generic,https://01485bb8d833.ngrok-free.app/payme/checkout
68b1930cb8dc9a4fcc7e6ad7,Dwish,ЧП «SAY RAUSHAN»,generic,https://api.dwish.uz/api/payments/payme
68b193e911304a998dfa71c7,TaSushi,"ООО «""TA SUSHI FAMILY"" MCHJ»",generic,https://api.lacafe.uz/api/payments/v1/payme
68b19c4911304a998dfa7302,Bistecca,ООО «BISTECCA MCHJ»,generic,https://api.fbox.uz/api/v1/payme/merchant/
68b68c94b8dc9a4fcc7eb71b,Senorita Home,"ООО «""MAROON TRADE"" MCHJ»",arca,https://api-qr.uzcard.uz
68b69e3b8f3347fe865a051d,MiniMoney,ЧП «MAXMUDOV JAXONGIRXO‘JA»,generic,https://payme.isgood.host/index.php
68b6b53a3c0a338a8b3f6cfe,EDUCORP,"ООО «""EDUCORP"" MAS'ULIYATI CHEKLANGAN JAMIYAT»",generic,https://api.exode.biz/api/v2/payment/rpc/acquiring/6eab52dd-35c6-4626-afdb-4a17beb4c3a8
68b6cd83d0369401e31c5fe9,BUSINESS BROTHERS AND PARTNERS,"ООО «""BUSINESS BROTHERS AND PARTNERS"" MAS'ULIYATI CHEKLANGAN JAMIYAT»",generic,https://api.joy.com.uz/api/payment/payme/update/
68b6cf7f3c0a338a8b3f7277,HUMOPEDIA EDU,"ООО «""HUMOPEDIA EDU"" MAS'ULIYATI CHEKLANGAN JAMIYAT»",generic,https://asia-south1-humo-uz.cloudfunctions.net/paymeMerchant
68b7cfea3c0a338a8b3f82bf,MIRAXMEDOV BEKZOD XASANOVICH,ЧП «MIRAXMEDOV BEKZOD»,generic,https://bmtgchannel.ieltszone.uz/api/v1/payme
68b7d85eb8dc9a4fcc7ed505,GOLD  PROGRESS PREMIUM,"ООО «""GOLD PROGRESS PREMIUM"" MAS'ULIYATI CHEKLANGAN JAMIYAT»",sumpay,https://payme.cloudcore.uz
68b7d99911304a998dfadb6e,NRG,"ООО «""MINING TECH"" MAS'ULIYATI CHEKLANGAN JAMIYAT»",generic,https://nrg.nexgroup.uz/?wc-api=wc_payme
68b7dd31b8dc9a4fcc7ed5d6,OMONILLAYEV SA’DULLA ASADULLA O‘G‘LI,ЧП «OMONILLAYEV SA’DULLA»,generic,https://api.qamar.uz/payment/payme
68b7df51d0369401e31c7345,THE LOKMACO,"ООО «""RAMZIDDIN ATXAM BIZNES"" MCHJ»",generic,https://api.lacafe.uz/api/payments/v1/payme
68b7e95ad0369401e31c74e0,falconshop.uz,ЧП «ALIYEV LACHIN»,generic,https://falconshop.uz/?wc-api=wc_payme
68b7f4d411304a998dfae01e,ANSAR NET,"ООО «""ANSAR NET"" MCHJ»",generic,https://bill.ansarnet.uz:9443/paysys/payme/index.php
68b8063dd0369401e31c794b,BUYUK ISTANBUL,"ООО «""BUYUK ISTAMBUL TAOMLARI"" MCHJ»",generic,https://api.lacafe.uz/api/payments/v1/payme
68b80ff111304a998dfae441,ГК РУз ПО ЭКОЛОГИИ И ОХРАНЕ ОКРУЖАЮЩЕЙ СРЕДЫ,"АО «""PAYNET"" AJ»",paynet-by-payme-maxsustrans,https://gw2.paynet.uz:8585/gw/v2/transaction
68b814598f3347fe865a2c93,O'zsuvta'minot,"АО «""PAYNET"" AJ»",paynet-by-payme-suvtaminot,https://gw2.paynet.uz:8585/gw/v2/transaction
68b817afd0369401e31c7c41,POWER DREAM,"ООО «""POWER DREAM"" MAS'ULIYATI CHEKLANGAN JAMIYAT»",generic,https://powerdream.uz/api/payments/payme
68b8214f8f3347fe865a2f10,Получение кредитной истории,"ООО «""KREDIT-AXBOROT TAHLILY MARKAZI"" MCHJ»",generic,http://172.17.9.197:4388
68b923fae8a7273fdd121c74, LEVICHAR GEORGIY KOSTAS,ЧП «LEVICHAR GEORGIY»,arca,https://api-qr.uzcard.uz
68b94a5bd0369401e31c9635,Online oq yool,"ООО «""OQ YUL LOGISTIKA"" MAS'ULIYATI CHEKLANGAN JAMIYAT»",generic,https://5fcfda11742c.ngrok-free.app/payments
68b96181b8dc9a4fcc7efc67,app,"ООО «""WERNER"" MAS'ULIYATI CHEKLANGAN JAMIYAT»",generic,https://pyramidgames.fun/api/callback/payme/
68b964d2e8a7273fdd122764,ERGODOM,"ООО «""ERGODOM"" MAS'ULIYATI CHEKLANGAN JAMIYAT»",arca,https://api-qr.uzcard.uz
68b9664eb8dc9a4fcc7efd68,NOK,ООО «MCHJ EUPHORIA GROUP»,generic,https://1c.corp.euphoriagroup.uz/trade/hs/merchantapi/payme
68b97aecd0369401e31c9e92,PRIME SARMOYA,ООО «PRIME SARMOYA»,generic,https://payme-adapter.paystep.uz/api/v1/payme-adapter
68b98c4396e387d7efe08cd8,KIM VYACHESLAV ALEKSANDROVICH,ЧП «KIM VYACHESLAV»,generic,https://tegen.tegendelivery.uz/paycom/
68b98c9ad13d79e32d73c8e6,Mustafo online,ЧП «ORTIQOV ALISHER»,generic,https://api.yulda24.uz/payments
68b98f804a61e23928c0c88c,Vending Guliston,ЧП «ABDRAXMANOV NEGMETULLA»,generic,https://b.ivend.uz/payme/api/v1/ipMTqLXlrWdpiL7KD1KY/rpc
68b997681a2cbb4587049f1b,ONE AND ONLY IT SERVICES,"ООО «""ONE AND ONLY IT SERVICES"" MAS'ULIYATI CHEKLANGAN JAMIYAT»",generic,https://oneandonly-83918.bubbleapps.io/version-live/api/1.1/wf/payme
68b9c12614be10840d4ade8e,MYSTAR,"ООО «""MYSTAR"" MCHJ»",generic,https://bots.mystar.uz/taklifnomauzbot/payme/index.php
68b9ed9b1a2cbb458704a4a3,LUMI-PASS,"ООО «""LUMI-PASS"" MAS'ULIYATI CHEKLANGAN JAMIYAT»",generic,https://mobile-api.lumipass.uz/api/paycom/merchant
68ba8c724a61e23928c0daa7,VELARA HOTEL PayConnectBE,ООО «VELARA HOTEL»,generic,https://cb-pay.exely.com/Payme/generic/terminals/e75a9137-e6b1-41fa-84d3-a1438305bb25
68ba90fcd13d79e32d73dc17,RETAIL GROUP GLOBAL,"СП ООО «""RETAIL GROUP GLOBAL"" MCHJ QK»",arca,https://api-qr.uzcard.uz
68ba949c4a61e23928c0dba9,TERGACHI BARAKA BOZORI,"ООО «""TERGACHI BARAKA BOZORI MCHJ"" MAS'ULIYATI CHEKLANGAN JAMIYAT»",generic,https://payment.webhook.aqllibozor.uz/api/transaction/payme/68ba949c4a61e23928c0dba9
68ba97231a2cbb458704b14c,TO`RAQO`RG`ON MARKAZIY DEHQON BOZORI,"ООО «""TO`RAQO`RG`ON MARKAZIY DEHQON BOZORI"" MAS`ULIYATI CHEKLANGAN JAMIYAT»",generic,https://payment.webhook.aqllibozor.uz/api/transaction/payme/68ba97231a2cbb458704b14c
68baae8a96e387d7efe0a313,ЗИЕДБЕК ДИЕРБЕК,"ООО «""ZIYODBEK-DIYORBEK SAVDO KOMPLEKSI"" MAS'ULIYATI CHEKLANGAN JAMIYAT»",generic,https://payment.webhook.aqllibozor.uz/api/transaction/payme/68baae8a96e387d7efe0a313
68bab41796e387d7efe0a3d7,Маргилон Барака савдо савдо комплекси,"АО «""MARG`ILON BARAKA SAVDO"" AKSIYADORLIK JAMIYATI»",generic,https://payment.webhook.aqllibozor.uz/api/transaction/payme/68bab41796e387d7efe0a3d7
68bab68a4a61e23928c0df6c,HOTEL MANOR PayConnectBE,"ООО «ООО ""HOTEL MANOR""»",generic,https://cb-pay.exely.com/Payme/generic/terminals/06008f79-69e2-4e55-9947-2fabf57554c8
68bab6f896e387d7efe0a447,THOMPSON XUSUSIY MAKTABLARI,"ООО «""THOMPSON XUSUSIY MAKTABLARI"" MAS'ULIYATI CHEKLANGAN JAMIYAT»",generic,https://schoolify.uz/api/payments/payme/
68bab7834a61e23928c0df9e,Фаргона вилояти Кўштепа тумани Дехқон бозори МЧЖ,"ООО «""QO`SHTEPA TUMANI DEHQON BOZORI"" MAS'ULIYATI CHEKLANGAN JAMIYAT»",generic,https://payment.webhook.aqllibozor.uz/api/transaction/payme/68bab7834a61e23928c0df9e
68babb091a2cbb458704b5c3,ДЕХКОН БОЗОРИ,"ООО «""DEXQON BOZORI"" MAS'ULIYATI CHEKLANGAN JAMIYAT»",generic,https://payment.webhook.aqllibozor.uz/api/transaction/payme/68babb091a2cbb458704b5c3
68babe0614be10840d4af24c,ASHDIR,"ООО «""ASHDIR"" MAS'ULIYATI CHEKLANGAN JAMIYAT»",generic,https://chashma-dev.uz/api/payme
68bac1974a61e23928c0e1eb,МАРГИЛОН ФАЙЗ САВДО КОМПЛЕКСИ,"АО «""MARG`ILON FAYZ SAVDO KOMPLEKSI"" AKSIYADORLIK JAMIYATI»",generic,https://payment.webhook.aqllibozor.uz/api/transaction/payme/68bac1974a61e23928c0e1eb
68bac2f31a2cbb458704b76b,IMKON FINANS mikromoliya tashkiloti,"ООО «АО ""IMKON FINANS mikromoliya tashkiloti""»",generic,https://payme.imkonfinance.uz/prod/API/UZPAY/PAYME
68bad0d914be10840d4af5be,IMPACT FINANCE LEADERS,"ООО «""IMPACT FINANCE LEADERS"" MAS'ULIYATI CHEKLANGAN JAMIYAT MIKROMOLIYA TASHKILOTI»",generic,https://mfo143.flexpul.uz/public/payme/payments
68bad147e8a7273fdd12488f,Best Tools Sergeli,ООО «BEST-TOOLS»,arca,https://api-qr.uzcard.uz
68bae29f14be10840d4af843,Unique agency,"ООО «""JUST UNIQUE"" MAS`ULIYATI CHEKLANGAN JAMIYAT»",generic,http://95.46.210.69:8010/payments/callback/
68baf41a1a2cbb458704be2d,DEHQON BOZORI,ООО «DEHQON BOZORI»,generic,https://payment.webhook.aqllibozor.uz/api/transaction/payme/68baf41a1a2cbb458704be2d
68bb4eb94a61e23928c0ec8c,Furqat online,"ООО «""TREMENDOUS PHARM"" MAS'ULIYATI CHEKLANGAN JAMIYAT»",generic,https://api.yulda24.uz/payments
68bd8eaad13d79e32d740af3,Sirius,"ООО «""ERGASHEV EDUCATION"" MCHJ»",generic,https://2025-2026.sirius.org.uz/api/payme
68be71161a2cbb458704e88a,BEE`S 000,"ООО «""BEE`S 000"" MAS`ULIYATI CHEKLANGAN JAMIYAT»",generic,http://5.129.200.142/payme/callback/
68be84864a61e23928c1161c,ISHXONA,"ООО «""ISHXONA"" MAS'ULIYATI CHEKLANGAN JAMIYAT»",generic,https://api.ishxona.uz/api/payment
68be86334a61e23928c11675,4tiyin - LACAFE,"ООО «""STARCO N1"" MCHJ»",generic,https://api.lacafe.uz/api/payments/v1/payme
68be8afb6e289b22da54181f,Сергели 1,"ООО «""SERGELI-MING BIR MOLLAR"" XUSUSIY KORXONA»",arca,https://api-qr.uzcard.uz
68be9240e1d6710101fe02bf,Ildam Peshku Online,"ООО «""ILDAM 1619"" MAS'ULIYATI CHEKLANGAN JAMIYAT»",generic,https://api.yulda24.uz/payments
68be93cc6e289b22da541915,Safia,"ООО «""MADINA-QANDOLAT"" MCHJ»",generic,https://payme.safiadelivery.com/?resid=cb554950-8e7e-478c-bccc-3cb3c7566dfe
68be996c3c7466bd6bca614a,"""QUICKLY IT SOLUTIONS"" MCHJ  ","ООО «""QUICKLY IT SOLUTIONS"" MAS'ULIYATI CHEKLANGAN JAMIYAT  »",generic,https://bsmarket.uz/api/payme/recive
68be9d826e289b22da541a36,WEDRIVE INNOVATIONS,"ООО «""WEDRIVE INNOVATIONS"" MCHJ»",generic,https://prod.wedrive.uz/payments/PaymeInAppCallBack
68be9e71e1d6710101fe0420,WEDRIVE INNOVATIONS,"ООО «""WEDRIVE INNOVATIONS"" MCHJ»",generic,https://prod.wedrive.uz/payments/PaymeCallBack
68beaaa0f36b2d47273a33e5,ZENIT AVLOD,"ООО «""ZENIT AVLOD"" XUSUSIY KORXONA»",arca,https://api-qr.uzcard.uz
68beb3136e289b22da541d1d,BBQ Samarqand,"ООО «""DINRAN"" MAS'ULIYATI CHEKLANGAN JAMIYAT»",generic,https://bbq.zoomda.uz:4001/payme/
68beb3d7c7a08fe2fdd1d887,LAHEEM,"ООО «""CHAQQON MEDIA"" MCHJ»",generic,https://laheem.zoomda.uz:4001/payme/
68beb6700e23d79f78769464,AURA7,"ООО «""AURA7"" MAS'ULIYATI CHEKLANGAN JAMIYAT»",generic,https://7uradmpnl.online/api/fileModeration/api/AuraPayme
68bed7fdc040b7e7932423c5,NEXTWAY,"ООО «""NEXTWAY"" MAS'ULIYATI CHEKLANGAN JAMIYAT»",generic,https://b.ivend.uz/payme/api/v1/Vh5BypfzT8EFeqiksoPq/rpc
68bfd120f2dce420d8dcddef,AHSAN-R - DELEVER,"ООО «""AHSAN-R"" MAS`ULIYATI CHEKLANGAN JAMIYAT»",generic,https://payment.api.delever.uz/payme
68bfd9e9acdb1e860a33b3c1,CODEFY,"ООО «""CODEFY"" MAS'ULIYATI CHEKLANGAN JAMIYAT»",generic,https://bot.robotokedu.uz/controlp/payme/get-me
68bfe0fd3c62807f740daa7b,TRIPLEA,"ООО «""TRIPLEA"" MAS'ULIYATI CHEKLANGAN JAMIYAT»",generic,https://aggregator.triplea.uz/api/payments/payme/webhook/
68bff6e809fe2d5ab08952fe,Kaizen Ибн-сино Delever,ООО «MCHJ KAI-ZEN SUSHI»,generic,https://payment.api.delever.uz/payme
68c000579ac2828cbccc2c7d,DEFACTUM LABORATORIES,"ООО «""DEFACTUM LABORATORIES"" MCHJ»",generic,https://mis.defactum.uz/apipayme/payme/
68c0008c3c62807f740dafbd,MIRLUXE - PayConnectBE,"ООО «""MIROBOD HOTEL PLAZA"" MCHJ»",generic,https://cb-pay.exely.com/Payme/generic/terminals/7a3de92d-c98b-4493-b1aa-82623552b98f
68c005d009fe2d5ab0895636,lacafe - saad (Alayskiy),"ООО «""CENTRAL DONER"" MChJ»",generic,https://payment.api.delever.uz/payme
68c005ea3c62807f740db09a,lacafe - saad (Beshyogoch),"ООО «""CENTRAL DONER"" MChJ»",generic,https://payment.api.delever.uz/payme
68c0060d3c62807f740db0a8,lacafe - saad (Alfraganus),"ООО «""CENTRAL DONER"" MChJ»",generic,https://payment.api.delever.uz/payme
68c009b209fe2d5ab0895712,NAMANGANAVTOMEGASTROY SAVDO KOMPLEKSI,"ООО «""NAMANGANAVTOMEGASTROY SAVDO KOMPLEKSI"" MAS'ULIYATI CHEKLANGAN JAMIYAT»",generic,https://payment.webhook.aqllibozor.uz/api/transaction/payme/68c009b209fe2d5ab0895712
68c020f8c9ff93d4df5c0d97,ODABAN,"ООО «""INTERLAK"" MAS'ULIYATI CHEKLANGAN JAMIYAT»",generic,https://odaban.uz/index.php?route=extension/payment/kit_payme&f=Callback
68c0fd51c9ff93d4df5c182d,PITSTOP FAST FOOD - Delever,"ООО «""PITSTOP FAST-FOOD"" MCHJ»",generic,https://payment.api.delever.uz/payme
68c0fe659ac2828cbccc3f68,ZAHRATUN FOOD 1 -delever,"ООО «""ZAHRATUN FOOD 1"" MCHJ»",generic,https://payment.api.delever.uz/payme
68c107ddc9ff93d4df5c1a26,JONDOR 1 FILIALI - DELEVER,"ООО «""ZAHRATUN FOOD 1"" MCHJ»",generic,https://payment.api.delever.uz/payme
68c10864c9ff93d4df5c1a40,JONDOR 2 FILIALI - DELEVER,"ООО «""ZAHRATUN FOOD 1"" MCHJ»",generic,https://payment.api.delever.uz/payme
68c1090eacdb1e860a33cf25,BUXORO 6-KICHIK NOHIYA - DELEVER,"ООО «""ZAHRATUN FOOD 1"" MCHJ»",generic,https://payment.api.delever.uz/payme
68c109bc9ac2828cbccc41c5,BUXORO 7-KICHIK NOHIYA - DELEVER,"ООО «""ZAHRATUN FOOD 1"" MCHJ»",generic,https://payment.api.delever.uz/payme
68c10a2009fe2d5ab0896abe,BUXORO PASQUALE  - DELEVER,"ООО «""ZAHRATUN FOOD 1"" MCHJ»",generic,https://payment.api.delever.uz/payme
68c10aa3c9ff93d4df5c1adc,BUXORO SAVDO MAJMUASI - DELEVER,"ООО «""ZAHRATUN FOOD 1"" MCHJ»",generic,https://payment.api.delever.uz/payme
68c10b15c9ff93d4df5c1af2,G'IJDUVON TUMANI  - DELEVER,"ООО «""ZAHRATUN FOOD 1"" MCHJ»",generic,https://payment.api.delever.uz/payme
68c10b999ac2828cbccc4224,OLOT TUMANI  - DELEVER,"ООО «""ZAHRATUN FOOD 1"" MCHJ»",generic,https://payment.api.delever.uz/payme
68c10bf8c9ff93d4df5c1b1c,PESHKU TUMANI  - DELEVER,"ООО «""ZAHRATUN FOOD 1"" MCHJ»",generic,https://payment.api.delever.uz/payme
68c10c40c9ff93d4df5c1b2d,QORAKO'L TUMANI  - DELEVER,"ООО «""ZAHRATUN FOOD 1"" MCHJ»",generic,https://payment.api.delever.uz/payme
68c10c86c9ff93d4df5c1b3a,SHOFIRKON  - DELEVER,"ООО «""ZAHRATUN FOOD 1"" MCHJ»",generic,https://payment.api.delever.uz/payme
68c10cd99ac2828cbccc4273,ENJOY,ООО «STANDART LAVASH GROUP»,generic,https://api.lacafe.uz/api/payments/v1/payme
68c10ce43c62807f740dc5ce,VOBKENT TUMANI  - DELEVER,"ООО «""ZAHRATUN FOOD 1"" MCHJ»",generic,https://payment.api.delever.uz/payme
68c11eea09fe2d5ab0896e88,EVOS,ООО «MCHJ MAK FOOD SERVIS»,generic,https://payment.api.delever.uz/payme
68c121e89ac2828cbccc4644,MAZZALI DO'NER - Delever,"ООО «""MAZZALI DO‘NER"" MAS'ULIYATI CHEKLANGAN JAMIYAT»",generic,https://payment.api.delever.uz/payme
68c1225facdb1e860a33d3f5,UMA BEST - Delever,"ООО «""UMA BEST"" XK»",generic,https://payment.api.delever.uz/payme
68c122b2c9ff93d4df5c1f59,TAOM GROUP,"ООО «""TAOM GROUP"" MAS'ULIYATI CHEKLANGAN JAMIYAT»",generic,https://b.ivend.uz/payme/api/v1/KM103U1TAOnYfNdaZkk4/rpc
68c1481ec9ff93d4df5c2543,ESHMATOVA MASHHURA RAVSHAN QIZI,ЧП «ESHMATOVA MASHHURA»,generic,https://b.ivend.uz/payme/api/v1/0udO2MiKpSDEJSKvuJlo/rpc
68c14d06acdb1e860a33da8c,Clean Water Cristall Online,"ООО «""CLEAN WATER CRISTALL"" MAS'ULIYATI CHEKLANGAN JAMIYAT»",generic,https://api.yulda24.uz/payments
68c14d7109fe2d5ab08975f4,MBOS.UZ,"ООО «""MBOS UNION"" XUSUSIY KORXONA»",generic,https://api-staging.mbos-online.uz/api/v1/payme
68c16061c9ff93d4df5c29a7,ДЕНТАГО,"ООО «""DENTA GO MARKET"" MAS'ULIYATI CHEKLANGAN JAMIYAT»",generic,https://app.dentago.uz/api/payment/payme/68c16061c9ff93d4df5c29a7
68c27b05c9ff93d4df5c45fd,PLOV CITY CHILONZOR - DELEVER,"ООО «""PLOV CITY 777"" MCHJ»",generic,https://payment.api.delever.uz/payme
68c27b5909fe2d5ab08995db,PLOV CITY PARKENT - DELEVER,"ООО «""PLOV CITY 777"" MCHJ»",generic,https://payment.api.delever.uz/payme
68c28153c9ff93d4df5c46e9,THE HARRY'S,"ООО «""GOOD FOOD TRUCK SERVICES"" MCHJ»",generic,https://dev.the-harrys.uz/api/v1/payme
68c29d2009fe2d5ab0899b9c,   GRADUS FARM MEDICAL,"ООО «""GRADUS FARM MEDICAL"" MAS'ULIYATI CHEKLANGAN JAMIYAT»",arca,https://api-qr.uzcard.uz
68c2b4853c62807f740dfab5,UPLIFT,"ООО «""IBRAT FARZANDLARI"" MCHJ»",generic,https://dead.uz/api2/payments/payme/callback
68c2d31009fe2d5ab089a78a,AQUABOX,"ООО «""AQVABOS"" MCHJ»",generic,https://aquabox-payment.uz/api/payme
68c2d9193c62807f740e02b7,ЦЕРКОВЬ ХРИСТИАН ПОЛНОГО ЕВАНГЕЛИЯ,ООО «TO`LIQ INJIL XRISTIANLAR CHERKOVI»,generic,https://fgcc.uz/wp-json/church-donations/v1/payme
68c3b714acdb1e860a3416c4,YANGIYO'L MARKET ,ЧП «FATXIDDINOV MUXIDDIN»,arca,https://api-qr.uzcard.uz
68c3b7989ac2828cbccc893b,Rbmbl Tas,"СП ООО «""RBMBL TAS"" MCHJ QK»",generic,https://viberbot-dot-viberchat.uc.r.appspot.com/pay_me/agl2aWJlcmNoYXRyMQsSB0NvbnRleHQiJGY4NjQ2ZmYxLWZkYmUtNDM1ZS1hM2Q3LTNlYjdhMzhhM2JmOAw
68c3e4f93c62807f740e13fe,TRAINING CENTER SPETSIALIST,"НОУ «""TRAINING CENTER SPETSIALIST"" NTM»",generic,https://spetsialist.uz/wp-json/wl-checkout/v1/payment/payme
68c3fa90acdb1e860a342183,VendiGo,ЧП «MIRHAMIDOV MIRAZIZ»,generic,https://b.ivend.uz/payme/api/v1/gJYVdH2pwQnf2XmduBqc/rpc
68c3fc7f9ac2828cbccc9447,RAY SENTR GUMMA XONIM,"ООО «""RAY SENTR GUMMA XONIM"" MAS'ULIYATI CHEKLANGAN JAMIYAT»",generic,https://api.lacafe.uz/api/payments/v1/payme
68c42002c9ff93d4df5c71fe,ISO MUSO,СП «ISO MUSO СП»,generic,https://payme.a1cafe.uz/api/payme
68c51b59acdb1e860a34303d,Telegram kanalga dostup,ЧП «O‘RINOV FIRDAVS»,generic,https://gyujmehawzgxrrpdrmyy.supabase.co/functions/v1/payment-payme-webhook
68c5d721acdb1e860a343dc2,Fayzly,ЧП «NURALIBEKOV DIYOR»,generic,https://payments.vibrant.uz/payme-disposable/index
68c6bdf99ac2828cbcccb776,Sara Service,ЧП «RASULOV NAVRO‘Z»,generic,https://adm.sarayordam.uz/api/payme/api
68c7ae683c62807f740e4537,MINGTA MILIONER CLUB,"ООО «""MINGTA MILIONER CLUB"" MAS'ULIYATI CHEKLANGAN JAMIYAT»",generic,https://dev.joinpoint.uz/api/transaction/payme/millionlikMaslahat/webhook
68c7b7a4c9ff93d4df5c9db0,turkcetest,"ООО «""EDU WAY"" MAS'ULIYATI CHEKLANGAN JAMIYAT»",generic,https://api.turkishmock.uz/api/payme/pay
68c7b94b3c62807f740e48d3,Donar House park,"ООО «""XABIBULLA FOZIL"" MCHJ»",generic,https://delim.zoomda.uz:4001/payme/
68c7ba77c9ff93d4df5c9e63,KIDS PLATE,"ООО «""KID'S PLATE DISTRIBUTION"" MCHJ»",arca,https://api-qr.uzcard.uz
68c7c478e3494778726202c0,Donar House Atlant,"ООО «""XABIBULLA FOZIL"" MCHJ»",generic,https://delim.zoomda.uz:4001/payme/
68c7d5ddf378982720b70944,PARMUDA KAFE - DELEVER,ООО «AZIMJON-NUR-BIZNES MCHJ»,generic,https://payment.api.delever.uz/payme
68c7d62bea3f30462325f768,PARMUDA ERKIN - DELEVER,ООО «AZIMJON-NUR-BIZNES MCHJ»,generic,https://payment.api.delever.uz/payme
68c7d66be3494778726204db,PARMUDA SHOFAYIZ - DELEVER,ООО «AZIMJON-NUR-BIZNES MCHJ»,generic,https://payment.api.delever.uz/payme
68c7d6afea3f30462325f77a,PARMUDA KARIMA - DELEVER,ООО «AZIMJON-NUR-BIZNES MCHJ»,generic,https://payment.api.delever.uz/payme
68c7d6f20498426284f4b771,PARMUDA QAZI MAHALLA - DELEVER,ООО «AZIMJON-NUR-BIZNES MCHJ»,generic,https://payment.api.delever.uz/payme
68c7dafd961ee3bf78d3c99c,ALFA ALIANCE,"ООО «""ALFA ALIANCE"" MAS'ULIYATI CHEKLANGAN JAMIYAT»",generic,https://autobagazh.uz/?wc-api=wc_payme
68c7e06f961ee3bf78d3ca92,PROFIMARKET,"ООО «""PROFI MARKET TECHNOLOGIES"" MAS'ULIYATI CHEKLANGAN JAMIYAT»",generic,https://admin.profimarket.uz/api/Payme
68c7e6bbf378982720b70bf4,KOSONSOY DEHQON BOZORI,"ООО «""KOSONSOY DEHQON BOZORI"" MAS'ULIYATI CHEKLANGAN JAMIYAT»",generic,https://payment.webhook.aqllibozor.uz/api/transaction/payme/68c7e6bbf378982720b70bf4
68c7f8bfe349477872620b42,FLIT AND GO,"ООО «""FLIT AND GO"" MAS'ULIYATI CHEKLANGAN JAMIYAT»",generic,https://netto-api.flitgo.uz/payme
68c800820498426284f4bf60,KELAJAK MEDIKLARI,ЧП «ERGASHEV HUSNIDDIN»,generic,https://panel.kelajakmediklari.uz/api/v1/payment/provider/payme/
68c80614ea3f304623260059,OYNAA,"ООО «""OYNAA"" MAS'ULIYATI CHEKLANGAN JAMIYAT»",generic,https://oynaaadmin.uz/api/v1/payme
68c80a2c961ee3bf78d3d282,Yurist Market Tizimi,"ООО «""LEX NOVA CONSALTING"" MAS'ULIYATI CHEKLANGAN JAMIYAT»",generic,https://api.yuristmarket.uz/api/payments/payme
68c80b53961ee3bf78d3d29c,Fintellect,"НОУ «""FINTELLECT"" NTM»",generic,https://api.exode.biz/api/v2/payment/rpc/acquiring/afac7758-a1b4-4b7a-b8a3-0e2d25caeb3a
68c9158a0498426284f4cf80,Trave academy,"ООО «""PERFORMANCE SAYOHAT TRAVEL"" MAS'ULIYATI CHEKLANGAN JAMIYAT»",generic,https://api.exode.biz/api/v2/payment/rpc/acquiring/82440712-b56b-4d69-90cd-5214d7c739b0
68c93020e3494778726220a0,FUTURE SMART SYSTEMS,"ООО «""FUTURE SMART SYSTEMS"" MAS'ULIYATI CHEKLANGAN JAMIYAT»",generic,https://api.domplan.uz/api/billing/payme-callback
68c931d741595da9b3da33b7,HOME24.UZ,"ООО «""RDI ALLIANCE"" MCHJ»",arca,https://api-qr.uzcard.uz
68c93d37e3494778726222b8,Manifa,"ООО «""M FAMILY MANIFA"" OILAVIY KORXONA»",generic,https://test.uz/
68c94b67f378982720b72b7f,OBID ALKO,"ООО «""OBID ALKO"" MAS'ULIYATI CHEKLANGAN JAMIYAT»",arca,https://api-qr.uzcard.uz
68c94bfd0498426284f4d9a0,OBID ALKO,"ООО «""OBID ALKO"" MAS'ULIYATI CHEKLANGAN JAMIYAT»",arca,https://api-qr.uzcard.uz
68ca68dc0498426284f4edb0,Zoo Little,"ООО «""ARCA-ZOO"" MCHJ»",generic,https://arcazoocloud.uz/api/payment/payme
68ca896a41595da9b3da4c85,PERFECT PLUS PHARM,"ООО «""PERFECT PLUS PHARM"" MCHJ»",arca,https://api-qr.uzcard.uz
68ca8ef4f378982720b744dd,UzChess,"ООО «""GLOBAL MOVE"" MCHJ»",generic,https://api.uzchesss.uz/api/payme
68cbb0f40498426284f50559,ALICODER,"ООО «""ALICODER"" MAS'ULIYATI CHEKLANGAN JAMIYAT»",generic,https://educoin-b2b.educoinapp.uz/api/v1/payment/payme/gateway
68cbd3810498426284f509bb,"""KOURI"" ","ООО «""KOURI"" MCHJ»",arca,https://api-qr.uzcard.uz
68cbd9950498426284f50ad1,AUTOMATIC TECHNOLOGY SOLUTIONS,"ООО «""AUTOMATIC TECHNOLOGY SOLUTIONS"" MCHJ»",generic,https://api.amaar.uz/api/v1/orders/payment/update/
68cbdebff378982720b75d83,CARAVAN,"ООО «""CARAVAN EXPRESS TRADE"" MAS'ULIYATI CHEKLANGAN JAMIYAT»",arca,https://api-qr.uzcard.uz
68cbdf1aea3f304623264b86,UCHQO`RG`ON DEHQON BOZORI,ООО «UCHQO`RG`ON DEHQON BOZORI»,generic,https://payment.webhook.aqllibozor.uz/api/transaction/payme/68cbdf1aea3f304623264b86
68cbec4ae349477872625afe,ForestMarket,"ООО «""AFFILIATE PARTNERS"" MAS'ULIYATI CHEKLANGAN JAMIYAT»",generic,https://api.forestmarket.uz/api/payme
68cbf65ce349477872625c71,KOMILOV XASANBOY,ЧП «KOMILOV XASANBOY»,generic,https://digitalielts.uz/payment/payme/
68cc0762f378982720b7652a,GoBozor,"ООО «""U-WIN MARKET"" MCHJ»",generic,https://prod.api.gobozor.uz/uz-payment-gateway/payme/webhook
68cc0af3e34947787262613b,Nastroy.uz,"ООО «""NASTROY TRADE"" MAS'ULIYATI CHEKLANGAN JAMIYAT»",generic,https://api.nastroy.uz/api/payme
68cc0b4b961ee3bf78d42520,OVSYANNIKOV ANDREY OLEGOVICH,ЧП «OVSYANNIKOV ANDREY»,generic,https://api.exode.biz/api/v2/payment/rpc/acquiring/82209021-c951-4613-be0c-dd215d65dcfa
68ccf783e349477872626b98,AISHA CAFE&BAKERY,"ООО «""AISHA CAFE BAKERY"" MCHJ»",generic,https://payment.api.delever.uz/payme
68ccf7c8ea3f304623265df3,AISHA CAFE&BAKERY,"ООО «""AISHA CAFE BAKERY"" MCHJ»",generic,https://payment.api.delever.uz/payme
68ccf8010498426284f51e1f,AISHA CAFE&BAKERY,"ООО «""AISHA CAFE BAKERY"" MCHJ»",generic,https://payment.api.delever.uz/payme
68cd01b10498426284f51fb7,OSIYO ACCESSORIES GROUP,"ООО «""OSIYO ACCESSORIES GROUP"" MAS'ULIYATI CHEKLANGAN JAMIYAT»",arca,https://api-qr.uzcard.uz
68cd0a53ea3f3046232660b1,SHARIPOV XUSAYINBEK JAMOLIDDIN O‘G‘LI,ЧП «SHARIPOV XUSAYINBEK»,generic,https://api.exode.biz/api/v2/payment/rpc/acquiring/8594bed1-cd66-49ea-9201-8a320b6c2990
68cd22fd961ee3bf78d434d1,BIO-NEO TRADE,"ООО «""BIO-NEO TRADE"" MAS`ULIYATI CHEKLANGAN JAMIYAT»",generic,https://api.exode.biz/api/v2/payment/rpc/acquiring/0b70020a-a251-4002-a6ea-d6ae990e010a
68cd4c390498426284f52cb6,Obsess Online Education,"НОУ «""OBSESS ONLINE EDUCATION"" NTM»",generic,https://api.exode.biz/api/v2/payment/rpc/acquiring/c39c72c7-5e45-4c3d-9e0b-f1fc295c7e4f
68cd4d32e349477872627a6f,ILMU ZIYO ONLINE AT SCHOOL,"ООО «""ILM-U ZIYO ONLINE AT SCHOOL"" MAS'ULIYATI CHEKLANGAN JAMIYAT»",generic,https://api.ilm-uziyo.uz/api/v1/payment/jsonrpc
68cd6a6fe34947787262800f,ALTET AI,ЧП «ABDUG‘ANIYEV ABDUG‘OFUR»,generic,https://api.atlet.fit/payme/merchant
68d0f919e34947787262abb3,ROCKET KV,"ООО «""ROCKET KV"" MAS'ULIYATI CHEKLANGAN JAMIYAT»",arca,https://api-qr.uzcard.uz
68d0ff91f378982720b7b0f0,GITA,"ООО «""GITA DASTURCHILAR AKADEMIYASI"" MCHJ»",generic,https://api.mobicode.uz/api/payme/merchant
68d11e58f378982720b7b526,Golden Pages,"ООО «""GOLDEN PAGES"" MAS`ULIYATI CHEKLANGAN JAMIYAT»",generic,https://api.gpa.uz/api/provider/service-provider/payme-gp
68d13fc4961ee3bf78d47acb,Masudjonov Husniddin Erkinjon o'g'li,ЧП «MASUDJONOV HUSNIDDIN»,generic,https://b.ivend.uz/payme/api/v1/1sgsMp8QWLru0KMgEvCG/rpc
68d1420ff378982720b7bb7c,IZGARA,"ООО «""IZGARA"" MCHJ»",generic,https://izgara.zoomda.uz:4001/payme/
68d147b2ea3f30462326aa4e,ОЛИМОВ МУЗАФФАР,ЧП «OLIMBAYEV MUZAFFAR»,generic,https://muzaffar.firstcoders.uz/api/payment/payme
68d24eeef378982720b7cd9a,VEOLIA ENERGY TASHKENT,"АО «""PAYNET"" AJ»",paynet-by-payme-teploenergo,https://gw2.paynet.uz:8585/gw/v2/transaction
68d26252ea3f30462326bd93,Rash modeli,ЧП «HODIYEV ALISHER»,generic,https://back.rashmodel.uz/api/payment/payme
68d26568ea3f30462326be03,Monday Royal apart hotel,ООО «Monday Royal apart hotel»,arca,https://api-qr.uzcard.uz
68d28547961ee3bf78d49441,Khanate,"ООО «""LAZZAT SIMFONIYASI"" MCHJ»",generic,https://khanate.zoomda.uz:4001/payme/
68d289c1f378982720b7d530,ALLAYAROV JASURBEK ERKINOVICH,ЧП «ALLAYAROV JASURBEK»,generic,https://payment.api.delever.uz/payme
68d28a00ea3f30462326c359,ALLAYAROV JASURBEK ERKINOVICH,ЧП «ALLAYAROV JASURBEK»,generic,https://payment.api.delever.uz/payme
68d28a14ea3f30462326c35b,MEATLINE  YTT JAHONGIR MARDONOV TO'LQIN OG'LI ,ЧП «MARDONOV JAHONGIR»,arca,https://api-qr.uzcard.uz
68d28a3be34947787262d0f6,ALLAYAROV JASURBEK ERKINOVICH,ЧП «ALLAYAROV JASURBEK»,generic,https://payment.api.delever.uz/payme
68d28ddce34947787262d1a3,CRYSTALL WASH,"ООО «""CRYSTALL WASH"" MAS'ULIYATI CHEKLANGAN JAMIYAT»",sumpay,https://payme.cloudcore.uz
68d28ea7f378982720b7d612,PSYECO,"НОУ «""GLOBUS PLANETA VOZMOJNOSTEY"" NODAVLAT TA'LIM MUASSASASI»",generic,https://api.psyeco.uz/api/v1/payments/payme/callback/
68d29dd64494410a7eed74f0,Сайрам (Корзинка),"ООО «""ELITE TOBACCO TRADE"" MAS'ULIYATI CHEKLANGAN JAMIYAT»",arca,https://api-qr.uzcard.uz
68d29e2f4494410a7eed74f7,Абай (Корзинка),"ООО «""ELITE TOBACCO TRADE"" MAS'ULIYATI CHEKLANGAN JAMIYAT»",arca,https://api-qr.uzcard.uz
68d29e654494410a7eed74ff,Салом (Корзинка),"ООО «""ELITE TOBACCO TRADE"" MAS'ULIYATI CHEKLANGAN JAMIYAT»",arca,https://api-qr.uzcard.uz
68d2fe853d1e231e2d66ae49,HOMAYPLAY,"ООО «""HOMAYPLAY"" MAS'ULIYATI CHEKLANGAN JAMIYAT»",generic,https://homayplay.uz/uz/payme/update/
68d37e1823ee6f68aa414b73,Sevimli taxi Go,"ООО «""LUIZA FARRUXFAYZ"" MAS'ULIYATI CHEKLANGAN JAMIYAT»",generic,https://sevimli-taxi.lidertaxi.uz/admin/pay-ment/payme-end-point
68d39995e58f6ce22ecd5925,Macan Boutique Hotel - PayConnectBE,"ООО «""SEVEN TOUR"" MAS'ULIYATI CHEKLANGAN JAMIYAT»",generic,https://cb-pay.exely.com/Payme/generic/terminals/3376940a-b2ac-440c-8bbf-18c94cdc8238/
68d39c863d1e231e2d66b69f,BURKIYEVA SITORA BAXODIR QIZI,ЧП «BURKIYEVA SITORA»,arca,https://api-qr.uzcard.uz
68d3b9f1939ce3995d57aadc,amoAGENT,ЧП «MUSAYEV SHOHRUX»,generic,https://uyim24.uz:8000/sipagent/payme
68d3d3d3e58f6ce22ecd6367,ABSCOM,"ООО «""ABSCOM"" MAS'ULIYATI CHEKLANGAN JAMIYAT»",generic,https://api.talimpro.uz/api/v1/payments/payme
68d3d6aee58f6ce22ecd63d0,AVTOTESTGO,"ООО «""AVTOTESTGO"" MCHJ»",generic,https://api.alibekmoyliyev.uz/api/avto-test/payme-pay
68d3e3a523ee6f68aa415c2c,Малика (Корзинка),"ООО «""SPACE KVV"" MAS'ULIYATI CHEKLANGAN JAMIYAT»",arca,https://api-qr.uzcard.uz
68d3e7dc3d1e231e2d66c39d,Қўқон Музаффар савдо комплекси” МЧЖ,"ООО «""QO`QON MUZAFFAR SAVDO KOMLEKSI"" MAS'ULIYATI CHEKLANGAN JAMIYAT»",generic,https://myrent.uz/api/v1/payment/webhook/payme
68d3f6aae58f6ce22ecd68c4,ROCKET KV,"ООО «""ROCKET KV"" MAS'ULIYATI CHEKLANGAN JAMIYAT»",arca,https://api-qr.uzcard.uz
68d41365939ce3995d57ba7c,ИПАКЧИ ФАЙЗ,"АО «""IPAKCNI FAYZ TONG SAVDO KOMPLEKSI"" AKSIYADORLIK JAMIYATI»",generic,https://payment.webhook.aqllibozor.uz/api/transaction/payme/68d41365939ce3995d57ba7c
68d418df23ee6f68aa41637d,Бувайда Дехқон бозори,"ООО «""BUVAYDA TUMANI DEXQON BOZORI "" MAS'ULIYATI CHEKLANGAN JAMIYAT»",generic,https://payment.webhook.aqllibozor.uz/api/transaction/payme/68d418df23ee6f68aa41637d
68d41ac723ee6f68aa4163a4,Кувасой шахар дехкон бозори,"ООО «""DEXQON BOZORI"" MAS'ULIYATI CHEKLANGAN JAMIYAT»",generic,https://payment.webhook.aqllibozor.uz/api/transaction/payme/68d41ac723ee6f68aa4163a4
68d435c33d1e231e2d66cba3,FAROBIY SAVDO KOMPLEKSI,"ООО «""FAROBIY SAVDO KOMPLEKSI"" MAS'ULIYATI CHEKLANGAN JAMIYAT»",generic,https://payment.webhook.aqllibozor.uz/api/transaction/payme/68d435c33d1e231e2d66cba3
68d4d592e58f6ce22ecd73fc,ZAMON yollari,"ООО «""ZAMON YOLLARI"" MAS'ULIYATI CHEKLANGAN JAMIYAT»",generic,https://zamon-andijon.lidertaxi.uz/admin/pay-ment/payme-end-point
68d4e12c3d1e231e2d66d261,ДРИНКЛАБ,"ООО «""DRINKLAB"" MCHJ»",arca,https://api-qr.uzcard.uz
68d4e204a9189f78d1ebd511,THE LOKMACO,"ООО «""ISMOGIL OTAXON BUSINESS"" MCHJ»",generic,https://api.lacafe.uz/api/payments/v1/payme
68d4f5c3e58f6ce22ecd7941,Travelsim,"ООО «""U-WIN MARKET"" MCHJ»",generic,https://ftp.travelsim.uz/payme/merchant
68d521ea53a5a1c56c153fd0,Gumma&Xonim Tarnov filiali LACAFE,"ООО «""AXD-FAZL"" MAS'ULIYATI CHEKLANGAN JAMIYAT»",generic,https://api.lacafe.uz/api/payments/v1/payme
68d526fc5a5cf04fe0f0b03e,B-8 MARKET,"ООО «""B-8 MARKET"" MCHJ»",arca,https://api-qr.uzcard.uz
68d5278c5a5cf04fe0f0b051,B-8 MARKET,"ООО «""B-8 MARKET"" MCHJ»",arca,https://api-qr.uzcard.uz
68d52b495a5cf04fe0f0b0c3,"DALIYEVA VAZIRA RAVSHANBEKOVNA""",ЧП «DALIYEVA VAZIRA»,generic,https://api.lacafe.uz/api/payments/v1/payme
68d536c753a5a1c56c1542c9,OOO DAS PAY,"ООО «""DAS PAY"" MAS'ULIYATI CHEKLANGAN JAMIYAT»",generic,https://backend.edutizim.uz/paysys-api/integrations/payme/yosh-logistlar
68d53e87ca5dcc61777ba11a,КЕЛАЖАК МЕДИКЛАРИ,ЧП «ERKAYEV QURBONALI»,generic,https://bm.icc-kimyo.uz/api/v1/payment/payme/callback/
68d61695361188955061c939,JIZZAX SHAHRI KIMYOGAR EXTIYOT QISIMLARI BOZORI,"ООО «""KIMYOGAR EHTIYOT QISMLARI BOZORI"" MAS'ULIYATI CHEKLANGAN JAMIYATI»",generic,https://payment.webhook.aqllibozor.uz/api/transaction/payme/68d61695361188955061c939
68d61e4f99d894844f45bc8c,Мукимий дехкон бозори Мчж,"ООО «""MUQIMIY DEHQON BOZORI"" MAS'ULIYATI CHEKLANGAN JAMIYAT»",generic,https://payment.webhook.aqllibozor.uz/api/transaction/payme/68d61e4f99d894844f45bc8c
68d6271d2050488fb759b0ac,ESKI SHAHAR BUYUM,"АО «""ESKI SHAHAR BUYUM"" SAVDO KOMPLEKSI  AKSIYADORLIK JAMIYATI»",generic,https://payment.webhook.aqllibozor.uz/api/transaction/payme/68d6271d2050488fb759b0ac
68d6329599d894844f45c058,"ООО ""XAZORASP DEXQON BOZORI""","ООО «""XAZORASP DEXQON BOZORI"" MAS'ULIYATI CHEKLANGAN JAMIYAT»",generic,https://smart-bozor.uz/payment/payme/hozarasp/
68d66903da904d99b42d26f1,SULTON-HAMKOR-FAYZ,"СП «""SULTON-HAMKOR-FAYZ"" OILAVIY KORXONA»",arca,https://api-qr.uzcard.uz
68d669905a866b477268e6ec,Muhteshem Doner,"ООО «""MUHTESHEM DONER"" MCHJ»",generic,https://payment.api.delever.uz/payme
68d679c65a866b477268e9db,SULTONLIK,"ООО «""SULTONLIK"" MAS'ULIYATI CHEKLANGAN JAMIYAT»",generic,https://b.ivend.uz/payme/api/v1/KWsrqWqQpDl6cGMyKPPb/rpc
68d67d6699d894844f45cc36,IMKON TOP,"ООО «""IMKONTOP"" MCHJ»",generic,https://imkontop.uz/api/v1/payments/payme/callback/
68d68aef5a866b477268ec6b,SUPER ARDUA kkm,"ООО «""SUPER ARDUA"" MAS'ULIYATI CHEKLANGAN JAMIYAT»",arca,https://api-qr.uzcard.uz
68d68c885a866b477268ec96,AVTOKK DIGITAL,"ООО «""AVTOKK DIGITAL"" MAS'ULIYATI CHEKLANGAN JAMIYAT»",generic,https://avtokk.com/payment/uz-payments/webhook/payme
68d6909e2c4aad360fb12fa4,Pro Motion 4.0 Dasturi,"ООО «""GLOWS MEDIA"" XUSUSIY KORXONA»",generic,https://glowpromotion.uz/
68d99449361188955061fd9f,Tog'aMarket,ЧП «ABDUJAMALOV ABDURASHID»,generic,https://legend-isosmotic-wilhelmina.ngrok-free.dev/payments/payme/webhook/
68da27dd5a866b477269163f,JITGROUP,"ООО «""JITGROUP"" MAS'ULIYATI CHEKLANGAN JAMIYAT»",generic,https://stars.jitgroup.uz/payment/payme
68da33443611889550620724,SINO AI TECHNOLOGIES,"ООО «""SINO AI TECHNOLOGIES"" MAS'ULIYATI CHEKLANGAN JAMIYAT»",generic,https://api.sinoai.io/api/v1/payment/payme/
68da371899d894844f45fa0a,RACCOON GROUP,"ООО «""RACCOON GROUP"" MAS'ULIYATI CHEKLANGAN JAMIYAT»",generic,https://api.lacafe.uz/api/payments/v1/payme
68da377a99d894844f45fa1b,LUX CONTENT,"ООО «""LUX CONTENT"" MCHJ»",generic,http://213.230.110.176:8989/api/payme
68da38c62c4aad360fb15ad9,PRAAKTISGO,"ООО «""PRAAKTISGO"" MAS'ULIYATI CHEKLANGAN JAMIYAT»",generic,https://apps.kpi.com/services/api/v3/payme/merchant?database=FREE&companyId=326317
68da67ab99d894844f46019d,EVOS,ООО «MCHJ MAK FOOD SERVIS»,generic,https://api.tasting.evos.uz/api/payments/payme/callback/
68da6a53da904d99b42d608f,UMAROV ILXOMJON,ЧП «UMAROV ILXOMJON»,generic,https://apiixalife.idealproject.uz/ppayment/paymeuz
68da6bfbda904d99b42d60e5,HOME BUILD SHOP,"ООО «""HOME BUILD SHOP"" MAS'ULIYATI CHEKLANGAN JAMIYAT»",generic,https://azia-gipsokarton-payment-knative.knative-fn.u-code.io/v1/payme
68da6d0eda904d99b42d6123,TASHDI,"ООО «""TASHDI"" MAS'ULIYATI CHEKLANGAN JAMIYAT MIKROMOLIYA TASHKILOTI»",generic,https://mfo107.flexpul.uz/public/payme/payments
68da8ea357b88485721bc035,NO. NAME,ЧП «DYAGAY YEVGENIY»,arca,https://api-qr.uzcard.uz
68dac564d48809c5118b62b9,BUNYODKOR HUNARMAND,"ООО «""BUNYODKOR HUNARMAND"" MCHJ»",generic,https://payment.webhook.aqllibozor.uz/api/transaction/payme/68dac564d48809c5118b62b9
68db776957b88485721bcb6e,LABLOG GROUP,"ООО «""LABLOG GROUP"" MCHJ»",arca,https://api-qr.uzcard.uz
68db830857b88485721bcd05,PetZoo Katartal,ЧП «GALEYEV RUSTAM»,arca,https://api-qr.uzcard.uz
68dba7b0b8c0e835657f84c7,InPlus,"ООО «""INPLUS"" MCHJ»",generic,https://dev.joinpoint.uz/api/transaction/payme/zamiraDjuraevasBot/webhook
68dbb6e1d48809c5118b729b,Happytel,"ООО «""PLUG AND PLAY COMMUNICATIONS"" MCHJ»",generic,https://api.happytel.uz/api/payme/webhook
68dbcf3bb8c0e835657f8b11,KASB ON,"ООО «""KASB ON"" MAS'ULIYATI CHEKLANGAN JAMIYAT»",generic,https://kasbon.onrender.com/payments/payme/pay
68dcaefad48809c5118b81bb,A HOSTEL GROUP,"ООО «""A HOSTEL GROUP"" MAS'ULIYATI CHEKLANGAN JAMIYAT»",generic,https://mini.ahostel.uz/api/payme-endpoint
68de1b9dd7c887ee2d4f33d8,Happy Mur,"ООО «""HAPPY MUR"" MCHJ»",generic,https://api.pethub.uz/api/payme/webhook
68de2097b8c0e835657fb4bd,Вендинг,ЧП «YAKUBOV DAVRON»,generic,https://device.radiomer.uz/api/payment/payme/v2
68de296dee910ec6dfff55e6,BI GROUP,"ООО «""4YOU TASHKENT"" MAS'ULIYATI CHEKLANGAN JAMIYAT»",generic,https://pay.bi-group.org/api/v1/jsonrpc/PayMeExternal/PayMeExternal
68de2ba157b88485721c040f,GO GROUP,ЧП «G‘OPUROV SHOXRUX»,generic,https://yandex.ru/
68de5336d48809c5118baab2,ENJOY LAVASH - TTZ,"ООО «ООО ""FRESHMEAT BURGERS""»",generic,https://api.lacafe.uz/api/payments/v1/payme
68de54bdd48809c5118baaf8,G`URUMSAROY DEHQON BOZORI (,"ООО «""G`URUMSAROY DEHQON BOZORI"" MAS'ULIYATI CHEKLANGAN JAMIYAT»",generic,https://payment.webhook.aqllibozor.uz/api/transaction/payme/68de54bdd48809c5118baaf8
68de643be19767e228a84ba0,"ООО ""ALKAUSSAR""","ООО «""ALKAUSSAR"" MAS'ULIYATI CHEKLANGAN JAMIYAT»",arca,https://api-qr.uzcard.uz
68de6478a0253936bd8951d4,"ООО ""ALKAUSSAR""","ООО «""ALKAUSSAR"" MAS'ULIYATI CHEKLANGAN JAMIYAT»",arca,https://api-qr.uzcard.uz
68de74b8eb2fbb0889264a06,KINOKAM,"ООО «""KINOKAM"" MCHJ»",generic,https://api.bananatv.uz/api/payments/payme/v2
68df6ad4eb2fbb088926586e,EVOS,ООО «MCHJ MAK FOOD SERVIS»,generic,https://payment.api.delever.uz/payme
68df724deb0789cb092f9dc4,Al Anvar Hotel PayConnectBE,"ООО «""ANVAR HALOL HOTEL"" MCHJ»",generic,https://cb-pay.exely.com/Payme/generic/terminals/0cf07982-9da1-42e0-ae87-27b22c5a4810
68dfaed6eb0789cb092fb03e,YOU TUBE AKADEMIYASI,"ООО «""YOU TUBE AKADEMIYASI"" MAS'ULIYATI CHEKLANGAN JAMIYAT»",generic,https://ytacademy.uz/api/payme/billing
68dfb2aaeb2fbb0889266fa4,APEXPIZZA,ООО «MCHJ PIZZAME»,generic,https://api.apexpizza.uz/api/payment/transactions/
68dfccc28c2f45ec690e5d94,BIOGROUP,"ООО «""BIOGROUP SHS"" MAS'ULIYATI CHEKLANGAN JAMIYAT»",generic,https://api.peregrin.uz/api/v1/payments/callback/payme/
68e34e6d853ccd6b55216644,NAZAR DUNYO,ЧП «TOSHPULATOVA RA’NOXON»,generic,https://nazar.onesystem.uz/api/v1/payme/
68e3587a678d007e245b1b3a,Yuksalish maktablari,"ООО «""ALMALYK RISING SCHOOL"" MAS'ULIYATI CHEKLANGAN JAMIYAT»",generic,https://payme.yuksalish-maktablari.uz/rpc
68e36009678d007e245b1e92,BELLISSIMO PIZZA,ООО «BELLISSIMO PIZZA INTERNATIONAL»,generic,https://pay.bpnet.uz/api/payment/payme
68e36ab7853ccd6b552170eb,Оплата на расчётный счёт,"АО «""TBC BANK"" ATB»",pay-by-requisites-tbc,http://10.100.115.73:80/esbs
68e36e82fcd578d21cfaa0e5,"""TOSHKENT SHAHRIDAGI INHA UNIVERSITETI"" NTM","НОУ «""TOSHKENT SHAHRIDAGI INHA UNIVERSITETI"" NTM»",generic,https://ums.inha.uz/payments/payme-dormitory
68e38940fcd578d21cfaa57f,"ООО ""TRAVELDAY ""","ООО «""TRAVELDAY"" MAS'ULIYATI CHEKLANGAN JAMIYAT»",generic,https://psapi.megagroup.ru/accounts/111377/notify
68e398e2678d007e245b2aa7,Azimov Baxtiyor Kamildjanovich,ЧП «AZIMOV BAXTIYOR»,generic,https://b.ivend.uz/payme/api/v1/T1UZplVPT63S4IjAWKaE/rpc
68e3a0e7678d007e245b2c34,LARGE BRAND,"ООО «""LARGE BRAND"" MCHJ»",generic,https://payment.api.delever.uz/payme
68e3a1e4678d007e245b2c6a,AZIMOV SHAXRIYOR G‘AYRATTILLA O‘G‘LI,ЧП «AZIMOV SHAXRIYOR»,generic,https://api.exode.biz/api/v2/payment/rpc/acquiring/9621ba6e-bbf4-4205-9ab3-2f82a8c8f3ed
68e3aa57853ccd6b55217e78,Bronbek,"ООО «""BOTPLACE"" MAS'ULIYATI CHEKLANGAN JAMIYAT»",generic,https://bronbek.uz/payments/api/payme/
68e3b48686b46bb2700dd7cb,Газ (оплата юр лиц),"АО «""PAYNET"" AJ»",paynet-by-payme-gaz-legal,https://gw2.paynet.uz:8585/gw/v2/transaction
68e3c239fcd578d21cfab168,HOME BUILD SHOP,"ООО «""HOME BUILD SHOP"" MAS'ULIYATI CHEKLANGAN JAMIYAT»",generic,https://app-home-api.aziamozaik.ru/api/payments/payme-webhook
68e3c624853ccd6b552182ea,ABDUQODIROVNA TRADE BIZNES,"СП «""ABDUQODIROVNA TRADE BIZNES"" OILAVIY KORXONA»",arca,https://api-qr.uzcard.uz
68e3c653678d007e245b332c,ABDUQODIROVNA TRADE BIZNES,"СП «""ABDUQODIROVNA TRADE BIZNES"" OILAVIY KORXONA»",arca,https://api-qr.uzcard.uz
68e3c67f2bfdb530405dfc12,ABDUQODIROVNA TRADE BIZNES,"СП «""ABDUQODIROVNA TRADE BIZNES"" OILAVIY KORXONA»",arca,https://api-qr.uzcard.uz
68e49856853ccd6b55218eb8,BESHIC HOSTEL PayConnectBE,"ООО «""BESHIC HOSTEL"" MAS'ULIYATI CHEKLANGAN JAMIYAT»",generic,https://cb-pay.exely.com/Payme/generic/terminals/bca3df1a-8757-40ad-a7d0-66a7d43ee116
68e4b3de853ccd6b552192b6,AVENDORS,"ООО «""AVENDORS"" MAS'ULIYATI CHEKLANGAN JAMIYAT»",generic,https://b.ivend.uz/payme/api/v1/xgM48V8iZZF0EJGBrcs2/rpc
68e4b405678d007e245b42f7,AVENDORS,"ООО «""AVENDORS"" MAS'ULIYATI CHEKLANGAN JAMIYAT»",generic,https://b.ivend.uz/payme/api/v1/VZDTD2jwQe2HgwIrsM3D/rpc
68e4c19286b46bb2700ded2c,WASHCAM,"ООО «""WASHCAM"" MAS'ULIYATI CHEKLANGAN JAMIYAT»",generic,https://api.washcam.uz/api/payme
68e4e34f678d007e245b4b19,YORYOR,"ООО «""YORYOR"" MAS'ULIYATI CHEKLANGAN JAMIYAT»",generic,https://api.yoryor.net/api/v1/payment/payme/update/
68e4eaaa678d007e245b4c3f,HUMO DOCUMENTARY,"ООО «""HUMO DOCUMENTARY"" MCHJ»",generic,https://api.humodoc.com/en/api/v1/user/webhooks/payments/payme/
68e50bed678d007e245b520f,RUSTAMOVA SABOHAT SARDORBEK QIZI,ЧП «RUSTAMOVA SABOHAT»,generic,https://b.ivend.uz/payme/api/v1/104bbfzQCo6Oa2zwXxtC/rpc
68e53f55678d007e245b56b4,Тошлоқ Файз барака савдо комплекси МЧЖ,"ООО «""TOSHLOQ FAYZ BARAKA SAVDO KOMPLEKS"" MAS'ULIYATI CHEKLANGAN JAMIYAT»",generic,https://payment.webhook.aqllibozor.uz/api/transaction/payme/68e53f55678d007e245b56b4
68e5fe2a86b46bb2700e06be,WEALTHMANAGEMENT,ООО «WEALTHMANAGEMENT»,generic,https://moliya-bot-n6i6.onrender.com/payme
68e602a1853ccd6b5521b070,Payme Plus | Базовый,АО «АО 'PAYME'»,generic,http://172.17.9.166:8485
68e602c72bfdb530405e2974,ALICODER,"ООО «""ALICODER"" MAS'ULIYATI CHEKLANGAN JAMIYAT»",generic,https://educoin-b2c-prod.educoinapp.uz/api/v1/payments/payme
68e603f286b46bb2700e07c5,R9 LABS,"ООО «""R9 LABS"" MAS'ULIYATI CHEKLANGAN JAMIYAT»",generic,https://api.tutr.uz/api/v1/payme
68e605b3678d007e245b6141,Ptest,"ООО «""GRAPECO"" MAS'ULIYATI CHEKLANGAN JAMIYAT»",generic,https://pay.ptest.uz/api/transaction/payme
68e61555853ccd6b5521b3c3,YATT NILUFAR ERGASHEVA,ЧП «ERGASHEVA NILUFAR»,arca,https://api-qr.uzcard.uz
68e62f25678d007e245b672d,ДЛЯ ДОМА,"ООО «ООО ""NUKUS FORTUNA SAUDA""»",arca,https://api-qr.uzcard.uz
68e63209678d007e245b6897,Salyut bistro,"ООО «""ESHON BUVA GUZAR"" MAS'ULIYATI CHEKLANGAN JAMIYAT»",generic,https://api.lacafe.uz/api/payments/v1/payme
68e639242bfdb530405e32d2,AI-BROK,"ООО «""AI-BROK"" MCHJ»",generic,https://api.exode.biz/api/v2/payment/rpc/acquiring/0735178d-2e84-4a76-b377-44982bc7e86a
68e63cff2bfdb530405e3398,BBQ BURGER,"ООО «""BBQBURGER SAMARQAND"" MCHJ»",generic,https://bbq.zoomda.uz:4001/payme/
68e6401b853ccd6b5521bb17,GLOWLEDGE,"ООО «""GLOWLEDGE"" MCHJ»",generic,https://aislidebotme.up.railway.app/payment/payme/callback
68e64035fcd578d21cfae9ff,GLOWLEDGE,"ООО «""GLOWLEDGE"" MCHJ»",generic,https://slidetopbotme.up.railway.app/payment/payme/callback
68e64bda86b46bb2700e1498,IDEA,ООО «IDEA CONCEPT GROUP»,generic,https://api.idea.uz/paycom-64849qG8c3fY5sa
68e67e2d678d007e245b741a,BUVAYDA SAVDO KOMPLEKSI,"ООО «""BUVAYDA SAVDO KOMPLEKSI"" MAS'ULIYATI CHEKLANGAN JAMIYAT»",generic,https://payment.webhook.aqllibozor.uz/api/transaction/payme/68e67e2d678d007e245b741a
68e6c73c2bfdb530405e3feb,inPAY.uz,ЧП «OCHILBOYEV NURILLO»,generic,https://inpay.uz/payments/payme/
68e7349bfcd578d21cfaf859,TAJ QURTOB YUNUSOBOD - DELEVER,"ООО «""TOJDOR BIZNES PLUS"" MCHJ»",generic,https://payment.api.delever.uz/payme
68e734de853ccd6b5521c99b,TAJ QURTOB YASHNOBOD - DELEVER,"ООО «""TOJDOR BIZNES PLUS"" MCHJ»",generic,https://payment.api.delever.uz/payme
68e73bd5853ccd6b5521ca6e,ГАЛЛАОРОЛ ДЕХКОН,"ООО «""G`ALLAOROL DEHQON BOZORI"" MAS'ULIYATI CHEKLANGAN JAMIYAT»",generic,https://payment.webhook.aqllibozor.uz/api/transaction/payme/68e73bd5853ccd6b5521ca6e
68e74ff2678d007e245b7d53,RAXIMOV SHAXZODBEK RUSTAMJON O‘G‘LI,ЧП «RAXIMOV SHAXZODBEK»,generic,https://aroma.asosit.uz/api/payme
68e77860fcd578d21cfb0197,SAFIS - DELEVER,ООО «BEVERAGES BUSINESS»,generic,https://payment.api.delever.uz/payme
68e782e986b46bb2700e2b8e,Garant Uz,"ООО «""TRUCK SPARES"" MAS'ULIYATI CHEKLANGAN JAMIYAT»",generic,https://garant.innobek.uz/api/payments/payme
68e7830f86b46bb2700e2b98,ABV,ООО «B2B SPACE»,generic,https://c337c51824ad.ngrok-free.app/api/v1/payme/balance
68e7838486b46bb2700e2bb0,Hamkor Mediation,"ООО «""HAMKOR MEDIATION"" MAS'ULIYATI CHEKLANGAN JAMIYAT»",generic,https://api.hamkor-m.uz/call_back/payme/
68e78e762bfdb530405e4ed0,MARG'ILON DON VA DON MAHSULOTLARI BOZORI,"ООО «""MARG'ILON DON VA DON MAHSULOTLARI BOZORI"" MCHJ»",generic,https://payment.webhook.aqllibozor.uz/api/transaction/payme/68e78e762bfdb530405e4ed0
68e79036fcd578d21cfb04f7,PAXTAKOR DEHQON BOZORI,"ООО «""PAXTAKOR DEHQON BOZORI"" MAS'ULIYATI CHEKLANGAN JAMIYAT»",generic,https://payment.webhook.aqllibozor.uz/api/transaction/payme/68e79036fcd578d21cfb04f7
68e792c92bfdb530405e4fa2,WEALTHMANAGEMENT,ООО «WEALTHMANAGEMENT»,generic,https://investitsiya.wmg.uz/payment/payme/merchant-api/
68e795d92bfdb530405e501e,MUSMART,"ООО «""MUSMART"" MAS'ULIYATI CHEKLANGAN JAMIYAT»",arca,https://api-qr.uzcard.uz
68e79bcb678d007e245b885f,KIDS PLATE,"ООО «""KID'S PLATE DISTRIBUTION"" MCHJ»",arca,https://api-qr.uzcard.uz
68e7a00386b46bb2700e3074,Monarch  ,ООО «Monarch Holdings»,arca,https://api-qr.uzcard.uz
68e7b40b9952d5691a7a39ed,DOCTOR'S STUFF,"ООО «""DOCTOR'S STUFF"" MAS'ULIYATI CHEKLANGAN JAMIYAT»",arca,https://api-qr.uzcard.uz
68e7b58aa3be7964105f3dbb,SMART GYPSUM COMMERCE,"ООО «""SMART GYPSUM COMMERCE"" MAS'ULIYATI CHEKLANGAN JAMIYAT»",arca,https://api-qr.uzcard.uz
68e7ba283c46518536177e4d,PUNKT VIDACHI,"ООО «""PUNKT VIDACHI"" XUSUSIY KORXONA»",arca,https://api-qr.uzcard.uz
68e8a94f67666cadb24c3a5d,Mathme,ЧП «XAMDAMOV BOBOMUROD»,generic,https://edu-api.crmuz.uz/api/transactions/payme
68e8ac6ae902b2f5efb2d37d,MY JOBS TECHNOLOGIES,"ООО «""MY JOBS TECHNOLOGIES"" MAS`ULIYATI CHEKLANGAN JAMIYAT»",generic,https://api.myjobs.uz/payment/payme/handle
68e8bed5716ebac2427f2c1d,ISKANDAROVA HUSNORA IZZATULLA QIZI,ЧП «ISKANDAROVA HUSNORA»,generic,https://api.ntest.uz/api/payme/handle
68e8de2b716ebac2427f31f7,COURSTRAVELACADEMY,"ООО «""COURSTRAVELACADEMY"" MAS'ULIYATI CHEKLANGAN JAMIYAT»",generic,https://api.exode.biz/api/v2/payment/rpc/acquiring/c171cc9c-226a-4950-be4a-ff28e50bddd3
68e8de2d67666cadb24c4352,SIMPLE ILLUMINATION ACADEMY,"ООО «""SIMPLE ILLUMITATION ACADEMY"" MAS`ULIYATI CHEKLANGAN JAMIYAT»",generic,https://pixelfy.uz/api/v1/callback/
68e90320992f629cdcaaccd8,UMAMI SUSHI BAR,ЧП «ABDURAXMANOVA ADILYA»,generic,https://umami.dmmg.uz/payme/endpoint
68ec833ae902b2f5efb311c8,"ООО ""FIVESEVENZERO""","ООО «""FIVESEVENZERO"" MAS'ULIYATI CHEKLANGAN JAMIYAT»",generic,https://api.simpletravel.uz/api/v1/payme/update/
68ec9f0f992f629cdcab015e,MILLAT - Commery,ООО «MILLAT MCHJ»,generic,https://api102tv.idealproject.uz/ppayment/paymeuz
68eca06067666cadb24c80e3,XAY MAYLI EVENTS,"ООО «""XAY MAYLI EVENTS"" MCHJ»",generic,https://panel.stand-up.uz/paycom-new?requisite=xay_mayli_events
68eca732e902b2f5efb31b35,NATIONAL FLOUR FOODS,"ООО «""NATIONAL FLOUR FOODS"" MAS'ULIYATI CHEKLANGAN JAMIYAT»",generic,https://pelmania.magicstore.uz/handle/payme/1150f4f8-95fb-499c-8da0-2cdac7ff92cf
68ecacf8716ebac2427f7275,SAHNA STANDUP CLUB,"ООО «""SAHNA STANDUP CLUB"" MCHJ»",generic,https://panel.stand-up.uz/paycom-new?requisite=sahna_standup_club
68ecb2e0ad89156ba5b00fcc,SPECTRA CAPITAL,"ООО «""SPECTRA CAPITAL"" MAS'ULIYATI CHEKLANGAN JAMIYAT»",generic,https://occhi.uz/?wc-api=wc_payme
68ecc64b992f629cdcab07c7,KUTLIMURODOV JAMSHID ZAFAR O'G'LI,ЧП «KUTLIMUROTOV JAMSHID»,generic,https://footballshop.magicstore.uz/handle/payme/814a8f5c-6151-44c0-86de-bbbb88d8fb5e
68ecd2aa992f629cdcab09ae,Ashley,ООО «BIGDAYCO»,arca,https://api-qr.uzcard.uz
68ecd2f1716ebac2427f77b6,Ashley,ООО «BIGDAYCO»,arca,https://api-qr.uzcard.uz
68ecdbfb716ebac2427f7986,Sabokhat Marimova,ЧП «MARIMOVA SABOHAT»,generic,https://api.exode.biz/api/v2/payment/rpc/acquiring/802a7c19-e660-4496-b2e6-12634ce3641a
68ece587e902b2f5efb32568,Электроэнергия (оплата юр лиц),"АО «""PAYNET"" AJ»",paynet-by-payme-uzbekenergo-legal,https://gw2.paynet.uz:8585/gw/v2/transaction
68ed006467666cadb24c90e5,"""UMID OMAD FAYZ""","ООО «""UMID OMAD FAYZ"" MAS'ULIYATI CHEKLANGAN JAMIYAT»",generic,https://api.apexpizza.uz/api/payment/transactions/
68ee25c467666cadb24ca610,Frank Fort Expo PayConnectBE,СП «Frank Fort Expo»,generic,https://cb-pay.exely.com/Payme/generic/terminals/e7b0b5c6-bcc9-4863-a484-11325759b36c
68ee2dc2992f629cdcab276d,HAKIM SINO PHARM,"ООО «""HAKIM SINO PHARM"" MAS'ULIYATI CHEKLANGAN JAMIYAT»",arca,https://api-qr.uzcard.uz
68ee30c3cbe2377f1877ea41,Max Way,"ООО «""MAXWAY FOOD"" MCHJ»",generic,https://payment.api.delever.uz/payme
68ee50b00bcc3ff5befc5358,SHEF,"ООО «""SHEF"" MAS'ULIYATI CHEKLANGAN JAMIYAT»",arca,https://api-qr.uzcard.uz
68ee52cd08397f794a400966,MARG`ILON MUSAFFO SERVIS,"ООО «""MARG'ILON MUSAFFO SERVIS"" MAS'ULIYATI CHEKLANGAN JAMIYAT»",generic,https://payment.webhook.aqllibozor.uz/api/transaction/payme/68ee52cd08397f794a400966
68ee543c08397f794a40096a,BELLISSIMO PIZZA,ООО «BELLISSIMO PIZZA INTERNATIONAL»,generic,https://pay.bpnet.uz/api/payment/payme
68ef46c3097472f1628da03b,URGAZ Toshkent №1,ООО «EXCLUSIVE CARPET»,arca,https://9ed63f6b6a5f.ngrok-free.app/app
68ef553e08397f794a40099b,Мой Бухгалтер,"ООО «""ASSISTANT BUSINESS MARKET"" MCHJ»",generic,https://dup-auth.myorg.uz/api/v1/payment/payme
68ef65d5c2b95ae79eb7ab8c,Xon manti,"ООО «""XON MANTI"" MCHJ»",generic,https://api.lacafe.uz/api/payments/v1/payme
68f0ba2188f28864c06623ab,Multimock,"ООО «""MULTIMOCK"" MAS'ULIYATI CHEKLANGAN JAMIYAT»",generic,https://api.multimock.uz/b2c/payment/payme
68f0d4ad3116bc5f93497715,INGLOT,"ООО «""DIVI GROUP"" MAS'ULIYATI CHEKLANGAN JAMIYAT XORIJIY KORXONA»",generic,https://inglot.uz/personal/order/notification.php
68f0da7308397f794a400abb,"""Мирзачўл деҳқон бозори"" МЧЖ","ООО «""MIRZACHO'L DEHQON BOZORI"" MAS'ULIYATI CHEKLANGAN JAMIYAT»",generic,https://payment.webhook.aqllibozor.uz/api/transaction/payme/68f0da7308397f794a400abb
68f0e29dc2b95ae79eb7d041,QO`G`AY BOZORI,"ООО «""QO'G'AY BOZORI"" MAS'ULIYATI CHEKLANGAN JAMIYAT»",generic,https://payment.webhook.aqllibozor.uz/api/transaction/payme/68f0e29dc2b95ae79eb7d041
68f1dd8a097472f1628da1c0,EVOS,ООО «MCHJ MAK FOOD SERVIS»,generic,https://payment.api.delever.uz/payme
68f1dfcf097472f1628da1c1,EVOS,ООО «MCHJ MAK FOOD SERVIS»,generic,https://qr.evos.uz/api/payme/callback
68f1e41cc2b95ae79eb7e915,ROCKET KV,"ООО «""ROCKET KV"" MAS'ULIYATI CHEKLANGAN JAMIYAT»",arca,https://api-qr.uzcard.uz
68f1f86788f28864c066245c,SARAFAN,ООО «SARAFAN»,generic,https://api.vacandi.uz/api/payments/payme/merchant
68f20fe8097472f1628da1ed,KEBAB HOUSE,"ООО «""NATIONAL FOOD ZARAFSHON"" MAS'ULIYATI CHEKLANGAN JAMIYAT»",generic,https://payment.api.delever.uz/payme
68f210a808397f794a400b4b,KEBAB HOUSE,"ООО «""NATIONAL FOOD ZARAFSHON"" MAS'ULIYATI CHEKLANGAN JAMIYAT»",generic,https://payment.api.delever.uz/payme
68f2117d08397f794a400b4e,KEBAB HOUSE,"ООО «""NATIONAL FOOD ZARAFSHON"" MAS'ULIYATI CHEKLANGAN JAMIYAT»",generic,https://payment.api.delever.uz/payme
68f2121108397f794a400b4f,KEBAB HOUSE,"ООО «""NATIONAL FOOD ZARAFSHON"" MAS'ULIYATI CHEKLANGAN JAMIYAT»",generic,https://payment.api.delever.uz/payme
68f21caa08397f794a400b63,ALO TAKSI SЕRVIS,"СП «""ALO TAKSI SERVIS"" OILAVIY KORXONA»",generic,https://alo.lidertaxi.uz/admin/pay-ment/payme-end-point
68f21ffc88f28864c0662492,Happytel 2,"ООО «""PLUG AND PLAY COMMUNICATIONS"" MCHJ»",generic,https://api.happytel.uz/api/payme/webhook
68f2249e88f28864c066249b,ASLANOVA DILNOZA XAKIMOVNA,ЧП «ASLANOVA DILNOZA»,generic,https://api.lacafe.uz/api/payments/v1/payme
68f26143c2b95ae79eb7fa75,EASY PRO,ООО «EASY PRO»,generic,https://navbat24.uz/api/wh/payment/payme
68f34f2e097472f1628da271,REMEMBER ME,"ООО «""LEGATUM"" MAS'ULIYATI CHEKLANGAN JAMIYAT»",generic,https://api.rememberme.uz/api/payments/payme/pay
68f4956288f28864c0662548,Edu NeoSoft,ЧП «NORMURODOV DILSHODJON»,generic,https://api.neosoft.uz/uz/api/payment/payme/callback/
68f62088c2b95ae79eb82df9,ECO PHARM,ООО «MARJON FARM SERVIS»,generic,https://server.ecoph.uz/api/payme/transaction
68f62196c2b95ae79eb82e1c,BIO INSIDE,"ООО «""BIO-INSIDE"" MAS'ULIYATI CHEKLANGAN JAMIYAT»",generic,https://bio.up-it.uz/api/payme/merchant
68f628843116bc5f9349791f,FRIENDLY Biiznes Taxi,"ООО «""FRIENDLY SERVIS"" MCHJ»",generic,https://87.192.240.227/billing/paycomnew/
68f634c6c2b95ae79eb830c2,AMEER PARFUMES OFFICE - DELEVER,ЧП «AVALOVA MALIKA»,generic,https://payment.api.delever.uz/payme
68f63506c2b95ae79eb830ca,AMEER PARFUMES SEOUL MUN - DELEVER,ЧП «AVALOVA MALIKA»,generic,https://payment.api.delever.uz/payme
68f6354008397f794a400cdf,AMEER PARFUMES ECO BOZOR - DELEVER,ЧП «AVALOVA MALIKA»,generic,https://payment.api.delever.uz/payme
68f63667c2b95ae79eb830fd,LEAPTECH,"ООО «""LEAPTECH"" MAS`ULIYATI CHEKLANGAN JAMIYAT»",generic,https://vaqtim.com/api/payme/webhook
68f659f1c2b95ae79eb8340a,ТАКСИ СИТИ,"ООО «""ZARRASALI"" MAS'ULIYATI CHEKLANGAN JAMIYAT»",generic,https://backend.taxicity.uz/paysys-api/payme
68f7141788f28864c0662632,VEN-DDD,"ООО «""VEN-DDD"" MAS'ULIYATI CHEKLANGAN JAMIYAT»",generic,https://b.ivend.uz/payme/
68f7181708397f794a400d15,KAKA,"ООО «""KAKA"" MAS'ULIYATI CHEKLANGAN JAMIYAT»",generic,https://b.ivend.uz/payme/api/v1/ieuuMV2yqMmPViOtdcJP/rpc
68f736ca097472f1628da3c3,BELLISSIMO PIZZA,ООО «BELLISSIMO PIZZA INTERNATIONAL»,generic,https://pay.bpnet.uz/api/payment/payme
68f736fc3116bc5f93497973,BELLISSIMO PIZZA,ООО «BELLISSIMO PIZZA INTERNATIONAL»,generic,https://pay.bpnet.uz/api/payment/payme
68f748f63116bc5f9349797f,AVLOAI,"ООО «""AVLOAI"" MCHJ»",generic,https://transcription.avlo.ai/api/transactions/webhooks/payme/
68f761183116bc5f9349799a,Safia,"ООО «""JUGER REGION"" MCHJ»",generic,https://payme.safiadelivery.com/?resid=7f52a270-9f98-4c1a-b35b-d513391464a3
68f76174c2b95ae79eb844db,Safia,"ООО «""JUGER REGION"" MCHJ»",generic,https://payme.safiadelivery.com/?resid=4f7aea46-db27-47af-b581-691bf3a394e2
68f761bd08397f794a400d69,Safia,"ООО «""JUGER REGION"" MCHJ»",generic,https://payme.safiadelivery.com/?resid=e8ec58f2-33a5-45d3-b28b-7eb0cba2dded
68f7621c08397f794a400d6a,Safia,"ООО «""JUGER REGION"" MCHJ»",generic,https://payme.safiadelivery.com/?resid=accd08e8-a99b-4d47-9eb8-c2f810693aa8
68f7625088f28864c066267f,Safia,"ООО «""JUGER REGION"" MCHJ»",generic,https://payme.safiadelivery.com/?resid=1dbe0b4e-63d4-4400-b764-8e03328aec98
68f76294c2b95ae79eb84512,Safia,"ООО «""JUGER REGION"" MCHJ»",generic,https://payme.safiadelivery.com/?resid=baec2008-c842-451f-9894-2f6565f6daa9
68f762d6097472f1628da3e0,Safia,"ООО «""JUGER REGION"" MCHJ»",generic,https://payme.safiadelivery.com/?resid=d292327a-31ba-49f5-9396-c9b16640f46b
68f7632708397f794a400d71,Safia,"ООО «""JUGER REGION"" MCHJ»",generic,https://payme.safiadelivery.com/?resid=a276adef-91eb-4e19-b7bf-0f2524d027a9
68f76371097472f1628da3e1,Safia,"ООО «""JUGER REGION"" MCHJ»",generic,https://payme.safiadelivery.com/?resid=bec0bd06-a0f4-44fc-879d-9da3da087370
68f763a8097472f1628da3e2,Student Pro AI,ЧП «XAKIMOV BAXROM»,generic,https://pkyruntfmsehxnsrzrin.supabase.co/functions/v1/payme
68f763d93116bc5f9349799c,Safia,"ООО «""JUGER REGION"" MCHJ»",generic,https://payme.safiadelivery.com/?resid=0bdb95a3-deef-420f-9562-9edbc5865474
68f7641ec2b95ae79eb8454d,Safia,"ООО «""JUGER REGION"" MCHJ»",generic,https://payme.safiadelivery.com/?resid=aa78ee09-d702-4381-9ae7-5e7a66650bb2
68f7648f88f28864c0662682,Safia,"ООО «""JUGER REGION"" MCHJ»",generic,https://payme.safiadelivery.com/?resid=8e85b29a-9b6f-4642-9e8e-a9e61d6374bd
68f764cd3116bc5f9349799d,Safia,"ООО «""JUGER REGION"" MCHJ»",generic,https://payme.safiadelivery.com/?resid=f841b13c-60bd-4f30-8192-72ca9430af4b
68f764eb88f28864c0662683,INTER HR AI,"ООО «""INTER HR AI"" MAS'ULIYATI CHEKLANGAN JAMIYAT»",generic,https://hrm.inter-ai.uz/api/payme
68f7650c08397f794a400d74,Safia,"ООО «""JUGER REGION"" MCHJ»",generic,https://payme.safiadelivery.com/?resid=5a8ae19b-7d8b-4f66-a9ce-97ab7adf89de
68f7655208397f794a400d75,Safia,"ООО «""JUGER REGION"" MCHJ»",generic,https://payme.safiadelivery.com/?resid=07460aed-682a-47ad-b3b9-933f02eab2d3
68f7676008397f794a400d79,Safia,"ООО «""MADINA-QANDOLAT"" MCHJ»",generic,https://payme.safiadelivery.com/?resid=714986f9-75e0-47fe-b6c1-472c234e8077
68f767b088f28864c0662689,Safia,"ООО «""MADINA-QANDOLAT"" MCHJ»",generic,https://payme.safiadelivery.com/?resid=13f01a9a-7a67-4ea3-b069-ef1863248e82
68f76b3488f28864c066268f,TOSHQONDIY AKADEMIYASI,"ООО «""TOSHQONDIY AKADEMIYASI"" MAS'ULIYATI CHEKLANGAN JAMIYAT»",generic,https://payment.toshqondiy.uz/api/payments/webhook
68f789643116bc5f934979df,THINKING APPS,"ООО «""THINKING APPS"" MAS'ULIYATI CHEKLANGAN JAMIYAT»",generic,https://edaai.uz/payme/callback
68f85c13c2b95ae79eb854ee,EVOS,ООО «MCHJ MAK FOOD SERVIS»,generic,https://qr.evos.uz/api/payme/callback
68f85e5b3116bc5f93497a0b,EVOS,ООО «MCHJ MAK FOOD SERVIS»,generic,https://qr.evos.uz/api/payme/callback
68f884803116bc5f93497a39,EVOS,ООО «MCHJ MAK FOOD SERVIS»,generic,https://qr.evos.uz/api/payme/callback
68f887a83116bc5f93497a3c,EVOS,ООО «MCHJ MAK FOOD SERVIS»,generic,https://qr.evos.uz/api/payme/callback
68f8884008397f794a400e28,EVOS,ООО «MCHJ MAK FOOD SERVIS»,generic,https://qr.evos.uz/api/payme/callback
68f88d1b08397f794a400e34,EVOS,ООО «MCHJ MAK FOOD SERVIS»,generic,https://qr.evos.uz/api/payme/callback
68f88e81097472f1628da47d,EVOS,ООО «MCHJ MAK FOOD SERVIS»,generic,https://qr.evos.uz/api/payme/callback
68f88f47c2b95ae79eb85e4d,EVOS,ООО «MCHJ MAK FOOD SERVIS»,generic,https://qr.evos.uz/api/payme/callback
68f8905088f28864c0662721,EVOS SAMARKAND,"ООО «""NUR CHINORI"" MCHJ»",generic,https://qr.evos.uz/api/payme/callback
68f899f6c2b95ae79eb85f95,MXMEDIA,"ООО «""MXMEDIA"" MAS'ULIYATI CHEKLANGAN JAMIYAT»",generic,https://tayyorsayt.uz/payment-gateways/payme/webhook
68f89c9b097472f1628da48c,ANIMALL VET GROUP,"ООО «""ANIMALL VET GROUP"" MAS'ULIYATI CHEKLANGAN JAMIYAT»",generic,https://api.animall.uz/api/payme/pay
68f89e59c2b95ae79eb86047,Mostender,"ООО «""SOFTY TEAM"" MAS'ULIYATI CHEKLANGAN JAMIYAT»",generic,https://back.mostender.yurtal.tech/api/v1/payment/payme/callback
68f8afc8c2b95ae79eb86310,Oshly,ЧП «SAPARBAYEV SHOXRUX»,generic,https://api.lacafe.uz/api/payments/v1/payme
68f8b020097472f1628da4af,Osh&Mosh,ЧП «SAPARBAYEV SHOXRUX»,generic,https://api.lacafe.uz/api/payments/v1/payme
68f8b18fc2b95ae79eb86342,VEOLIA ENERGY TASHKENT,"АО «""PAYNET"" AJ»",paynet-by-payme-teploenergo-legal,https://gw2.paynet.uz:8585/gw/v2/transaction
68f8bc8633df8ed4e617e0ff,Sayqal school,ЧП «FARMONOVA FOTIMA»,generic,https://api.fly-school.online/v1/pay/webhook/payme
68f8cc3428d471e933690214,TEZGO Market,ЧП «SHAVKATOV FIRUZJON»,generic,https://api.tezgomarket.uz/api/payments/payme
68f905fd33df8ed4e617e169,URGAZ Toshkent №1,ООО «EXCLUSIVE CARPET»,generic,https://urgaz-production.up.railway.app/admin/payme-webhook
68f9bafd6f39bd15f0b7b7f4,FAYZ SAVDO SAXOVAT,"ООО «""FAYZ SAVDO SAXOVAT"" MAS'ULIYATI CHEKLANGAN JAMIYAT»",generic,https://payment.webhook.aqllibozor.uz/api/transaction/payme/68f9bafd6f39bd15f0b7b7f4
68f9d6c8820701ee25181a26,BOBS MCHJ,"ООО «""BOBS"" MAS'ULIYATI CHEKLANGAN JAMIYAT»",arca,https://api-qr.uzcard.uz
68f9d6f06f39bd15f0b7b819,BOBS MCHJ,"ООО «""BOBS"" MAS'ULIYATI CHEKLANGAN JAMIYAT»",arca,https://api-qr.uzcard.uz
68f9d71b33df8ed4e617e19b,BOBS MCHJ,"ООО «""BOBS"" MAS'ULIYATI CHEKLANGAN JAMIYAT»",arca,https://api-qr.uzcard.uz
68f9d75433df8ed4e617e19c,BOBS MCHJ,"ООО «""BOBS"" MAS'ULIYATI CHEKLANGAN JAMIYAT»",arca,https://api-qr.uzcard.uz
68f9e38233df8ed4e617e1ad,BLESSED GRACE PURE,"ООО «""BLESSED GRACE PURE"" MAS'ULIYATI CHEKLANGAN JAMIYAT»",generic,https://backend.optochka.com/payments/activate-payme
68f9e4b6820701ee25181a38,ТОЧКА,"ООО «""TOCHKA EATS"" MAS'ULIYATI CHEKLANGAN JAMIYAT»",generic,https://eats.tochkaeats.uz/api/v1/pay
68f9f30f6f39bd15f0b7b832,DIGITAL ACADEMY SIRDARYO,"ООО «""DIGITAL ACADEMY SIRDARYO"" MAS'ULIYATI CHEKLANGAN JAMIYAT»",generic,https://cdn.digitalcrm.uz/api/payme
68fa0e91820701ee25181a60,GRAND LAVASH - SHIMBAY DELEVER,ООО «GULBANU NUKUS SERVIS TORG MCHJ»,generic,https://payment.api.delever.uz/payme
68faf3ff6f39bd15f0b7b89f,SANGZOR SAVDO,"ООО «""SANGZOR SAVDO DEHQON (OZIQ-OVQAT) BOZORI"" MAS`ULIYATI CHEKLANGAN JAMIYAT»",generic,https://payment.webhook.aqllibozor.uz/api/transaction/payme/68faf3ff6f39bd15f0b7b89f
68fb51666f39bd15f0b7b8fa,HOTEL IMAN PayConnectBE,"ООО «""HOTEL IMAN"" OILAVIY KORXONA»",generic,https://cb-pay.exely.com/Payme/generic/terminals/45b7f88c-ed68-455e-a230-62f6bbd4d48b
68fb54b128d471e933690386,МУКA пекарня-кондитерская,ЧП «BERDIEV TIMUR»,arca,https://api-qr.uzcard.uz
68fb5da0820701ee25181b0c,LAZER SHIFO KO`Z NURI,"ООО «""LAZER SHIFO KO`Z NURI"" MCHJ»",generic,https://koznuri.novacode.uz/api/payment/webhooks/payme/
68fb6f3728d471e9336903a1,dorixona,"ООО «""OYBEK- SANOBAR  MED FARM"" XUSUSIY KORXONA»",generic,https://ozwwnnspjincujrtdjwh.functions.supabase.co/payme-merchant
68fc5b78d2d01cc2d62d7a94,YOZYOVON SAVDO KOMPLEKSI,"ООО «""YOZYOVON SAVDO KOMPLEKSI"" MAS'ULIYATI CHEKLANGAN JAMIYAT»",generic,https://payment.webhook.aqllibozor.uz/api/transaction/payme/68fc5b78d2d01cc2d62d7a94
68fc5d7f820701ee25181b86,DAVR QURILISH MAHSULOTLARI SAVDO KOMPLEKSI,"ООО «""DAVR QURILISH MAHSULOTLARI SAVDO KOMPLEKSI"" MAS'ULIYATI CHEKLANGAN JAMIYAT»",generic,https://payment.webhook.aqllibozor.uz/api/transaction/payme/68fc5d7f820701ee25181b86
68fe5f2328d471e93369045d,LORDTECH,"ООО «""LORDTECH"" MAS'ULIYATI CHEKLANGAN JAMIYAT»",generic,https://fabriqpro.uz/api/v1/payme
68ff10ced2d01cc2d62d9be5,SMARTME,"ООО «""SMARTME"" MAS'ULIYATI CHEKLANGAN JAMIYAT»",generic,https://global-vending.com/api/v1/payment/payme
68ff115528d471e933690499,ABDIEV ABBOS AXMADOVICH,ЧП «ABDIYEV ABBOS»,generic,https://b.ivend.uz/payme/api/v1/MtYKiMztLlDgFZXs0fxM/rpc
68ff1407820701ee25181c35,BENEFIT TRAVELING,"ООО «""BENEFIT TRAVELING"" MAS'ULIYATI CHEKLANGAN JAMIYAT»",generic,https://b.ivend.uz/payme/api/v1/nSHNYJoaJ4m03duI3XoY/rpc
68ff3949820701ee25181c6e,Cardinar,ЧП «ABDUQAXXAROV ZAYNIDDIN»,arca,https://api-qr.uzcard.uz
68ff55776f39bd15f0b7ba5a,Lacafe - Jizzax Milliy Taomlar,"ООО «""SHAROF BUSINESS PLUS"" MCHJ»",generic,https://api.lacafe.uz/api/payments/v1/payme
68ff5b83d2d01cc2d62da938,Allplay,ООО «ALLMEDIA SAFE SERVICE»,generic,https://api.allplay.uz/api/paycom/rpc
68ff649fd2d01cc2d62daaf0,EstetKaloriya,"ООО «""THINKING APPS"" MAS'ULIYATI CHEKLANGAN JAMIYAT»",generic,https://estetkaloriya.uz/payme/callback
68ff655228d471e933690522,Barchasi Uy Uchun,ЧП «ORIPOV MUHAMMAD»,arca,https://api-qr.uzcard.uz
68ff666828d471e933690526,SHIFO DOKTOR XASAN,"ООО «""SHIFO DOKTOR XASAN"" MAS'ULIYATI CHEKLANGAN JAMIYAT»",arca,https://api-qr.uzcard.uz
68ff6e8128d471e93369052c,DOPPA,"ООО «""DOPPA"" MAS'ULIYATI CHEKLANGAN JAMIYAT»",generic,https://doppa.uz/api/payme/merchant
6900674833df8ed4e617e4c3,A-UNITEDGROUP,"ООО «""A-UNITEDGROUP"" MAS'ULIYATI CHEKLANGAN JAMIYAT»",generic,https://b.ivend.uz/payme/api/v1/nBjMP3yU7Zt827XVLwrd/rpc
69006887d2d01cc2d62dbd6b,"ООО ""ALKAUSSAR""","ООО «""ALKAUSSAR"" MAS'ULIYATI CHEKLANGAN JAMIYAT»",arca,https://api-qr.uzcard.uz
6900733d6f39bd15f0b7baf3,ANSOR-MED,"ООО «""ANSOR-MED"" MAS'ULIYATI CHEKLANGAN JAMIYAT»",generic,https://api.ansormed.com/payme/webhook/
690075de820701ee25181d3c,Bon!,ООО «MCHJ MIRZO-BOBUR»,generic,https://api.fbox.uz/api/v1/payme/merchant/
6900902a820701ee25181d54,Bon!,ООО «MCHJ MIRZO-BOBUR»,generic,https://api.fbox.uz/api/v1/payme/merchant/
690090a1820701ee25181d55,Bon!,ООО «MCHJ MIRZO-BOBUR»,generic,https://api.fbox.uz/api/v1/payme/merchant/
690096c4d2d01cc2d62dc4c2,EDULINK,"ООО «""EDULINK"" MAS'ULIYATI CHEKLANGAN JAMIYAT»",generic,https://edulink.narz.uz/payme
6900a55028d471e933690679,Breadly Solid,"ООО «""CRUSTY BAKERY"" MCHJ»",generic,https://payment.api.delever.uz/payme
6900a8896f39bd15f0b7bb49,"ИП ""XUDAYNAZAROV ABDULLA SHAMSITDIN O‘G‘LI""",ЧП «XUDAYNAZAROV ABDULLA»,generic,https://device.radiomer.uz/api/payment/payme/v2
690196886f39bd15f0b7bbb9,UNILINK,"ООО «""UNILINK"" MAS'ULIYATI CHEKLANGAN JAMIYAT»",generic,https://api.unilinkedu.com/api/v1/payments/payme/webhook
6901a9746f39bd15f0b7bbc7,XUMO VET PULS,"ООО «""XUMO VET PULS"" MCHJ»",generic,https://payment.api.delever.uz/payme
6901aaf96f39bd15f0b7bbc8,XUMO VET PULS,"ООО «""XUMO VET PULS"" MCHJ»",generic,https://payment.api.delever.uz/payme
6901ab676f39bd15f0b7bbcb,XUMO VET PULS,"ООО «""XUMO VET PULS"" MCHJ»",generic,https://payment.api.delever.uz/payme
6901abc333df8ed4e617e584,XUMO VET PULS,"ООО «""XUMO VET PULS"" MCHJ»",generic,https://payment.api.delever.uz/payme
6901ac3b33df8ed4e617e586,XUMO VET PULS,"ООО «""XUMO VET PULS"" MCHJ»",generic,https://payment.api.delever.uz/payme
6901aca4820701ee25181e12,XUMO VET PULS,"ООО «""XUMO VET PULS"" MCHJ»",generic,https://payment.api.delever.uz/payme
6901af646f39bd15f0b7bbd3,BEAUTE DE NATURE,ООО «BEAUTE DE NATURE»,generic,https://yvesrocher.humocrm.uz/handle/payme/0a139e9b-b9d6-44d6-b71f-d9b4e53a4840
6901b4d533df8ed4e617e590,XOJIMUROD OTA MUHABBAT ONA,"ООО «""XOJIMUROD OTA MUHABBAT ONA"" MAS'ULIYATI CHEKLANGAN JAMIYAT»",arca,https://api-qr.uzcard.uz
6901b834d2d01cc2d62dd9cd,Cloupard,"ООО «""CLOUPARD"" MCHJ»",generic,https://console.cloupard.uz/PaycomUz/Process
6901ba2d28d471e933690719,Forever Life,"ООО «""PARFUM FOREVER GAB"" MAS'ULIYATI CHEKLANGAN JAMIYAT»",generic,https://payments.frvlife.pro/payme
6901cfe56f39bd15f0b7bbf0,PROWEB,ООО «PROWEB MCHJ»,generic,https://main.proweb.uz/api/v1/payments/payme/webhook/
6901f5ad33df8ed4e617e5e5,Safia,"ООО «""MADINA-QANDOLAT"" MCHJ»",generic,https://panel.safiabakery.uz/payment/paycom?id=1349
6901f60e33df8ed4e617e5e6,Safia,"ООО «""MADINA-QANDOLAT"" MCHJ»",generic,https://panel.safiabakery.uz/payment/paycom?id=1521
690203ef820701ee25181e90,KASB by AKMAL ABDULLAYEV,"ООО «""KASBBYAKMALABDULLAYEV"" MCHJ»",generic,https://api.exode.biz/api/v2/payment/rpc/acquiring/ccfd9c14-c638-4563-b706-50e8eac666b5
69020d1f6f39bd15f0b7bc55,Apexpizza Navoiy,"ООО «""7-14 GROUP"" MAS'ULIYATI CHEKLANGAN JAMIYAT»",generic,https://api.apexpizza.uz/api/payment/transactions/
6902365c33df8ed4e617e631,ZARBDOR TUMAN DEHQON BOZOR,"ООО «""ZARBDOR TUMAN DEHQON BOZORI MCHJ"" MCHJ»",generic,https://payment.webhook.aqllibozor.uz/api/transaction/payme/6902365c33df8ed4e617e631
6902616733df8ed4e617e639,ФЛАЙНЕТ,"ООО «""FLYNET"" MAS'ULIYATI CHEKLANGAN JAMIYAT»",generic,https://backend.flynet.uz/handle/payme
6902f341820701ee25181f1d,FARG`ONA SAVDO MAJMUASI,"ООО «""FARG`ONA SAVDO MAJMUASI  "" MAS'ULIYATI CHEKLANGAN JAMIYAT»",generic,https://payment.webhook.aqllibozor.uz/api/transaction/payme/6902f341820701ee25181f1d
69030fb3d2d01cc2d62df682,YENALIYEV RUSTAM,ЧП «YENALIYEV RUSTAM»,generic,http://psapi.megagroup.ru/accounts/46039/notify
69032e1533df8ed4e617e6c2,Tozza,ЧП «DUSMURODOV JASURBEK»,generic,https://tozza.urfysoft.uz/api/v1/payments/callback
69033504d2d01cc2d62dffe8,GREAT LEADER BECK,"ООО «""GREAT LEADER BECK"" MAS'ULIYATI CHEKLANGAN JAMIYAT»",generic,https://www.anamarket.uz/api/payments/payme/callback
690336b3820701ee25181f8b,Limon Market,ЧП «O‘KTAMOV AFZALBEK»,generic,https://limonmarket.humocrm.uz/handle/payme/5621f92b-7891-4b94-a4bd-cc01731db749
6903415b33df8ed4e617e6f7,Street Aroma,ЧП «XAKIMOV AKBARJON»,generic,https://texnokross.uz/payme-mqtt
690345246f39bd15f0b7bd18,BOQIYEV DIYORBEK RAXMON O‘G‘LI,ЧП «BOQIYEV DIYORBEK»,arca,https://api-qr.uzcard.uz
69034ece33df8ed4e617e719,PROTOK,"ООО «""PROTOK"" MAS'ULIYATI CHEKLANGAN JAMIYAT»",generic,https://app.protokuz.uz/api/v1/payment/payme/
690447f2820701ee25182009,RACCOON GROUP,"ООО «""RACCOON GROUP"" MAS'ULIYATI CHEKLANGAN JAMIYAT»",generic,https://montenegro-8y6i.onrender.com/api/payments/payme/callback/
6904539328d471e9336908e7,Saxovat,"ООО «""SAXOVAT BOZORI"" MAS'ULIYATI CHEKLANGAN JAMIYAT»",generic,https://raqamli-bozor.uz/services/platon-core/api/v1/payme-jsonrpc
690473d728d471e933690901,OCTAGON,"ООО «""OCTAGON PRINT"" MAS'ULIYATI CHEKLANGAN JAMIYAT»",generic,https://octagon-backend.up.railway.app/api/payment/payme/gateway
6904861dd2d01cc2d62e237e,DJAMALOV ARTEM GENNADEVICH,ЧП «DJAMALOV ARTEM»,generic,https://device.radiomer.uz/api/payment/payme/v2
6904976928d471e933690935,TokBor,"ООО «""TOK BOR"" MCHJ»",generic,https://api.newtokbor.uz/payme/pay
69049a85820701ee25182066,SBM FOOD CHAIN,"ООО «""SBM FOOD CHAIN"" MAS'ULIYATI CHEKLANGAN JAMIYAT»",generic,https://api.sbmfood.uz/api/payments/payme/pay
6904a509820701ee2518206f,YaponamamaZamin delever,"ООО «""ZAMIN ONA DISTRIBUTION"" MAS'ULIYATI CHEKLANGAN JAMIYAT»",generic,https://payment.api.delever.uz/payme
6904ab4d6f39bd15f0b7bddd,YATT XUDAYBERGANOV JASUR ERKINOVICH,ЧП «XUDAYBERGANOV JASUR»,arca,https://api-qr.uzcard.uz
6904b5a96f39bd15f0b7bde8,HISOBCHI AI LAB,"ООО «""HISOBCHI AI LAB"" MAS'ULIYATI CHEKLANGAN JAMIYAT»",generic,https://xisobchiai2.admob.uz/api/v1/payment/merchant
6904b78e6f39bd15f0b7bdea,Lingua Examinations,"ООО «""GENIUS TEACHING KNOWLEDGE TESTING"" MCHJ»",generic,http://linguaexaminations.uz/api/merchant/payme/callback
6904bbf46f39bd15f0b7bded,DONO AI,"ООО «""DONO AI"" MAS'ULIYATI CHEKLANGAN JAMIYAT»",generic,https://srvr.momentoai.uz/api/v1/payme
690831c528d471e933690a0c,QO`SHTEPA QURILISH SAVDO SAVDO KOMPLEKSI,"ООО «""QO'SHTEPA QURILISH SAVDO SAVDO KOMPLEKSI"" MAS'ULIYATI CHEKLANGAN JAMIYAT»",generic,https://payment.webhook.aqllibozor.uz/api/transaction/payme/690831c528d471e933690a0c
69083f83d2d01cc2d62e5a86,ZUMRAD SHIFO,"ООО «""ZUMRAD SHIFO"" MAS'ULIYATI CHEKLANGAN JAMIYAT»",arca,https://api-qr.uzcard.uz
69083ff028d471e933690a1b,JR SPEED,ЧП «ISRAILOV JAHONGIR»,generic,https://payme-z3dw.onrender.com/api/payme/pay
690849ee28d471e933690a2c,EVOS,ООО «MCHJ MAK FOOD SERVIS»,generic,https://qr.evos.uz/api/payme/callback
69084a34820701ee2518215c,EVOS,ООО «MCHJ MAK FOOD SERVIS»,generic,https://qr.evos.uz/api/payme/callback
6908555233df8ed4e617e909,PAXTAKOR SAVDO MAJMUOSI (,"ООО «""PAXTAKOR SAVDO MAJMUOSI"" MAS'ULIYATI CHEKLANGAN JAMIYAT»",generic,https://payment.webhook.aqllibozor.uz/api/transaction/payme/6908555233df8ed4e617e909
69087c634d622e372615bdf5,EBB (Spectre Energy),"ООО «""SPECTRE-ENERGY"" MCHJ»",generic,https://panel.ebbuzbekistan.uz/api/v1/payments/payme/
69088045092749f8335d183c,EDUON PLATFORM,ООО «EDUON PLATFORM»,generic,https://mf-telegram-bot.prod.glmv.dev/api/payment/payme
69088925cff5a94e33da2841,CAU,ООО «CENTRAL ASIAN UNIVERSITY»,generic,https://finance.centralasian.uz/cau_billing/hs/payme_mechant/RPC
6908c148092749f8335d186f,Online trener,ЧП «ABDUG‘ANIYEV ABDUG‘OFUR»,generic,https://telegram.atletai.uz/payme/merchant
6909b0c91c94112af41b4a79,Magicslide,"ООО «""JO'RABEK OIL"" XK»",generic,https://api.magicslide.uz/api/payme
6909da75fdb5cc30a89bea0e,DEEPEN,"ООО «""DEEPEN"" MAS'ULIYATI CHEKLANGAN JAMIYAT»",generic,https://deepwell.uz/api/v1/payments/webhook/payme/
6909daf0cff5a94e33da28e5,DJ SELFWASH,"СП «""DJ SELFWASH"" OILAVIY KORXONA»",sumpay,https://payme.cloudcore.uz
6909ee17cff5a94e33da2900,SPACE Gaming,"ООО «""PROAUTO"" MCHJ»",arca,https://api-qr.uzcard.uz
690aefb1cff5a94e33da2946,FITO-MED BIZNES,"ООО «""FITO-MED BIZNES"" MAS'ULIYATI CHEKLANGAN JAMIYAT»",arca,https://api-qr.uzcard.uz
690b1f311c94112af41b7956,SHOHIDON DEHQON BOZOR,"ООО «""SHOHIDON DEHQON BOZORI"" MAS`ULIYATI CHEKLANGAN JAMIYAT»",generic,https://payment.webhook.aqllibozor.uz/api/transaction/payme/690b1f311c94112af41b7956
690b4074fdb5cc30a89beae9,GRAND HAL - DELEVER,"ООО «""MAX FOOD TRADE"" MAS'ULIYATI CHEKLANGAN JAMIYAT»",generic,https://payment.api.delever.uz/payme
690b6b54deb084269a926a80,JAXON OSIYO MEGA TRADE,"ООО «""JAXON OSIYO MEGA TRADE"" XUSUSIY KORXONA»",generic,https://payment.webhook.aqllibozor.uz/api/transaction/payme/690b6b54deb084269a926a80
690c5306ad1aa98b81c0f5c5,EBB (Spectre Energy),"ООО «""IT SUPPORT COMMERCE"" MAS'ULIYATI CHEKLANGAN JAMIYAT»",generic,https://panel.ebbuzbekistan.uz/api/v1/payments/payme/
690c5367e187d364ec591350,Spectre,"ООО «""IT SUPPORT COMMERCE"" MAS'ULIYATI CHEKLANGAN JAMIYAT»",generic,https://api.spectre-energy.uz/api/public/payme_endpoint/
690c75ad8848c84dbc9a5aa0,Sangzor Boutique Hotel,"ООО «""ORZU TUR GRAND"" MAS'ULIYATI CHEKLANGAN JAMIYAT»",generic,https://cb-pay.exely.com/Payme/generic/terminals/51bfd4b8-3235-4145-b4e2-f42be9a334ff/
690c7e0fad1aa98b81c0f5f6,Darhan boutique hotel - PayConnectBE,"ООО «""UPM HOTELS"" MAS'ULIYATI CHEKLANGAN JAMIYAT XORIJIY KORXONA»",generic,https://cb-pay.exely.com/Payme/generic/terminals/f453c6f3-a7cb-463a-ad34-c7a8b49fdb59
690c7f3be187d364ec59138f,NORBEKOV SOG`LOMLASHTIRISH VA MASLAHAT MARKAZ,"ООО «""NORBEKOV SOG`LOMLASHTIRISH VA MASLAHAT MARKAZI"" MCHJ»",generic,https://norbekov.perfona.uz/v1/pay/webhook/payme/
690c85ea8848c84dbc9a5ab7,ATRIUM SMART HOTEL - PayConnectBE,"ООО «""ATRIUM SOLUTION"" MAS'ULIYATI CHEKLANGAN JAMIYAT»",generic,https://test.uz/
690c8e02ad1aa98b81c0f613,THE TOWER HOTEL - PayConnectBE,"ООО «""THE  TOWER HOTEL"" MCHJ»",generic,https://cb-pay.exely.com/Payme/generic/terminals/8cbbbf85-db25-40dd-b503-e21367f67d59
690d86e8e187d364ec591426,FOOD MOOD - DELEVER,"ООО «""CYBER VIBE"" MAS'ULIYATI CHEKLANGAN JAMIYAT»",generic,https://payment.api.delever.uz/payme
690d978698145eb63ac7a59d,AvtoTest AI,ЧП «ZIYAYEVA MADINABONU»,generic,https://api.avtotest-ai.uz/api/payment/webhooks/payme/
690dc9a2e187d364ec591493,OLD CITY FOODS - DELEVER,"ООО «""OLD CITY FOODS"" MAS'ULIYATI CHEKLANGAN JAMIYAT»",generic,https://payment.api.delever.uz/payme
690dd2eb13c003ee358f35d6,TEAM-X IT-HUB,"ООО «""TEAM-X IT-HUB"" MCHJ»",generic,https://mentaljon.uz/api/payment/payme/callback
690ddb0513c003ee358f35e0,Husma Hotel - PayConnectBE,ООО «AFZUN IBRAT SERVIS MCHJ»,generic,https://cb-pay.exely.com/Payme/generic/terminals/cf63b6ed-1b5a-4a05-88b2-9b24a7fd4d3b
690e77558848c84dbc9a5c08,BYD ECO,"ООО «""BYD ECO"" MAS'ULIYATI CHEKLANGAN JAMIYAT»",generic,https://api.etok.uz/pay/payme/gateway
690f7dc4ad1aa98b81c0f86a,China Ganga - China Shashlik,"ООО «""MAHMOOD CHEF"" MCHJ»",generic,http://smartomato.ru/webhooks/payments/payme/44218/50139/callback
690f7e1e98145eb63ac7ca92,China Minor,"ООО «""MAHMOOD CHEF"" MCHJ»",generic,https://smartomato.ru/webhooks/payments/payme/44218/50138/callback
690f8140ad1aa98b81c0f86b,BELLISSIMO PIZZA,ООО «BELLISSIMO PIZZA INTERNATIONAL»,generic,https://pay.bpnet.uz/api/payment/payme
691190bd98145eb63ac7e66a,CHORVAMAX,"ООО «""CHORVAMAX"" MAS'ULIYATI CHEKLANGAN JAMIYAT»",generic,https://payment.api.delever.uz/payme
6911cf62a0a262f50519f6fc,Vitazone,ЧП «ZULFIQOROV SHAXZODBEK»,generic,https://back.vitazone.uz/payme/
6911db73a0a262f50519f70a,MacBro,"ООО «""BROSTORE"" MCHJ»",arca,https://api-qr.uzcard.uz
6911ea2c7dc4ebb2a645e732,XUSAINOV ULUGBEK RAVSHANJON O'GLI,ЧП «XUSAINOV ULUG‘BEK»,generic,https://tezstar.uz/api/payme/update/
6911f261a0a262f50519f759,INTERNATIONAL ALLERGY CENTER,СП ООО «ALLERGY CENTER»,generic,https://mis.defactum.uz/apipayme/payme/
6912d7d0ebfdb0a517fa0a1b,Tantana,"ООО «""TANTANA ENTERTAINMENT"" MAS'ULIYATI CHEKLANGAN JAMIYAT»",generic,https://api.tantana.group/api/v1/payme-collection-callback/
6912de347dc4ebb2a645e7b3,NEW BAROS,"ООО «""NEW BAROS"" MAS`ULIYATI CHEKLANGAN JAMIYAT»",arca,https://api-qr.uzcard.uz
6912df137dc4ebb2a645e7b6,NEW TEAM - DELEVER,"ООО «""NEW TEAM"" MAS'ULIYATI CHEKLANGAN JAMIYAT»",generic,https://payment.api.delever.uz/payme
6912e793919f987975b72be4,Mobenix,"ООО «""MOBINEX"" MAS'ULIYATI CHEKLANGAN JAMIYAT»",generic,https://smmly.uz/payments/payme_webhook.php
6912f17c0faa1d8be0644e88,KORBAZAAR - LACAFE,"ООО «""KORBAZAAR"" MCHJ»",generic,https://api.lacafe.uz/api/payments/v1/payme
6912fd2c0faa1d8be0644e8e,Gumma&Xonim Чилонзор 20 кв LACAFE,"ООО «""FAYZLI MEGA FOOD"" MCHJ»",generic,https://api.lacafe.uz/api/payments/v1/payme
6912fdf60faa1d8be0644e95,Gumma&Xonim Чирчик LACAFE,"ООО «""FAYZLI MEGA FOOD"" MCHJ»",generic,https://api.lacafe.uz/api/payments/v1/payme
6912fe66a0a262f50519f803,Gumma&Xonim Водник LACAFE,"ООО «""FAYZLI MEGA FOOD"" MCHJ»",generic,https://api.lacafe.uz/api/payments/v1/payme
6912feeaa0a262f50519f805,Gumma&Xonim Сергилий 8 LACAFE,"ООО «""AXD-FAZL"" MAS'ULIYATI CHEKLANGAN JAMIYAT»",generic,https://api.lacafe.uz/api/payments/v1/payme
6912ffc3ebfdb0a517fa110f,Gumma&Xonim Назарбей LACAFE,"ООО «""AXD-FAZL"" MAS'ULIYATI CHEKLANGAN JAMIYAT»",generic,https://api.lacafe.uz/api/payments/v1/payme
6912fff60faa1d8be0644e97,Gumma&Xonim Тошмий LACAFE,"ООО «""AXD-FAZL"" MAS'ULIYATI CHEKLANGAN JAMIYAT»",generic,https://api.lacafe.uz/api/payments/v1/payme
69130032a0a262f50519f808,Gumma&Xonim Shahriston LACAFE,"ООО «""AXD-FAZL"" MAS'ULIYATI CHEKLANGAN JAMIYAT»",generic,https://api.lacafe.uz/api/payments/v1/payme
69130139ebfdb0a517fa113a,Gumma&Xonim ТТЗ бозор LACAFE,"ООО «""GUMMA XONIM NOMER 1"" MCHJ»",generic,https://api.lacafe.uz/api/payments/v1/payme
6913025bebfdb0a517fa115d,Gumma&Xonim Паркентский LACAFE,"ООО «""GUMMA AND XONIM ORIGINAL"" MCHJ»",generic,https://api.lacafe.uz/api/payments/v1/payme
6913038c919f987975b72c2a,Gumma&Xonim Чопоната LACAFE,"ООО «""GUMMA XONIM FAMILY"" MCHJ»",generic,https://api.lacafe.uz/api/payments/v1/payme
691309747dc4ebb2a645e7e8,Gumma&Xonim Oqtepa LACAFE,"СП «""VIP FOODS OK"" OILAVIY KORXONA»",generic,https://api.lacafe.uz/api/payments/v1/payme
691309a4919f987975b72c60,Gumma&Xonim Novza LACAFE,"СП «""VIP FOODS OK"" OILAVIY KORXONA»",generic,https://api.lacafe.uz/api/payments/v1/payme
691309d77dc4ebb2a645e7e9,Gumma&Xonim Sergeli LACAFE,"СП «""VIP FOODS OK"" OILAVIY KORXONA»",generic,https://api.lacafe.uz/api/payments/v1/payme
69130a1e919f987975b72c61,Gumma&Xonim Qo'yliq LACAFE,"СП «""VIP FOODS OK"" OILAVIY KORXONA»",generic,https://api.lacafe.uz/api/payments/v1/payme
69130a507dc4ebb2a645e7ea,Gumma&Xonim O'zgarish LACAFE,"СП «""VIP FOODS OK"" OILAVIY KORXONA»",generic,https://api.lacafe.uz/api/payments/v1/payme
69130a8debfdb0a517fa1283,Gumma&Xonim Kadisheva LACAFE,"СП «""VIP FOODS OK"" OILAVIY KORXONA»",generic,https://api.lacafe.uz/api/payments/v1/payme
69130ae5ebfdb0a517fa1290,Gumma&Xonim Abdulla Nabiyev LACAFE,"СП «""VIP FOODS OK"" OILAVIY KORXONA»",generic,https://api.lacafe.uz/api/payments/v1/payme
69130b15919f987975b72c62,Gumma&Xonim Ibn sino LACAFE,"СП «""VIP FOODS OK"" OILAVIY KORXONA»",generic,https://api.lacafe.uz/api/payments/v1/payme
69130b53ebfdb0a517fa1299,Gumma&Xonim Yangiyo’l Rovd ro’parasida LACAFE,"СП «""VIP FOODS OK"" OILAVIY KORXONA»",generic,https://api.lacafe.uz/api/payments/v1/payme
69130b83919f987975b72c63,Gumma&Xonim Sobir Rahimov LACAFE,"СП «""VIP FOODS OK"" OILAVIY KORXONA»",generic,https://api.lacafe.uz/api/payments/v1/payme
69130bbeebfdb0a517fa12b4,Gumma&Xonim Markaz 1 LACAFE,"СП «""VIP FOODS OK"" OILAVIY KORXONA»",generic,https://api.lacafe.uz/api/payments/v1/payme
69130cd20faa1d8be0644ead,Gumma&Xonim Yakkasaroy LACAFE,"СП «""VIP FOODS OK"" OILAVIY KORXONA»",generic,https://api.lacafe.uz/api/payments/v1/payme
69130e3eebfdb0a517fa131a,Gumma&Xonim Malika LACAFE,"СП «""VIP FOODS OK"" OILAVIY KORXONA»",generic,https://api.lacafe.uz/api/payments/v1/payme
69130e77ebfdb0a517fa1320,Gumma&Xonim Minor LACAFE,"СП «""VIP FOODS OK"" OILAVIY KORXONA»",generic,https://api.lacafe.uz/api/payments/v1/payme
69130f1d7dc4ebb2a645e7f3,Gumma&Xonim Mirabod LACAFE,"СП «""VIP FOODS OK"" OILAVIY KORXONA»",generic,https://api.lacafe.uz/api/payments/v1/payme
69130f550faa1d8be0644eaf,Gumma&Xonim Yangiyo’l LACAFE,"СП «""VIP FOODS OK"" OILAVIY KORXONA»",generic,https://api.lacafe.uz/api/payments/v1/payme
69130fd8919f987975b72c6a,Gumma&Xonim Xasanboy LACAFE,"СП «""VIP FOODS OK"" OILAVIY KORXONA»",generic,https://api.lacafe.uz/api/payments/v1/payme
691313067dc4ebb2a645e7f6,Gumma&Xonim Yunusobod 19 LACAFE,"ООО «""BARAKAFOOD"" MCHJ»",generic,https://api.lacafe.uz/api/payments/v1/payme
691313680faa1d8be0644eb7,Gumma&Xonim Taxtapul LACAFE,"ООО «""BARAKAFOOD"" MCHJ»",generic,https://api.lacafe.uz/api/payments/v1/payme
691313aba0a262f50519f822,Gumma&Xonim Yunusobod 16 LACAFE,"ООО «""BARAKAFOOD"" MCHJ»",generic,https://api.lacafe.uz/api/payments/v1/payme
6913142e0faa1d8be0644ebb,Gumma&Xonim Knijniy LACAFE,"ООО «""BARAKAFOOD"" MCHJ»",generic,https://api.lacafe.uz/api/payments/v1/payme
691314adebfdb0a517fa1423,Gumma&Xonim Vuzgorodok LACAFE,"ООО «""BARAKAFOOD"" MCHJ»",generic,https://api.lacafe.uz/api/payments/v1/payme
691314e8ebfdb0a517fa142c,Gumma&Xonim Islom-Ota LACAFE,"ООО «""BARAKAFOOD"" MCHJ»",generic,https://api.lacafe.uz/api/payments/v1/payme
69131527a0a262f50519f825,Gumma&Xonim Uchtepa filiali LACAFE,"ООО «""BARAKAFOOD"" MCHJ»",generic,https://api.lacafe.uz/api/payments/v1/payme
69131fbaa0a262f50519f83c,BAXMAL DEHQON BOZORI,"ООО «""BAXMAL DEHQON BOZORI"" MAS'ULIYATI CHEKLANGAN JAMIYAT»",generic,https://payment.webhook.aqllibozor.uz/api/transaction/payme/69131fbaa0a262f50519f83c
6913406e7dc4ebb2a645e875,PROMOGO,"ООО «""PROMOGO"" MAS'ULIYATI CHEKLANGAN JAMIYAT»",generic,https://dev.promogo.uz/api/payme
69139dee0faa1d8be0644f3a,PayFI,ЧП «AVAZOV YAHYOXON»,generic,https://payfi.uz/qabul/payme.php
69143c0f919f987975b72d59,MINI MARKET,ЧП «MAXMADALIYEV ASADBEK»,arca,https://api-qr.uzcard.uz
6914514f0faa1d8be0644f9e,BROCCOLI PARK - DELEVER,ООО «BROCCOLI GARDEN»,generic,https://payment.api.delever.uz/payme
691456877dc4ebb2a645e90d,Safia Гулистан (E-com),"ООО «""JUGER REGION"" MCHJ»",generic,https://payme.safiadelivery.com/?resid=d6879350-9856-43be-8451-a7fc55d4d655
691457dcebfdb0a517fa3132,Sushiwokmaster Kadisheva laCafe,"ООО «ООО ""PASHAS""»",generic,https://api.lacafe.uz/api/payments/v1/payme
6914832e0faa1d8be0645038,STROY MARKET ,"ООО «""XZ QURILISH"" MAS`ULIYATI CHEKLANGAN JAMIYAT»",arca,https://api-qr.uzcard.uz
691579407dc4ebb2a645e9f5,PANBUBBLE - LACAFE,"ООО «""PANBUBBLE"" MAS'ULIYATI CHEKLANGAN JAMIYAT»",generic,https://api.lacafe.uz/api/payments/v1/payme
6915a3a27dc4ebb2a645ea26,DRIVEME,"ООО «""DRIVEME"" MAS'ULIYATI CHEKLANGAN JAMIYAT»",generic,https://payme.driveme.uz/
6915b31e0faa1d8be06451c2,UMS,"АО «""PAYNET"" AJ»",paynet-by-payme-all-mobile-operators,https://gw2.paynet.uz:8585/gw/v2/transaction
6915b7e6a0a262f50519fa69,AVOCADO GROUP,"ООО «""AVOCADO GROUP RESTAURANTS"" MAS'ULIYATI CHEKLANGAN JAMIYAT»",generic,https://filletdelivery.uz/?wc-api=wc_payme
6915c117ebfdb0a517fa5597,SINTEX OZB,"ИП ООО «""SINTEKS OZB"" MCHJ XK»",generic,https://api.fbox.uz/api/v1/payme/merchant/
6915c382ebfdb0a517fa55f8,IBROXIMOV MIRAFZAL MUZAFFAR O‘G‘LI,ЧП «IBROXIMOV MIRAFZAL»,generic,https://api.lacafe.uz/api/payments/v1/payme
6915ca49ebfdb0a517fa56bc,Zpos,"ООО «""ZERO ONE SYSTEM"" MAS`ULIYATI CHEKLANGAN JAMIYAT»",generic,https://app.zpos.uz/api/v1/payment/payme
6915db2e0faa1d8be064520b,ABDUGAFAROVA ZILALA ASRARXANOVNA,ЧП «ABDUGAFAROVA ZILALA»,generic,https://www.it-lax.com/api/payme/webhook
6915f3717dc4ebb2a645eaa3,buapp,"ООО «""BUKUCH"" MAS'ULIYATI CHEKLANGAN JAMIYAT»",generic,https://uzapi.bu.uz/Store/PayMePayNotify/Transactions
6916a464a0a262f50519fadb,SessiyaBot,ЧП «ESHQUVVATOV JAHONGIR»,generic,https://payment.aapanel.uz/payme/
6916d56da0a262f50519fb25,B2GAME CAR SIMULATOR,ЧП «QOSIMOV NAJOTBEK»,generic,https://api.back2game.uz/api/payments/payme
6916d8acebfdb0a517fa73b3,ALIYEV XUSEN IBRAGIMOVICH,ЧП «ALIYEV XUSEN»,generic,https://test.himarket.uz/ru/pay/payme/callback
6916dae2919f987975b72f57,The Sazaan,"ООО «""CHASHMA BALIQ"" MAS`ULIYATI CHEKLANGAN JAMIYAT»",generic,https://api.lacafe.uz/api/payments/v1/payme
6916dd2debfdb0a517fa7418,SUSHI BOX,"ООО «""SUSHI BOX"" MCHJ»",generic,https://yxs.zoomda.uz:4001/payme/
6916e9df0faa1d8be0645260,Tez Qr,АО «АО 'PAYME'»,tezqr,https://api-qr.uzcard.uz
6916f0c3919f987975b72f70,Senorita Home,"ООО «""MAROON TRADE"" MCHJ»",arca,https://api-qr.uzcard.uz
69170452ebfdb0a517fa7a1e,Babay,"ООО «""BABAY"" MAS'ULIYATI CHEKLANGAN JAMIYAT»",generic,https://abc.jprq.live/api/v1/payment/payme/callback
69171392919f987975b733f4,Luxcontent,"ООО «""LUX CONTENT"" MCHJ»",generic,http://213.230.110.176:9990/api/payme
691ab8eb7dc4ebb2a645f33a,EVOS,ООО «MCHJ MAK FOOD SERVIS»,generic,https://payment.api.delever.uz/payme
691aed17919f987975b7351e,QODIROVA DILBAR SHERMATOVNA ,ЧП «QODIROVA DILBAR»,arca,https://api-qr.uzcard.uz
691af8427dc4ebb2a645f39d,BELLISSIMO PIZZA,ООО «BELLISSIMO PIZZA INTERNATIONAL»,generic,https://pay.bpnet.uz/api/payment/payme
691aff04ebfdb0a517fab8c4,Мой Бухгалтер,"ООО «""ASSISTANT BUSINESS MARKET"" MCHJ»",generic,https://my-api-test-uz.posbox.in.ua/api/v1/payme/merchant/callback
691b07e00faa1d8be0645dfc,LINKO,"ООО «""LINKTRADE"" MCHJ»",generic,https://odoo.linko.uz/webhook/payme
691b60bdebfdb0a517fac2d2,Kvadratik,"ООО «""KVADRATIK"" MAS'ULIYATI CHEKLANGAN JAMIYAT»",generic,https://api.kvadratik.uz/api/transaction/payme/callback
691c1df8919f987975b735ca,KINODASIZ,ЧП «XASANJONOV XUSANBOY»,generic,https://pixy.uz/orderbots/kinodasiz/payme.php
691c1fe4ebfdb0a517faccf4,ZOMIN-HILLS,"ООО «""ZOMIN-HILLS"" MCHJ»",generic,https://cb-pay.exely.com/Payme/generic/terminals/2d571d35-b0fd-4933-8853-faabfd7c1522
691c3676a0a262f5051a0744,YAKUNIN DIAMANT JEWELRY,"ООО «""YAKUNIN DIAMANT JEWELRY"" MCHJ»",generic,https://device.radiomer.uz/api/payment/payme/v2
691c3f10a0a262f5051a0751,The Burger C1,"ООО «""KHAVAKAND BAKERY"" MCHJ»",generic,https://theburger.zoomda.uz:4001/payme/
691c5232919f987975b7361d,TAXI OK,"ООО «""TAXI 01"" MCHJ»",generic,https://okschool.uz/payme/merchant.ashx
691c5334ebfdb0a517fad48f,WHITE DRINK COMPANY,ООО «WHITE DRINK COMPANY»,generic,https://moloko.zoomda.uz:4001/payme/
691c5eb27dc4ebb2a645f5c2,MARJONA ONLINE MARKET,ЧП «BEKNAZAROV SIROJ»,generic,https://api.marjona-market.uz/gate/payme
691c72510faa1d8be0645f59,SALOM MAHALLA - DELEVER,"ООО «""QUARTA MELA"" MCHJ»",generic,https://payment.api.delever.uz/payme
691d603f0faa1d8be0645f9e,TEKLED,"ООО «""BARAKA PRODUCTS"" MAS'ULIYATI CHEKLANGAN JAMIYAT»",arca,https://api-qr.uzcard.uz
691d6911a0a262f5051a081c,VATAN PLAZA,"ООО «""VATAN PLAZA"" MAS`ULIYATI CHEKLANGAN JAMIYAT»",arca,https://api-qr.uzcard.uz
691d6daa919f987975b736ca,Bojxona Servis,"АО «""TBC BANK"" ATB»",munis-tbc-border-queue,http://10.100.115.73/api
691d791fa0a262f5051a0846,Dr. David Kalendarev,ЧП «KALENDAREV DAVID»,generic,https://rehab.ddmedia.uz/payme/merchant
691d8041a0a262f5051a084f,PERFECT AQUA,"ООО «""PERFECT AQUA"" MAS'ULIYATI CHEKLANGAN JAMIYAT»",generic,https://global-vending.com/api/v1/payment/payme
691d9bc77dc4ebb2a645f669,PERFECT AQUA,"ООО «""PERFECT AQUA"" MAS'ULIYATI CHEKLANGAN JAMIYAT»",generic,https://global-vending.com/api/v1/payment/payme
691d9dc5a0a262f5051a0877,PERFECT AQUA,"ООО «""PERFECT AQUA"" MAS'ULIYATI CHEKLANGAN JAMIYAT»",generic,https://global-vending.com/api/v1/payment/payme
691d9f26919f987975b73720,PERFECT AQUA,"ООО «""PERFECT AQUA"" MAS'ULIYATI CHEKLANGAN JAMIYAT»",generic,https://global-vending.com/api/v1/payment/payme
691d9fe1a0a262f5051a087b,PERFECT AQUA,"ООО «""PERFECT AQUA"" MAS'ULIYATI CHEKLANGAN JAMIYAT»",generic,https://global-vending.com/api/v1/payment/payme
691da095a0a262f5051a087c,PERFECT AQUA,"ООО «""PERFECT AQUA"" MAS'ULIYATI CHEKLANGAN JAMIYAT»",generic,https://global-vending.com/api/v1/payment/payme
691da1a27dc4ebb2a645f67c,PERFECT AQUA,"ООО «""PERFECT AQUA"" MAS'ULIYATI CHEKLANGAN JAMIYAT»",generic,https://global-vending.com/api/v1/payment/payme
691da296a0a262f5051a087d,PERFECT AQUA,"ООО «""PERFECT AQUA"" MAS'ULIYATI CHEKLANGAN JAMIYAT»",generic,https://global-vending.com/api/v1/payment/payme
691da38e7dc4ebb2a645f681,PERFECT AQUA,"ООО «""PERFECT AQUA"" MAS'ULIYATI CHEKLANGAN JAMIYAT»",generic,https://global-vending.com/api/v1/payment/payme
691da4330faa1d8be0645ffd,PERFECT AQUA,"ООО «""PERFECT AQUA"" MAS'ULIYATI CHEKLANGAN JAMIYAT»",generic,https://global-vending.com/api/v1/payment/payme
691da54a919f987975b73724,PERFECT AQUA,"ООО «""PERFECT AQUA"" MAS'ULIYATI CHEKLANGAN JAMIYAT»",generic,https://global-vending.com/api/v1/payment/payme
691da5e3a0a262f5051a0882,PERFECT AQUA,"ООО «""PERFECT AQUA"" MAS'ULIYATI CHEKLANGAN JAMIYAT»",generic,https://global-vending.com/api/v1/payment/payme
691da682a0a262f5051a0883,PERFECT AQUA,"ООО «""PERFECT AQUA"" MAS'ULIYATI CHEKLANGAN JAMIYAT»",generic,https://global-vending.com/api/v1/payment/payme
691da72f0faa1d8be0646002,PERFECT AQUA,"ООО «""PERFECT AQUA"" MAS'ULIYATI CHEKLANGAN JAMIYAT»",generic,https://global-vending.com/api/v1/payment/payme
691da87b7dc4ebb2a645f68a,Terrace 100 KKM,"ООО «""PRIME FOOD AND BEVERAGE MANAGEMENT"" MAS'ULIYATI CHEKLANGAN JAMIYAT»",arca,https://api-qr.uzcard.uz
691dae7ba0a262f5051a0896,HASBA,"ООО «""HASBA"" MAS'ULIYATI CHEKLANGAN JAMIYAT»",generic,https://api.hasba.uz/paycom
691db3bf919f987975b73747,Hotel 1946 PayConnectBE,"ООО «""ZKH-1946 GROUP"" MAS'ULIYATI CHEKLANGAN JAMIYAT»",generic,https://cb-pay.exely.com/Payme/generic/terminals/d3e0b10a-4c9b-4157-988a-4f6e378378d1
691db553919f987975b7374c,"""UZKEYSSERVIS"" MCHJ НАВОИ","СП ООО «""UZKEYSSERVIS"" MCHJ»",generic,http://94.141.69.246:8080/uppt/hs/ucsPayme/cp
691dbfbd7dc4ebb2a645f6af,HOTEL ASIA TASHKENT,"ООО «""HOTEL ASIA TASHKENT"" MAS'ULIYATI CHEKLANGAN JAMIYAT»",generic,https://test.uz/
691eaf8c0faa1d8be064608f,SATIB GROUP,"ООО «""SATIB GROUP"" MAS'ULIYATI CHEKLANGAN JAMIYAT»",generic,https://satib.uz/serverApi/payments/payme/callback
691ec205919f987975b737d4,Avokado bot,"ООО «""INTECLAB"" MAS'ULIYATI CHEKLANGAN JAMIYAT»",generic,https://avo-api.sevara.cloud/api/payment/payme
691ec9067dc4ebb2a645f72e,GALA WORLD,"ООО «""GALA WORLD"" MAS'ULIYATI CHEKLANGAN JAMIYAT»",generic,https://api.gala.uz/api/v1/payme/orders/payme
691ecc057dc4ebb2a645f736,RED-BULL,"ООО «""RED-BULL"" MCHJ»",generic,https://api.2pay.uz/api/payments/payme/
691ee711ebfdb0a517fb07ff,The Burger City,"ООО «""KHAVAKAND BAKERY"" MCHJ»",generic,https://theburger.zoomda.uz:4001/payme/
691ee8607dc4ebb2a645f755,The Burger Qoqon,"ООО «""KHAVAKAND BAKERY"" MCHJ»",generic,https://theburger.zoomda.uz:4001/payme/
691ee8ab0faa1d8be06460cc,The Burger Samarqand,"ООО «""KHAVAKAND BAKERY"" MCHJ»",generic,https://theburger.zoomda.uz:4001/payme/
691efd5fa0a262f5051a0991,SKYSEVEN INVEST,"ООО «""SKYSEVEN INVEST"" MAS`ULIYATI CHEKLANGAN JAMIYAT»",generic,https://zaytunni.com/?wc-api=wc_payme
691f0467919f987975b7384b,ERJAR SAVDO KOMPLEKSI,"ООО «""ERJAR SAVDO KOMPLEKSI"" MAS'ULIYATI CHEKLANGAN JAMIYAT»",generic,https://payment.webhook.aqllibozor.uz/api/transaction/payme/691f0467919f987975b7384b
692002cf0faa1d8be06461a7,RASTA SAVDO KOMPLEKSI,"АО «""RASTA SAVDO KOMPLEKSI"" AKSIYADORLIK JAMIYATI»",generic,https://payment.webhook.aqllibozor.uz/api/transaction/payme/692002cf0faa1d8be06461a7
692009ea12abc4da1487c9cc,coffe,ЧП «MUHAMMADJONOV MIRAZIZ»,generic,https://billing.coffeego.uz/api/payme/
69202c70a4d6bc0596f4874f,Bellissimo Aviasozlar 1 IO,ООО «BELLISSIMO PIZZA INTERNATIONAL»,generic,https://pay.bpnet.uz/api/payment/payme
69202de512abc4da1487cebf,Innovate technology,ООО «Innovate technology»,generic,https://staging.thenodir.uz/payme/pay
69204ce04d88ce7417bab3ee,NINIO SITE - ROBOSELL ,ЧП «ERKINOV MURODJON»,generic,https://api.robosell.uz/api/v2/payme/partner
6920613a5a5fce48f392b7ae,VERTERA SENSATION,"ООО «""VERTERA SENSATION"" MAS'ULIYATI CHEKLANGAN JAMIYAT»",generic,https://vertera.org/payme/callback
692090881d048d5592c2af6e,Hadicha medical,"ООО «""HADICHA MEDICAL"" MCHJ»",generic,https://api.mctac.uz/api/payme/merchant
6920d0525a5fce48f392be94,GiftCards.uz,ЧП «Abdurakhmanov S.B»,generic,https://backend.gcards.uz/api/payme/callback
692186d84d88ce7417bab470,Floopy.uz,"ООО «""RA SPECTFUL"" MCHJ»",generic,https://buildme.someone.uz/webhooks/payme/3bfe31a0-da04-4922-9852-a4a39caae1a8
69218af2012d1919393043a4,AZERA,"ООО «""AZERRA"" MAS'ULIYATI CHEKLANGAN JAMIYAT»",generic,https://azera.uz:1476/user/payme
69219940012d1919393043ae,DandyShop uz,ЧП «VAXOBOVA MANZURA»,generic,https://dandy-shop.uz/qabul/payme.php
6922a56f012d1919393043c9,MOCKBEES,"ООО «""MOCKBEES"" MAS'ULIYATI CHEKLANGAN JAMIYAT»",generic,https://mockbees-backend-dev-d7dvoljdpa-uk.a.run.app/api/payme-webhook
692367925a5fce48f392dc2c,Help me help you,ЧП «ASHUROV SARVAR»,generic,https://helpmehelpyou.uz/api/v1/payment/payme
6923f1904d88ce7417bab505,LILIYA.UZ,ЧП «ARIFDJANOV OLIMJON»,generic,https://api.liliya.uz/v1/payment/payme/endpoint
6923f3c24d88ce7417bab50a,EVOSALELUX,"ООО «""EVOSALELUX"" MAS'ULIYATI CHEKLANGAN JAMIYAT»",generic,https://psapi.megagroup.ru/accounts/112025/notify
692410ec1d048d5592c2b077,CD-IELTS,ООО «MIRUMITECH»,generic,https://cd-ielts.uz/api/payments/callback/payme
6924398f4d88ce7417bab5a8,Masterclass  | Instavibe,"ООО «""INSTAVIBE SCHOOL"" MCHJ»",generic,https://med-lab.uz/instavibe/payme/
692454b05a5fce48f392f4a6,Training plus Success Parking,"ООО «""TRAINING PLUS SUCCESS"" MCHJ»",smart-park,https://parkingsoft.com.ua/PayMe_Parking/process.php
69247abe813d46baa12b1876,test,"ООО «""LOGISTAR"" MAS'ULIYATI CHEKLANGAN JAMIYAT»",generic,https://admin.logistar.uz/api/payme/callback
69252d87813d46baa12b1884,O'quv markazlari forumi,НОУ «IBRAT FARZANDLARI»,generic,https://api-forum.glmv.dev/api/payme
6925a2545a5fce48f3930dce,soffia.uz,"ООО «""SOFF-STUDY"" MCHJ»",generic,https://api.soffia.uz/api/v1/payments/webhook/payme
6925a54d4d88ce7417bab6ad,Hotel AIST PayConnectBE,"ООО «""AIST--PLUS"" MCHJ»",generic,https://cb-pay.exely.com/Payme/generic/terminals/1d4bb3b8-f985-4d53-bf3f-fb644f0e30e1
6925f7b6012d1919393045db,Ticknote,ЧП «RO‘ZIBOYEV IQBOLJON»,generic,https://paymentproviderwebhook-6wkj2kzmtq-uc.a.run.app/?provider=payme
692699e85a5fce48f3931ae4,MASTER FRUIT,"ООО «""A MASTER FRUIT"" MAS'ULIYATI CHEKLANGAN JAMIYAT»",generic,https://master-fruit-backend-production.up.railway.app/payme/
6926ac68813d46baa12b19a8,ProLab,ЧП «EGAMBERDIYEV AZIZBEK»,generic,https://server.myprolab.uz/payme/endpoint
6926c5eb813d46baa12b19be,MUHOFAZA QILISH AKADEMIYASI,ГУП «O‘ZBEKISTON RESPUBLIKASI HUQUQNI MUHOFAZA QILISH AKADEMIYASI»,generic,https://api.virtualacademy.uz/api/v1/paycom
6926c9814d88ce7417bab74a,Tezon.uz,"ООО «""ALGO INNOVATION TEAM"" MAS'ULIYATI CHEKLANGAN JAMIYAT»",generic,https://tezon.uz/api/v1/payments/payme/callback/
6926d85e5a5fce48f3932551,Mehran Hotel PayConnectBE,"УП «""GLOBAL SECURITY SYSTEMS"" UK»",generic,https://cb-pay.exely.com/Payme/generic/terminals/33a00e32-cafd-4d62-adbc-a792634f7fc7
6926d99c813d46baa12b19df,Ms. Frozen,"СП «""ALMAS SHAN UNITED"" OILAVIY KORXONA»",arca,https://api-qr.uzcard.uz
6926da475a5fce48f3932593,Mirzo Hotel PayConnectBE,"СП «""OROM PLUS"" OILAVIY KORXONA»",generic,https://cb-pay.exely.com/Payme/generic/terminals/2c689d47-029e-4788-aa55-b9efeeae72f1
6926db3f5a5fce48f39325c6,FREEGO,"ООО «""FREEGO"" MAS'ULIYATI CHEKLANGAN JAMIYAT»",arca,https://api-qr.uzcard.uz
6926dbf4012d191939304680,Hotel TURKTURIZM PayConnectBE,"СП «""TURKTURIZM"" OILAVIY KORXONA»",generic,https://cb-pay.exely.com/Payme/generic/terminals/30b6438e-69e3-40cf-9429-bb65248047f0
6926ddc7813d46baa12b19e6,Seminar | Mentora,"НОУ «""MENTORA ONLINE PLATFORMASI"" NTM»",generic,https://med-lab.uz/mentora/payme/
6926e7964d88ce7417bab77f,NABIYEV FAYZULLAXO`JA,ЧП «NABIYEV FAYZULLAXO‘JA»,generic,https://api.2pay.uz/api/payments/payme/
69277a31012d19193930470d,MOBINEX,"ООО «""MOBINEX"" MAS'ULIYATI CHEKLANGAN JAMIYAT»",generic,https://tezpay.xyz/api/payme.php
69277a995a5fce48f393325b,Mobinex.store,"ООО «""MOBINEX"" MAS'ULIYATI CHEKLANGAN JAMIYAT»",generic,https://tezpay.xyz/api/payme.php
6927e776813d46baa12b1a9e,SHEF CAFE - DELEVER,"ООО «""SHEF CAFE"" MAS'ULIYATI CHEKLANGAN JAMIYAT»",generic,https://payment.api.delever.uz/payme
6927e7fe813d46baa12b1aa0,GRACIA OYBEK - DELEVER,"ООО «""GRACIA HORECA GROUP"" MCHJ»",generic,https://payment.api.delever.uz/payme
6927fd57813d46baa12b1ac5,TRUST AND SUPPORT,"ООО «""TRUST AND SUPPORT"" MCHJ»",generic,https://api.ibookgroup.uz/api/v1/payment/payme/update/
6927fed6012d19193930475a,SHOVKAT OTA BIZNES,"ООО «""SHOVKAT OTA BIZNES"" MAS'ULIYATI CHEKLANGAN JAMIYAT»",arca,https://api-qr.uzcard.uz
6927ff0d4d88ce7417bab82d,SHOVKAT OTA BIZNES,"ООО «""SHOVKAT OTA BIZNES"" MAS'ULIYATI CHEKLANGAN JAMIYAT»",arca,https://api-qr.uzcard.uz
6928274e155c8056601088e7,PG,ЧП «ABDURASULOV ABDULAZIZ»,generic,https://paygo.uz/api/services/zyber/payments/payme/send
692828e27d258add38eac91e,Bellissimo Riviera IO,ООО «BELLISSIMO PIZZA INTERNATIONAL»,generic,https://pay.bpnet.uz/api/payment/payme
692829497d258add38eac930,Bellissimo Nukus IO,ООО «BELLISSIMO PIZZA INTERNATIONAL»,generic,https://pay.bpnet.uz/api/payment/payme
692829ab155c8056601088ed,Bellissimo Alfraganus IO,ООО «BELLISSIMO PIZZA INTERNATIONAL»,generic,https://pay.bpnet.uz/api/payment/payme
692829f4ad5515422584b0b2,Bellissimo Globus IO,ООО «BELLISSIMO PIZZA INTERNATIONAL»,generic,https://pay.bpnet.uz/api/payment/payme
69282a097d258add38eac95a,4rent,ЧП «MAXMUDOV JAXONGIRXO‘JA»,generic,https://4rent.isgood.host/api/payment/webhooks/payme/
692851d3155c805660108922,CHIG'ATOY ART - LaCafe,"ООО «""RETRO KITCHEN"" MCHJ»",generic,https://api.lacafe.uz/api/payments/v1/payme
6928576d155c805660108939,Watch Dealer Orient,ЧП «DUSMATOV DALER»,generic,https://orientwatch.uz/api/payme/callback
6928bd53155c805660108945,"""UZKEYSSERVIS"" MCHJ АНДИЖАН","СП ООО «""UZKEYSSERVIS"" MCHJ»",generic,http://94.141.69.246:8080/uppt/hs/ucsPayme/cp
6928bdccad5515422584b125,"""UZKEYSSERVIS"" MCHJ ФЕРГАНА","СП ООО «""UZKEYSSERVIS"" MCHJ»",generic,http://94.141.69.246:8080/uppt/hs/ucsPayme/cp
6928be1b155c805660108946,"""UZKEYSSERVIS"" MCHJ НАМАНГАН","СП ООО «""UZKEYSSERVIS"" MCHJ»",generic,http://94.141.69.246:8080/uppt/hs/ucsPayme/cp
6928be5302940f968bf6e462,"""UZKEYSSERVIS"" MCHJ СЫРДАРЬЯ","СП ООО «""UZKEYSSERVIS"" MCHJ»",generic,http://94.141.69.246:8080/uppt/hs/ucsPayme/cp
6928be8b645d80766efa8731,"""UZKEYSSERVIS"" MCHJ ДЖИЗАК","СП ООО «""UZKEYSSERVIS"" MCHJ»",generic,http://94.141.69.246:8080/uppt/hs/ucsPayme/cp
6928becead5515422584b126,"""UZKEYSSERVIS"" MCHJ САМАРКАНД","СП ООО «""UZKEYSSERVIS"" MCHJ»",generic,http://94.141.69.246:8080/uppt/hs/ucsPayme/cp
6928bf0702940f968bf6e463,"""UZKEYSSERVIS"" MCHJ КАШКАДАРЬЯ","СП ООО «""UZKEYSSERVIS"" MCHJ»",generic,http://94.141.69.246:8080/uppt/hs/ucsPayme/cp
6928bf3c02940f968bf6e464,"""UZKEYSSERVIS"" MCHJ БУХАРА","СП ООО «""UZKEYSSERVIS"" MCHJ»",generic,http://94.141.69.246:8080/uppt/hs/ucsPayme/cp
6928bf7902940f968bf6e465,"""UZKEYSSERVIS"" MCHJ ТЕРМЕЗ","СП ООО «""UZKEYSSERVIS"" MCHJ»",generic,http://94.141.69.246:8080/uppt/hs/ucsPayme/cp
6928bfaf02940f968bf6e466,"""UZKEYSSERVIS"" MCHJ ХОРЕЗМ","СП ООО «""UZKEYSSERVIS"" MCHJ»",generic,http://94.141.69.246:8080/uppt/hs/ucsPayme/cp
6928bfe102940f968bf6e467,"""UZKEYSSERVIS"" MCHJ НУКУС","СП ООО «""UZKEYSSERVIS"" MCHJ»",generic,http://94.141.69.246:8080/uppt/hs/ucsPayme/cp
69293e3f7d258add38eadba6,Grand Samarkand Superior PayConnectBE,"ООО «""GRAND SAMARKAND          SUPERIOR"" MAS'ULIYATI CHEKLANGAN JAMIYAT»",generic,https://cb-pay.exely.com/Payme/generic/terminals/5ff2d0e0-3825-4da0-940a-3b140da5bdb9
692940cc7d258add38eadc17,Qamar hotel PayConnectBE,"ООО «""QAMAR GROUP"" MAS`ULIYATI CHEKLANGAN JAMIYAT»",generic,https://cb-pay.exely.com/Payme/generic/terminals/11b070ea-eac7-428b-8575-7f0c4508eec6
69295a2ead5515422584b159,bozorlik,ЧП «ADOSHBOYEV BOTIR»,generic,https://bozorlik.uz/api/v1/payment/payme
69298d53645d80766efa87b0,THE BEST PASSPORT STOL - DELEVER,"ООО «""THE BEST CAFE"" MCHJ»",generic,https://payment.api.delever.uz/payme
692990147d258add38eae78a,THE BEST VOGZAL OSTANOVKA - DELEVER,"ООО «""THE BEST CAFE"" MCHJ»",generic,https://payment.api.delever.uz/payme
692990427d258add38eae798,THE BEST DETSKAYA BOLNITSA - DELEVER,"ООО «""THE BEST CAFE"" MCHJ»",generic,https://payment.api.delever.uz/payme
69299075645d80766efa87b8,THE BEST GORGAZ - DELEVER,"ООО «""THE BEST CAFE"" MCHJ»",generic,https://payment.api.delever.uz/payme
692990e8645d80766efa87ba,THE BEST MED KOLLEJ - DELEVER,"ООО «""THE BEST PLUS"" MCHJ»",generic,https://payment.api.delever.uz/payme
6929a01802940f968bf6e501,ProLab,ЧП «EGAMBERDIYEV AZIZBEK»,generic,https://api.xalfa.uz/main/payme/callback/
692a94927d258add38eaf491,BAXT MILLIY TAOMLAR RESTORANI,"ООО «""SARDOR SARVAR BARAKA SERVIS"" MAS'ULIYATI CHEKLANGAN JAMIYAT»",generic,https://back.baxtrestoran.uz/api/payments/payme/endpoint
692adfd1645d80766efa8852,USE7EN APP,"ООО «""GRAF-CORP"" MAS'ULIYATI CHEKLANGAN JAMIYAT»",generic,https://sb.use7en.uz/functions/v1/p-billing
692d29a8ad5515422584b2ed,YaYoAi.uz,ЧП «KAMILOV DJAXONGIR ULUGBEKOVICH»,generic,https://lifepointz.com/api/v1/payme
692d2c4d155c805660108ae0,ONLINE ORGANIC,"ООО «""ONLINE ORGANIC"" MAS'ULIYATI CHEKLANGAN JAMIYAT»",generic,https://organic-store.uz/api/orders/payme/callback
692d330002940f968bf6e613,Soff freelance,"ООО «""SOFF-STUDY"" MCHJ»",generic,https://freelance.soff.uz/api/v1/payment/webhook/payme
692d3580ad5515422584b2fa,XASANOVA SADOQAT BAXTIYOROVNA,ЧП «XASANOVA SADOQAT»,generic,https://api.sadokhasanova.uz/api/payme/pay
692d369cad5515422584b2fd,wepaim,ЧП «FALINA TAMILA»,generic,https://payment.secondblom.uz/api/payment/payme/webhook/ip/
692d3bd4645d80766efa88f0,SmartNets,"ООО «""SMART NETS"" MAS'ULIYATI CHEKLANGAN JAMIYAT»",generic,https://possibly-internal-sparrow.ngrok-free.app/api/v1/payments/payme-webhook
692d43307d258add38eb29a2,AQUACUBE,"ООО «""AQUACUBE"" MAS'ULIYATI CHEKLANGAN JAMIYAT»",generic,https://b.ivend.uz/payme/api/v1/C2jMJUf14MiHFwHvkusC/rpc
692d462f155c805660108b0b,WE IT GROUP,"ООО «""WE IT GROUP"" MAS'ULIYATI CHEKLANGAN JAMIYAT»",generic,http://185.217.131.134:8080/api/payme/merchant
692d6687155c805660108b3b,LOCALTOURS,"ООО «""LOCALTOURS"" MAS'ULIYATI CHEKLANGAN JAMIYAT»",generic,https://crm.localtour.uz/api/v1/payme
692d7638155c805660108b5f,KIM VYACHESLAV ALEKSANDROVICH,ЧП «KIM VYACHESLAV»,generic,https://dobrinya.tegendelivery.uz/paycom/
692d77bbad5515422584b363,SABONO Premium Quality,ЧП «TURSUNOV MUROD»,generic,https://sabono.uz/?wc-api=wc_payme
692d7904155c805660108b66,"""ELEKTRO USKUNA TA'MINOT"" MCHJ","ООО «""ELEKTRO USKUNA TA'MINOT"" MCHJ»",generic,https://backend-production-5df6.up.railway.app/payme
692d7ac702940f968bf6e67a,RE STYLE FAXRIDDIN MCHJ,"ООО «""RE STYLE FAXRIDDIN"" MAS'ULIYATI CHEKLANGAN JAMIYAT»",generic,https://b.ivend.uz/payme/api/v1/meV5ShivbQxEt564yaaR/rpc
692d7e787d258add38eb3918,"ООО ""SAYYOH TRAVELSIM""","ООО «""SAYYOH TRAVELSIM"" MCHJ»",generic,https://api.travelesim.uz/api/payme/ota-order
692d81c67d258add38eb39ab,MAFLEY,ЧП «ABDIYEV SHAVKAT»,generic,https://api.itesting.uz/api/payment/payme/callback
692d8ba2155c805660108b91,RAKAT OSH - LaMenu,"ООО «""RAKAT OSH"" MAS'ULIYATI CHEKLANGAN JAMIYAT»",generic,https://beshqozon.zoomda.uz/backend/payme/
692e76a47d258add38eb47f8,SHAXINA SHIRIN TAOMLARI - La Menu,"ООО «""SHAXINA SHIRIN TAOMLARI"" MChJ»",generic,https://api.lamenu.uz/api/payments/v1/payme
692e86ee155c805660108bf6,ASSOCIATION OF TRADE,"ООО «""ASSOCIATION OF TRADE AND INVESTMENT MANAGEMENT"" MAS'ULIYATI CHEKLANGAN JAMIYAT»",generic,https://kasscoinclub.uz/api/payments/webhook/payme/
692e99d2ad5515422584b422,UzFit,"ООО «""FIT SOFT"" MAS'ULIYATI CHEKLANGAN JAMIYAT»",generic,https://payme.uzfit.uz/payment/json-rpc/payme
692eab7a02940f968bf6e73e,ENDPOINT,ООО «ENDPOINT»,generic,https://api.startpoint.uz/merchant-api/v1/subscription-v1/payme/jsonrpc
692ee0b39b7cdcba1a3eeebe,MEDIHUB,"ООО «""MEDIHUB"" MAS'ULIYATI CHEKLANGAN JAMIYAT»",generic,https://api.exode.biz/api/v2/payment/rpc/acquiring/39bdda9e-740b-4a63-aa7b-b7747c6dcc8e
692ee9c38c3e8e6a4335dc97,Posterly,ЧП «POSTERLY.UZ undefined»,generic,https://still-river-95661-5a9729d2ab3c.herokuapp.com/api/transaction/payme
692fcbe2ee10e8202be53853,HUDUDGAZTA'MINOT,"АО «""PAYNET"" AJ»",paynet-by-payme-e-gaz,https://gw2.paynet.uz:8585/gw/v2/transaction
692fd3539b7cdcba1a3eef17,MILK PACK,"ООО «""MILK PACK"" OILAVIY KORXONA»",generic,https://b.ivend.uz/payme/api/v1/hTdESlrTMbLOvbzgNZNy/rpc
692fe9f88c3e8e6a4335dcfa,ZONTIK SOYABON - ROBOSELL,ЧП «O‘RINOV ERKIN»,generic,https://api.robosell.uz/api/v2/payme/partner
693000cdcf88c7090df9527c,Koinot Catering,ЧП «HAMROYEV ASLBEK»,generic,https://b.ivend.uz/payme/api/v1/FRWa6fnZlw7H2vIZvvBW/rpc
69301379cf88c7090df952a1,Avtotest App,"ООО «""SOFTEX"" MAS'ULIYATI CHEKLANGAN JAMIYAT»",generic,https://service.avtotest.softex.uz/api/v1/subscription/webhook/payme
693018a8cf88c7090df952a6,Gummaxonim Erkin - lacafe,"СП «""VIP FOODS OK"" OILAVIY KORXONA»",generic,https://api.lacafe.uz/api/payments/v1/payme
69301a9202b0836eec719f6e,EasyBooking,АО «АО 'PAYME'»,avia,http://172.17.9.230:8000
693021ab0d59e041eef6fcc5,Miramandi - lacafe,"ООО «""MIRAMANDI FAMILIY RESTAURANT"" MCHJ»",generic,https://api.lacafe.uz/api/payments/v1/payme
6930228e02b0836eec719f7d, GREENLEAF TRADE MARKET ,"ООО «""GREENLEAF TRADE MARKET"" MAS'ULIYATI CHEKLANGAN JAMIYAT»",arca,https://api-qr.uzcard.uz
693076af2854f293194470e9,FINX,"ООО «""SATORI CAPITAL"" MCHJ»",generic,https://finx.uz/api/payme/endpoint
693120af2854f29319447103,Wally AI,"ООО «""MIDASBUY"" MAS'ULIYATI CHEKLANGAN JAMIYAT»",generic,https://wally-api-staging.up.railway.app/api/v1/payme/merchant
69313bdd730d2598297b2550,OCTOBANK,"ООО «""OCTOBANK"" AKSIYADORLIK JAMIYATI»",octobank,https://baas-gw-mvp.prod.tech.octobank.uz/api/payme/nci/v1/api/loan/
69316cab958777a0164f6a03,Shafran,ЧП «LATIFJONOV LAZIZBEK»,generic,https://api.joincentro.uz/api/v1/payments/payme/rollingworld
693184aadcd3e8ba6b2a7980,SINON,"ООО «""S AND Q PRIMEHEALTH"" MAS'ULIYATI CHEKLANGAN JAMIYAT»",generic,https://api.sinon.uz/api/v1/payment/payme/
6932694c3abe63d80b455821,EVOS,ООО «MCHJ MAK FOOD SERVIS»,generic,https://qr.evos.uz/api/payme/callback
69326998cd8ce707a2fe336d,EVOS,ООО «MCHJ MAK FOOD SERVIS»,generic,https://qr.evos.uz/api/payme/callback
693269d7dcd3e8ba6b2a79c1,EVOS,ООО «MCHJ MAK FOOD SERVIS»,generic,https://qr.evos.uz/api/payme/callback
69326a28cd8ce707a2fe336e,EVOS,ООО «MCHJ MAK FOOD SERVIS»,generic,https://qr.evos.uz/api/payme/callback
69326a63dcd3e8ba6b2a79c3,EVOS,ООО «MCHJ MAK FOOD SERVIS»,generic,https://qr.evos.uz/api/payme/callback
69326b40958777a0164f7a6c,EVOS SAMARKAND,"ООО «""NUR CHINORI"" MCHJ»",generic,https://qr.evos.uz/api/payme/callback
6932732ddcd3e8ba6b2a79d7,SAYQAL - DELEVER,"ООО «""GREAT BUKHORO"" MCHJ»",generic,https://payment.api.delever.uz/payme
69327ec63abe63d80b45583c,Bellissimo Karshi IO,ООО «BELLISSIMO PIZZA INTERNATIONAL»,generic,https://pay.bpnet.uz/api/payment/payme
69327f71958777a0164f8168,Bellissimo Yangiobod IO,ООО «BELLISSIMO PIZZA INTERNATIONAL»,generic,https://pay.bpnet.uz/api/payment/payme
69329f943abe63d80b45586c,TELEGRAD,"ООО «""TELEGRAD"" MAS'ULIYATI CHEKLANGAN JAMIYAT»",generic,https://backend.telegrad.uz/v1/payments/webhook/payme
6932ad673abe63d80b455883,BELLISSIMO SAMARKAND REGISTON IO,ООО «BELLISSIMO SAMARKAND MCHJ»,generic,https://pay.bpnet.uz/api/payment/payme
6932c8e7cd8ce707a2fe3409,YOKI YOKI,"ООО «""YOKI YOKI"" MCHJ»",generic,https://sahna.multibot.uz/paycom-new?requisite=yoki_yoki
6932cbcccd8ce707a2fe340f,OLMOS TAXI,"ООО «""DOSTLAR TAXI"" MAS'ULIYATI CHEKLANGAN JAMIYAT»",generic,https://taxipark.ruzimurodov.uz/Payment/Payme/6932cc9868cf5c6516b50288
6932cc9868cf5c6516b50288,TURON TAXI,"ООО «""SHOPPING LINE STORE"" MAS'ULIYATI CHEKLANGAN JAMIYAT»",generic,https://taxipark.ruzimurodov.uz/Payment/Payme/6932cc9868cf5c6516b50288
6932ccf73abe63d80b4558bf,7Saber taxi,"ООО «""7 SABER"" MAS'ULIYATI CHEKLANGAN JAMIYAT»",generic,https://taxipark.ruzimurodov.uz/Payment/Payme/6932cc9868cf5c6516b50288
6932d09468cf5c6516b5028a,KINGPLOV,"ООО «""KINGPLOV NEXT"" MAS'ULIYATI CHEKLANGAN JAMIYAT»",generic,https://backend.kingplovv.uz/api/payment/invoice-payme
6932d15bdcd3e8ba6b2a7a57,WLCM,"ООО «""PAYTECH"" MAS'ULIYATI CHEKLANGAN JAMIYAT»",generic,https://api.wlcm.uz/api/v1/webhooks/payme
6932ea893abe63d80b4558e1,Safir hotel PayConnectBE,"ООО «""GRAND STAR FAYZ SD"" MCHJ»",generic,https://cb-pay.exely.com/Payme/generic/terminals/b4ef57d9-5aa8-4f78-aec9-1c9ff1675979
69334fe0dcd3e8ba6b2a7a93,Team Net Company,ЧП «Team Net Company»,generic,https://teamnet.uz/api/payme
693433c9958777a0164faf7f,Neo,ЧП «RAJABOVA RUXSHONA»,generic,https://69427bd2e0106.myxvest2.ru/Shop/payment/paymeEndpoint
6934504168cf5c6516b50337,Alfa Play,"ООО «""ALFA PLAY"" MAS'ULIYATI CHEKLANGAN JAMIYAT»",generic,https://payments.alfaplay.uz/system/payme
693567bedcd3e8ba6b2a7b14,CapitAI,ЧП «DAVRANOV SHAXBOZ»,generic,https://erglvxmbpozuhmkuridn.supabase.co/functions/v1/payme-merchant
69365a28958777a0164fc4eb,Yangi asr universiteti,НОУ «NTM YANGI ASR UNIVERSITETI»,generic,https://crm.yangiasr.uz/payment/payme
6937b3e9958777a0164fd962,SUSHITANA,ООО «MCHJ DILKASH-SHIRIN-TAOM»,generic,https://api.sushitana.uz/payments/payme
6937b67c958777a0164fda3d,Chigatoy Art Bokserskiy - lacafe,"ООО «""AA-DIRECTION PLUS"" MCHJ»",generic,https://api.lacafe.uz/api/payments/v1/payme
6937ba7acd8ce707a2fe358f,"""23:59"" BARBERSHOP","ООО «""WHITE FLAG"" MAS'ULIYATI CHEKLANGAN JAMIYAT»",arca,https://api-qr.uzcard.uz
6937c314dcd3e8ba6b2a7bb6,DILDOR EXPO CENTER,"ООО «""DILDOR EXPO CENTER"" MAS'ULIYATI CHEKLANGAN JAMIYAT»",generic,https://culturiya-partners.vercel.app/api/payme/webhook
6937c4b3cd8ce707a2fe359c,LISTO MARTY,"ООО «""LISTO MARTY"" MAS'ULIYATI CHEKLANGAN JAMIYAT»",generic,https://api.test.beezz.uz/payment/payme
6937c8ed68cf5c6516b50414,STOCK NEST,"ООО «""STOCK NEST"" MAS`ULIYATI CHEKLANGAN JAMIYAT»",generic,https://api.exode.biz/api/v2/payment/rpc/acquiring/4e0e77c0-729e-4275-a29c-19811aba2b1d
6937d52a68cf5c6516b50432, MUKHAMMADUMAR BIZNES ,"ООО «""MUKHAMMADUMAR BIZNES"" MAS'ULIYATI CHEKLANGAN JAMIYAT»",arca,https://api-qr.uzcard.uz
6937ee5f958777a0164fe4ca,DEVSMS UZ,"ООО «""MYSTAR"" MCHJ»",generic,https://devsms.uz/payme/index.php
6937f08fdcd3e8ba6b2a7c00,MAXIM SERVICE CENTER MAKJAS,"ООО «""MAXIM SERVICE CENTER MAKJAS"" MAS'ULIYATI CHEKLANGAN JAMIYAT»",generic,https://api.billing.maxim.taxbridge.uz/billing/payments/payme
6937ff1d958777a0164fe80d,Fitly AI,ЧП «ABJALILOV DIYORBEK»,generic,https://api.fitly-ai.uz/api/payments/payme
69382e4edcd3e8ba6b2a7c6f,RizaNova Video,ООО «RIZANOVA»,generic,https://service.rizanova.uz/v2/payment/payme-endpoint
69383c3dcd8ce707a2fe364c,GGWP,ЧП «ABDUKARIMOV ABDURAUFXO‘JA DONIYORXO‘JA O‘G‘LI»,generic,https://api-dev.ggwpclub.uz/api/v1/transaction/payme
69391ab5a9789bb6e4e40f50,CENTRAL ASIAN UNIVERSITY,ООО «CENTRAL ASIAN UNIVERSITY»,cau,https://finance.centralasian.uz/cau_billing/hs/payme_mechant/RPC
69391d90dab47de4ada0eacf,EUROASIA INSURANCE,"ООО «""EUROASIA INSURANCE"" AJ»",generic,https://eai-backend-staging.up.railway.app/billing/payme
69391dc6a9789bb6e4e40f5a,EUROASIA INSURANCE,"ООО «""EUROASIA INSURANCE"" AJ»",generic,https://test.uz/
693935aea9789bb6e4e40f67,Balandda Chimgan PayConnectBE,"СП «""BALANDDA CHIMGAN"" OILAVIY KORXONA»",generic,https://cb-pay.exely.com/Payme/generic/terminals/724b24ec-8b74-4136-8299-659c3f22ddcd
693936bda9789bb6e4e40f68,TIBBIYOT-DUNYOSI,ООО «TIBBIYOT DUNYOSI»,arca,https://api-qr.uzcard.uz
693936e8dab47de4ada0eaea,TIBBIYOT-DUNYOSI,ООО «TIBBIYOT DUNYOSI»,arca,https://api-qr.uzcard.uz
6939370a5c1f8a6f790d9862,TIBBIYOT-DUNYOSI,ООО «TIBBIYOT DUNYOSI»,arca,https://api-qr.uzcard.uz
6939372f5c1f8a6f790d9863,TIBBIYOT-DUNYOSI,ООО «TIBBIYOT DUNYOSI»,arca,https://api-qr.uzcard.uz
69393748a9789bb6e4e40f6b,TIBBIYOT-DUNYOSI,ООО «TIBBIYOT DUNYOSI»,arca,https://api-qr.uzcard.uz
6939378906dc3210cdcab0a4,TIBBIYOT-DUNYOSI,ООО «TIBBIYOT DUNYOSI»,arca,https://api-qr.uzcard.uz
693937a05c1f8a6f790d9865,TIBBIYOT-DUNYOSI,ООО «TIBBIYOT DUNYOSI»,arca,https://api-qr.uzcard.uz
6939387ac5e2a5eb1248cbcb,Sahid Zarafshon PayConnectBE,"ООО «""DEVEL  ECO  GROUP"" MAS'ULIYATI CHEKLANGAN JAMIYAT»",generic,https://cb-pay.exely.com/Payme/generic/terminals/8aabca33-8fd3-4db0-ab49-cb642b45446a
693938b2a9789bb6e4e40f6e,TIBBIYOT-DUNYOSI,ООО «TIBBIYOT DUNYOSI»,arca,https://api-qr.uzcard.uz
69393c235c1f8a6f790d9870,YaponaMama Янгиюль - Delever,"ООО «""OG-B"" MCHJ»",generic,https://payment.api.delever.uz/payme
6939423dc5e2a5eb1248cd96,ЧУСТ БОЗОРИ,"ООО «""CHUST SHAHAR DEHQON BOZORI"" MAS'ULIYATI CHEKLANGAN JAMIYAT»",generic,https://payment.webhook.aqllibozor.uz/api/transaction/payme/6939423dc5e2a5eb1248cd96
69395803a9789bb6e4e40fac,VAKIL GROUP,"ООО «""VAKIL GROUP"" MCHJ»",alivewater,https://mobile.api.alivewater.online
69395ee6c5e2a5eb1248d48e,ALLTEN,ООО «ALLTEN»,generic,https://playmatch.uz/api/donations/payme.php
693963485c1f8a6f790d98bc,YASMINA PHARM,"ООО «""YASMINA PHARM 777"" MAS'ULIYATI CHEKLANGAN JAMIYAT»",arca,https://api-qr.uzcard.uz
69396984a9789bb6e4e40fd5,FONUS KIDS,"ООО «""FONUSKIDS"" MAS'ULIYATI CHEKLANGAN JAMIYAT»",generic,https://api.fonuskids.uz/api/payment/payme
693a6ca006dc3210cdcab17f,UNITECH GROUP BUSINESS,"ООО «""UNITECH GROUP BUSINES"" MAS'ULIYATI CHEKLANGAN JAMIYAT»",generic,https://expense-bot.mrdev.uz/api/payment/webhooks/payme/
693a75435c1f8a6f790d993f,BRONLA AGENCY,ЧП «OTAQULOV SHOXZOD»,generic,https://bronla.uz/payments/merchant/final/
693a9454dab47de4ada0ebeb,TheCup Imomov,ЧП «IMOMOV OYBEK»,generic,https://b.ivend.uz/payme/api/v1/VB5CF2vWP7h0HRHzkyKF/rpc
693aa803dab47de4ada0ec01,SomsaManti - Delever,"ООО «""USMAN SALES"" MAS'ULIYATI CHEKLANGAN JAMIYAT»",generic,https://payment.api.delever.uz/payme
693ab0d0c5e2a5eb1248f3eb,Zamin,ООО «ALLTEN»,generic,https://api.zamin.uz/payment/payme/callback.php
693ab6cfdab47de4ada0ec27,GRACIA С1 - DELEVER,"ООО «""GRACIA-KAFE"" MCHJ»",generic,https://payment.api.delever.uz/payme
693ac6495c1f8a6f790d99ee,Nebesa Boutique Hotel PayConnectBE,"ООО «""NEBESA BOUTIQUE HOTEL"" MAS'ULIYATI CHEKLANGAN JAMIYAT»",generic,https://cb-pay.exely.com/Payme/generic/terminals/76916b6e-5758-45e5-81c5-3d9dc344c23d
693b277006dc3210cdcab23d,LimonSMM,ЧП «YAXSHIMURODOV SUNNATULLA»,generic,https://limonsmm.uz/payme/merchant.php
693bb0e7c5e2a5eb1249052c,MYSCORE,"СП «""MYSCORE"" OILAVIY KORXONA»",generic,https://ofmknwmhinhamckysbql.supabase.co/functions/v1/payme-merchant-callback
693bbc885c1f8a6f790d9a39,Aurora Delivery,"ООО «""AURORA SOFTWARE"" MAS'ULIYATI CHEKLANGAN JAMIYAT»",generic,https://0f245741a580.ngrok-free.app/api/v1/payment/update/
693bebb7c5e2a5eb12490f6c,ANA-MANA,"ООО «""ANA-MANA"" MAS'ULIYATI CHEKLANGAN JAMIYAT»",generic,https://api.manakids.uz/rpc/
693bf45a06dc3210cdcab2a9,ELEKTRON MONITORING ООО,"ООО «""ELEKTRON MONITORING"" MAS'ULIYATI CHEKLANGAN JAMIYAT»",generic,https://api.e-monitoring.uz/api/payment/paycom/process
693c026f5c1f8a6f790d9a90,ANTIPLAGIAT,"ООО «""ANTIPLAGIAT"" MCHJ»",generic,https://payments.plagiat.pl/payme
693f9e1b5c1f8a6f790d9c05,IMKON TOP,"ООО «""IMKONTOP"" MCHJ»",generic,https://imkontop.uz/api/v1/payme
693fa46e06dc3210cdcab44d,SERVERPLUS,"ООО «""SERVERPLUS"" MCHJ»",generic,https://pgw.serverplus.uz/payme
693fa56006dc3210cdcab44e,TELECOM GRUPP,"ООО «""TELECOM GRUPP"" MAS'ULIYATI CHEKLANGAN JAMIYAT»",generic,https://b.ivend.uz/payme/api/v1/xUWwGcvH29oTGOkkgged/rpc
693fb1d3c5e2a5eb124952c3,ZIPP TAXI,"ООО «""ZIPP GLOBAL"" MAS'ULIYATI CHEKLANGAN JAMIYAT»",generic,https://api.zipp.uz/payment/payme
693fb805c5e2a5eb12495433,TOMU,"ООО «""TOMU"" MAS'ULIYATI CHEKLANGAN JAMIYAT»",generic,https://tomubackend.tomu.uz/api/transactions/payme
693fccf4a9789bb6e4e41361,JSoft HelpLab,ЧП «BAYAZITOV RINAT»,generic,https://api.helplab.jsoft.su/api/v1/webhook/payme
693fcd525c1f8a6f790d9c5c,Kamolon Milliy Taomlari LaCafe,"ООО «""TEXNO-SANOAT"" MCHJ»",generic,https://api.lacafe.uz/api/payments/v1/payme
693fcdabc5e2a5eb12495758,Hayot akademiyasi ,ООО «GIZA LUMINA»,generic,https://giza-marathon.devora.uz/api/v1/payme
693fcf31c5e2a5eb12495794,Safia Атлас ТЦ (E-com),"ООО «""MADINA-QANDOLAT"" MCHJ»",generic,https://payme.safiadelivery.com/?resid=216d8d27-a185-43be-ba4a-0f48bb06bbd6
693fcfa65c1f8a6f790d9c5e,Safia Алпамыш (E-com),"ООО «""MADINA-QANDOLAT"" MCHJ»",generic,https://payme.safiadelivery.com/?resid=c14eadc6-abe4-460c-99b4-1c628ae338cd
693fd400a9789bb6e4e41370,THINKING APPS,"ООО «""THINKING APPS"" MAS'ULIYATI CHEKLANGAN JAMIYAT»",generic,https://evonote.app/payme/callback
693fe353a9789bb6e4e41391,PRETEST INSIDE,"ООО «""PRETEST INSIDE"" MAS'ULIYATI CHEKLANGAN JAMIYAT»",generic,https://api.pre-test.uz/api/v1/payments/payme/callback/
693ff11ea9789bb6e4e413b6,DOLCETTA,"ООО «""DOLCETTA"" MAS'ULIYATI CHEKLANGAN JAMIYAT»",generic,https://payment.api.delever.uz/payme
69400e0206dc3210cdcab539,IMMUNO C - ТАХТАПУЛЬ,ООО «TIBBIYOT DUNYOSI»,arca,https://api-qr.uzcard.uz
694010bba9789bb6e4e41407,Uzbekona,"ООО «""U-ZBEKONA"" MAS'ULIYATI CHEKLANGAN JAMIYAT»",generic,https://payment.api.delever.uz/payme
6940f5c706dc3210cdcab584,"ООО ""AMIR KAPITAL LYUKS""","ООО «""AMIR KAPITAL LYUKS"" MAS'ULIYATI CHEKLANGAN JAMIYAT»",generic,http://176.96.241.199:3030/payme_bot/men
694106c2c5e2a5eb124976e2,Cardinar Operator office ,"ООО «""CARVENZA"" MAS'ULIYATI CHEKLANGAN JAMIYAT»",arca,https://api-qr.uzcard.uz
694126efa9789bb6e4e4147e,BEK BARAKA,"ООО «""BEK BARAKA IXTISOSLASHGAN SAVDO KOMPLEKSI"" MAS`ULIYATI CHEKLANGAN JAMIYAT»",generic,https://api-edo.bek-baraka.uz/api/v1/payments/payme/webhook/
69412dde06dc3210cdcab5db,MILLIY MALAKA TIZIMINI RIVOJLANTIRISH INSTITUTI,"ГУП «""MILLIY MALAKA TIZIMINI RIVOJLANTIRISH INSTITUTI"" DM»",generic,https://api.uznqf.uz/billing/v1/HandleTransaction
6941534c06dc3210cdcab638,Edu,"ООО «""ILMTECH"" MAS'ULIYATI CHEKLANGAN JAMIYAT»",generic,https://dental.api.ilmtech.uz/api/payment/payme
6941534ea9789bb6e4e414d0,BEEZZ,"ООО «""LISTO MARTY"" MAS'ULIYATI CHEKLANGAN JAMIYAT»",generic,https://api.beezz.uz/payment/payme
694158efdab47de4ada0f04f,МИДАСБАЙ,"ООО «""MIDASBUY"" MAS'ULIYATI CHEKLANGAN JAMIYAT»",generic,https://dabir-api-410222146066.europe-west1.run.app/api/v1/payme
69415907c5e2a5eb124986cd,EXPERTPRO,"ООО «""EXPERTPRO"" MAS'ULIYATI CHEKLANGAN JAMIYAT»",generic,https://icustoms.uz:5005/Transaction
694171b7c5e2a5eb124989de,test2,ЧП «ISMOILOV HAYOTBEK»,generic,https://api.legalprotection.uz/payments/payme/
69424c8c06dc3210cdcab690,NEO SOLUTION Mikromoliya Tashkiloti,"ООО «""NEO SOLUTION MIKROMOLIYA TASHKILOTI"" MAS'ULIYATI CHEKLANGAN JAMIYAT»",generic,https://admin.variant.uz/api/merchant
6942504dc5e2a5eb12499898,BEAUTY HOLDING,"ООО «""BEAUTY HOLDING"" MAS'ULIYATI CHEKLANGAN JAMIYAT»",generic,https://ma-admin.idrok.group/api/pay/payme/
6942591c06dc3210cdcab69d,RABBI UL MARXAMAT,"ООО «""RABBI UL MARXAMAT"" XUSUSIY KORXONA»",arca,https://api-qr.uzcard.uz
694288ec5c1f8a6f790d9e8f,VITABLOOM,"ООО «""VITABLOOM TRADE"" MAS'ULIYATI CHEKLANGAN JAMIYAT»",arca,https://api-qr.uzcard.uz
6943840e06dc3210cdcab763,GAS TREDING,"ООО «ООО ""GAS TREDING""»",arca,https://api-qr.uzcard.uz
69438455dab47de4ada0f178,GAS TREDING,"ООО «ООО ""GAS TREDING""»",arca,https://api-qr.uzcard.uz
69439d3d06dc3210cdcab78a,НАВКАР,"ООО «""UNIVERSE CHAIN"" MAS'ULIYATI CHEKLANGAN JAMIYAT»",generic,https://api.navkor.uz/payme
6943a313c5e2a5eb1249b886,Doner Bey - lacafe,"ООО «""CATERING GARANT"" MAS'ULIYATI CHEKLANGAN JAMIYAT»",generic,https://api.lacafe.uz/api/payments/v1/payme
6943a40ddab47de4ada0f1aa,G&X Sergeli Yarmarka - lacafe,"СП «""VIP FOODS OK"" OILAVIY KORXONA»",generic,https://api.lacafe.uz/api/payments/v1/payme
6943a4bdc5e2a5eb1249b9f1," ""Pravaolamiz.uz"" ",ЧП «SHUKURJONOV ASLIDDIN»,generic,https://api.pravaolamiz.uz/api/v1/payment/payme
6943abc3c5e2a5eb1249bc12,TEXNOSTARS,"ООО «""ZAR LIVE TEXNOSTARS"" MCHJ»",generic,https://go.texnocrm.uz/billing/paycom/merchant/
6943b19f06dc3210cdcab7b1,"ООО ""QUANTUM LABS""","ООО «""QUANTUM LABS"" MAS'ULIYATI CHEKLANGAN JAMIYAT»",generic,https://api.pravaa.uz/api/payments/callback/payme
6943b31adab47de4ada0f1bc,POULTRY AND ANIMAL TECHNOLOGY,"ООО «""POULTRY AND ANIMAL TECHNOLOGY"" MAS'ULIYATI CHEKLANGAN JAMIYAT»",arca,https://api-qr.uzcard.uz
6943ca57a9aa742a2ca0739d,SAFA GLOBAL,ООО «SAFA GLOBAL»,generic,https://api.globalsafa.com/api/webhook/payme
6943cc3d2a48785b7b9d6cc2,VAKIL GROUP,"ООО «""VAKIL GROUP"" MCHJ»",alivewater,https://mobile.api.alivewater.online
6943cc542a48785b7b9d6cc9,VAKIL GROUP,"ООО «""VAKIL GROUP"" MCHJ»",alivewater,https://mobile.api.alivewater.online
6943cc6de65b5d52aed386a3,VAKIL GROUP,"ООО «""VAKIL GROUP"" MCHJ»",alivewater,https://mobile.api.alivewater.online
6943cca2e65b5d52aed386a4,VAKIL GROUP,"ООО «""VAKIL GROUP"" MCHJ»",alivewater,https://mobile.api.alivewater.online
6943d065a9aa742a2ca073ac,Baked Art - lacafe,ЧП «SHOKIROVA NIGORA»,generic,https://api.lacafe.uz/api/payments/v1/payme
6943d3132a48785b7b9d6dd4,VAKIL GROUP,"ООО «""VAKIL GROUP"" MCHJ»",alivewater,https://mobile.api.alivewater.online
6943d3f0681d2619a22d8f76,VAKIL GROUP,"ООО «""VAKIL GROUP"" MCHJ»",alivewater,https://mobile.api.alivewater.online
6943e467a0dfea389b98a95d,ООО LIDERPOLE,"ООО «""LIDERPOLE"" MCHJ»",generic,https://backend-flask-mini-app-production.up.railway.app/api/payme
6943e6e72a48785b7b9d7182,"ООО ""RATE""","ООО «""RATE"" MAS'ULIYATI CHEKLANGAN JAMIYAT»",generic,https://app-api.adam.uz/api/v1/payments/payme/webhook/
6943e9d0681d2619a22d8fa5,Durdona hotel PayConnectBE,"ООО «""SARPO"" OILAVIY KORXONA»",generic,https://cb-pay.exely.com/Payme/generic/terminals/b77d29bd-e0f6-4352-875c-637210ba4d05
6943ed30e65b5d52aed386cd,JAMILOV ABROR MAJID O‘G‘LI,ЧП «JAMILOV ABROR»,generic,https://b.ivend.uz/payme/api/v1/d1zhQr0JazmPtMV3L6sF/rpc
6943fd96744d20286701b668,APEXPIZZA,"ООО «ООО ""DASTARHAN GROUP""»",generic,https://api.apexpizza.uz/api/payment/transactions/
694404f3744d20286701b672,NASIBA SAID - lacafe,"ООО «""NASIBA-SAID"" MAS'ULIYATI CHEKLANGAN JAMIYAT»",generic,https://api.lacafe.uz/api/payments/v1/payme
6944cf692464d87b32703649,AI Business Assistant (AIBA),"ООО «""ARTIFICIAL INTELLIGENCE BUSINESS ASSISTANT"" MAS'ULIYATI CHEKLANGAN JAMIYAT»",generic,https://subs.aiba.uz/api/v1/payme/
6944dd3d7888df1661217495,SHARQTRAVEL,"ООО «""NEW WAY TRAVEL AND CONSULTING"" MAS'ULIYATI CHEKLANGAN JAMIYAT»",generic,https://edu.net.uz/api/payme.php
6944e1657888df16612174a1,Edumanzil,"ООО «""SPECTRUMLABTECH"" MAS'ULIYATI CHEKLANGAN JAMIYAT»",generic,https://admin.edumanzil.uz/handle/payme
69451c0d7888df16612174e4,BIZKIM,"ООО «""BIZKIM"" MAS'ULIYATI CHEKLANGAN JAMIYAT QO`SHMA KORXONA»",generic,https://backend.bizkim.uz/api/paycom/webhook
69453478aaadbbcb4d65eca7,"""DIGITAL SELF TECHNOLOGIES"" MCHJ","ООО «""DIGITAL SELF TECHNOLOGIES"" MAS'ULIYATI CHEKLANGAN JAMIYAT»",generic,https://admin.smartservices.uz/api/payments/payme/callback
69454887744d20286701b732,PARALLEL MUHIT,"ООО «""PARALLEL MUHIT"" MCHJ»",generic,https://api.idealproject.uz/payment/payme
69454dd1656e7b8e815da033,YUSTEX,"ООО «""YUSTEX"" MAS'ULIYATI CHEKLANGAN JAMIYAT»",generic,https://libertywear.uz/api/payme/merchant
694553a27888df1661217557,Kasbly,ЧП «SADULLAYEV JASUR»,generic,https://api.exode.biz/api/v2/payment/rpc/acquiring/3889bd21-6ba6-4969-b25f-c35d06d72e32
6946343a2464d87b32703730,ARCHAZOR Офис продаж,ООО «BESH-YOG OCH XK»,generic,https://archazor.com/api/webhooks/payme
694650ab744d20286701b786,IT Education Association,ННО «IT TA`LIM UYUSHMASI»,generic,https://admin.it-ea.uz/api/pay-me
6948e62d57f2813317bbc7ef,Yotoqxona,ГУП «MTT DM QAYTA TAYYORLASH VA ULARNING MALAKASINI OSHIRISH INSTITUTI»,generic,https://ttj.mdomoi.uz/payme/callback
6948f1fa5f90d270e0003b7a,FORMULA SCHOOL,"ООО «""FORMULA SCHOOL"" MAS'ULIYATI CHEKLANGAN JAMIYAT»",generic,https://api.exode.biz/api/v2/payment/rpc/acquiring/133b540a-fcff-4ab6-8891-72d5f59583af
6948f686db09cf1d6cf977d3,Esimeta,"ООО «""ESIMETA"" MAS'ULIYATI CHEKLANGAN JAMIYAT»",generic,https://esimeta.com/api/payment/payme/merchant
694918891b5a9a5c5eda14c2,TEST,"ООО «""YAGONA INTEGRATOR-UZINFOCOM"" MCHJ»",generic,https://api.uhamkor.uz/api/v1/payments/payme/callback
69491a591b5a9a5c5eda14c9,"ООО ""KOTIB ANALYTICS""","ООО «""KOTIB ANALYTICS"" MAS'ULIYATI CHEKLANGAN JAMIYAT»",generic,https://business.kotib.ai/api/v1/payment/payme/callback
69491c1e5f90d270e0003be1,Movarounnahr Hotel PayConnectBE,ЧП «MUMINOV DILMUROD»,generic,https://cb-pay.exely.com/Payme/generic/terminals/68981c63-0e18-4189-a4bd-b9ac165c3729
69491dcd1b5a9a5c5eda14dc,SOTSIALS,"ООО «""SOTSIALS"" MAS`ULIYATI CHEKLANGAN JAMIYAT»",generic,https://socials.zoomda.uz/backend/payme/
69491e9a30511f18816ddec4,SOCIAL ALPOMISH,"ООО «""SOCIAL ALPOMISH"" MCHJ»",generic,https://socials.zoomda.uz/backend/payme/
694921201b5a9a5c5eda14df,DRESS CODE,"ООО «""DRESS CODE"" MAS'ULIYATI CHEKLANGAN JAMIYAT»",generic,https://psapi.megagroup.ru/accounts/112160/notify
69492998db09cf1d6cf98372,TURKISH DONER KEBAB - lamenu,"ООО «ООО ""TURKISH DONER KEBAB""»",generic,https://api.lacafe.uz/api/payments/v1/payme
6949444c30511f18816ddef7,FENOR QURILISH MOLLARI,"ООО «""SH-AXROROVICH NUR"" MAS`ULIYATI CHEKLANGAN JAMIYAT»",arca,https://api-qr.uzcard.uz
694946ce57f2813317bbc891,ZGZ FOOD,"ООО «""ZGZ111"" MAS'ULIYATI CHEKLANGAN JAMIYAT»",generic,https://api.zgz111.uz/payme
6949499457f2813317bbc899,PARKERS GOOD FOOD,"ООО «""PARKERS GOOD FOOD"" MAS`ULIYATI CHEKLANGAN JAMIYAT»",generic,https://socials.zoomda.uz/backend/payme/
69494bb630511f18816ddf00,GRAND CROSS MEDICAL,ООО «GRAND CROSS MEDICAL»,arca,https://api-qr.uzcard.uz
694950531b5a9a5c5eda151a,YAQINTV,"ООО «""YAQINTV"" MAS'ULIYATI CHEKLANGAN JAMIYAT»",generic,https://api.yaqin.tv/api/webhooks/payme/
69496a1557f2813317bbc8ac,PayX,"ООО «""MYIT"" XUSUSIY KORXONA»",generic,https://backend.payx.uz/api/payments/payme
69498cc25f90d270e0003c39,Redream,"ООО «""REDREAM PROPTECH"" MAS'ULIYATI CHEKLANGAN JAMIYAT»",generic,https://api-crm.redream.uz/billing/providers/%7Bprovider%7D/webhook/
694a411d30511f18816ddf45,Texnokross,"ООО «""MAFTUNA FERUZ"" MAS'ULIYATI CHEKLANGAN JAMIYAT»",generic,https://texnokross.uz/payme-site
694a4394db09cf1d6cf99958,“OPEN BANK” AKSIYADORLIK JAMIYATI,АО «“OPEN BANK” AKSIYADORLIK JAMIYATI»,openbank,https://app.smartbank.uz/retail/smartpay-ext/repayments
694a482357f2813317bbc8f5,ART PRO MAGIC,"ООО «""ART PRO MAGIC"" MAS'ULIYATI CHEKLANGAN JAMIYAT»",generic,https://exabit.backend.xalqlardostligi-ticket.uz/api/transactions/payme
694a654c5f90d270e0003caa,SUPER GLASS_Lamenu,"ООО «ООО ""SUPER GLASS FURNITURE""»",generic,https://api.lamenu.uz/api/payments/v1/payme
694a6c931b5a9a5c5eda15a9,Единый QR,АО «АО 'PAYME'»,munis-tbc-qronline,http://10.100.115.73/api
694b8075a75893b92bcbe745,GASBOX,"ООО «""GASBOX"" MAS'ULIYATI CHEKLANGAN JAMIYAT»",generic,https://api.gas-box.uz/payments/payme/merchant
694b8d125e5e2ee72acc94af,PARDABOYEV SAIDAKBAR ZOKIRJON O'G'LI,ЧП «PARDABOYEV SAIDAKBAR»,generic,https://salom-premium.saidakbar-origin.uz/payme
694b8d241922c3549c14535a,ООО «FINCOM INVEST»,"ООО «""FINCOM INVEST MIKROMOLIYA TASHKILOTI"" MAS'ULIYATI CHEKLANGAN JAMIYAT»",generic,https://mfo150.flexpul.uz/public/payme/payments
694bb6385e5e2ee72acc94dc,SamRemBit,ЧП «NURILLOYEV BAXTIYOR»,generic,https://samrembit.magicstore.ai/handle/payme/9cc75665-c433-43f4-9716-6ae16c404ae5
694bca831922c3549c1453ad,ALLFOODS,ЧП «SAFAYEVA NARGIZA»,generic,https://pay.allfoods.uz/api/payments/payme-webhook
694bcb81ccaf6835002a6c01,Bunyodkor,"ООО «""FK BUNYODKOR"" MAS'ULIYATI CHEKLANGAN JAMIYAT»",generic,https://bunyodkor.api.cims.cognilabs.org/payme/payment
694ccfee1922c3549c1453f8,SadIso Company,ЧП «MAMADALIYEV JAVOHIR»,generic,https://sadiso.uz/ai/webhook/payme
694cd76b129dca1effbfd3ea,Gilded Key Academy,"НОУ «""GILDED KEY ACADEMY"" NTM»",generic,https://api.exode.biz/api/v2/payment/rpc/acquiring/1c0e24a5-40c0-45bb-81a8-2c1259c2a2c9
694ce0685e5e2ee72acc9593,BOFANDA ARALASH MOLLARI,"ООО «""BOFANDA ARALASH MOLLARI"" MAS'ULIYATI CHEKLANGAN JAMIYAT»",generic,https://payment.webhook.aqllibozor.uz/api/transaction/payme/694ce0685e5e2ee72acc9593
694cfe09129dca1effbfd41a,REDREAM PROPTECH,"ООО «""REDREAM PROPTECH"" MAS'ULIYATI CHEKLANGAN JAMIYAT»",generic,https://api-crm.redream.uz/billing/payme/webhook/
694d03b2ccaf6835002a6cab,AMIRTECH ООО,"ООО «""AMIRTECH"" MAS'ULIYATI CHEKLANGAN JAMIYAT»",generic,https://exclusiveclean.uz/wc-api/wc_gateway_payme
694d08e9ccaf6835002a6cae,BUYUK ISTANBUL,"ООО «""BUYUK ISTAMBUL TAOMLARI"" MCHJ»",generic,https://payment.api.delever.uz/payme
694d0ef25e5e2ee72acc95b8,KARIMBEK-LAZZAT,"ООО «""KARIMBEK-LAZZAT"" MAS'ULIYATI CHEKLANGAN JAMIYAT»",generic,https://api.lamenu.uz/api/payments/v1/payme
694d277fccaf6835002a6ce8,DILDUR AAA ,"ООО «""DILDUR AAA"" MAS'ULIYATI CHEKLANGAN JAMIYAT»",arca,https://api-qr.uzcard.uz
694d2a60ccaf6835002a6ced,Namo,ООО «MCHJ GORGEOUS PARTNERS»,generic,https://wallet.namo.uz/api/payments/payme/2
694d3ececcaf6835002a6d0c,Stabil,"ООО «""STABIL"" MAS'ULIYATI CHEKLANGAN JAMIYAT»",arca,https://api-qr.uzcard.uz
694d3ee73fdb81100b9b4ba5,Stabil,"ООО «""STABIL"" MAS'ULIYATI CHEKLANGAN JAMIYAT»",arca,https://api-qr.uzcard.uz
694d3fa03fdb81100b9b4bcc,YAQINTV,"ООО «""YAQINTV"" MAS'ULIYATI CHEKLANGAN JAMIYAT»",generic,https://wallet.api.yaqin.tv/payments/payme/webhook/
694e1a071922c3549c1454c3,ALGORITMPIZZA,"ООО «""ALGORITMPIZZA"" MCHJ»",generic,https://api.apexpizza.uz/api/payment/transactions/
694e5aa6129dca1effbfd4f6,chickfish - LaMenu,"СП «""KHONDAMIROVS DREAMS"" OK»",generic,https://api.lacafe.uz/api/payments/v1/payme
694e640accaf6835002a6da3,YATT Nodirbek Xajiyev,ЧП «XAJIYEV NODIRBEK»,generic,https://api.viomobile.uz/api/v1/payment/payme
694e6e73ccaf6835002a6db6,Sofiya hotel PayConnectBE,"СП «""OLTIN TEPA IFORI"" OILAVIY KORXONA»",generic,https://cb-pay.exely.com/Payme/generic/terminals/5085a6bd-cb8f-49a6-b2bd-f461fea68316
694e7e121922c3549c14555f,Max Way,"ООО «""MAXWAY FOOD"" MCHJ»",generic,https://payment.api.delever.uz/payme
694e7e29ccaf6835002a6dda,XUMO EXPORT BEST,"ООО «""XUMO EXPORT BEST"" MCHJ»",generic,https://114-29-236-86.cloud-xip.com/api/payme
694e8f36129dca1effbfd550,SEBTECH,"ООО «""SEBTECH"" MAS'ULIYATI CHEKLANGAN JAMIYAT»",generic,https://sebmarket.uz/api/payments/payme/callback/
694e8fe7ccaf6835002a6df5,OOO SAFE WORKING,"ООО «""SAFE WORKING"" MAS'ULIYATI CHEKLANGAN JAMIYAT»",generic,https://api.safeworking.uz/api/transactions/payment
69510c7b3fdb81100b9b91c3,housekeer sayt,"ООО «""CREATIVE SOLUTION TEAM"" MCHJ»",generic,https://admin.housekeepers.uz/callback/payment/payme
69520f77129dca1effbfd65c,NEXT DEVELOPERS TEAM,"ООО «""NEXT DEVELOPERS TEAM"" MAS'ULIYATI CHEKLANGAN JAMIYAT»",generic,https://cdn.prepdrive.uz/api/payme/merchant
695216671922c3549c145669,APOLLIX ENERGY TECHNOLOGY ООО,"ООО «""APOLLIX ENERGY TECHNOLOGY"" MAS'ULIYATI CHEKLANGAN JAMIYAT XORIJIY KORXONA»",generic,https://apollix.uicgroup.tech/api/v1/payment/payme/
695220ce5e5e2ee72acc97f4,PIMS,"ООО «""AZUI"" MAS'ULIYATI CHEKLANGAN JAMIYAT»",generic,https://back.directpay.uz/api/v1/payment/payme/webhook
69522d6f5e5e2ee72acc9816,COFFEE AND ROASTERY,"ООО «ООО ""COFFEE ROASTERY GROUP""»",generic,https://server.cataleya.uz/api/payme
695236c41922c3549c1456a1,ABDULLAYEV NURILLO HAYRULLA O‘G‘LI,ЧП «ABDULLAYEV NURILLO»,generic,https://beautylish.magicstore.ai/handle/payme/5e6f0a42-1087-4ecf-98e7-f221e7ac46b1
69524327ccaf6835002a6f4c,Viva Hotel PayConnectBE,"ООО «""ELITE CONTINENTALE"" MAS'ULIYATI CHEKLANGAN JAMIYAT»",generic,https://cb-pay.exely.com/Payme/generic/terminals/64acddc3-f100-4140-834c-6ee5ac6c7a55
6952587cccaf6835002a6f74,URBAN NOOK SOLUTIONS,"ООО «""URBAN NOOK SOLUTIONS"" MAS'ULIYATI CHEKLANGAN JAMIYAT»",generic,https://bot.kabinka.uz/payme
69525dc0ccaf6835002a6f80,ХИЛОЛ ПАРФЮМ,"ООО «""HILOL PARFUM NAVOIY"" MAS'ULIYATI CHEKLANGAN JAMIYAT»",arca,https://api-qr.uzcard.uz
695260511922c3549c1456ee,Topqir,"ООО «""THE FINLEX"" MAS'ULIYATI CHEKLANGAN JAMIYAT»",generic,https://topqir.uz/api/payments/payme/callback/
695269a21922c3549c145702,QOBILJONOV AHMADJON MUZAFFAR O‘G‘LI,ЧП «QOBILJONOV AHMADJON»,generic,https://probots.uz/Lifecompassuz/payments/payme.php
69527a1e3fdb81100b9bb6ca,Fanur Education,"ООО «ООО ""THE FANUR GROUP""»",generic,https://fanur.asliddin.me/api/payme
6953726b5e5e2ee72acc9900,LAVROV GEORGIY ALEKSEYEVICH,ЧП «LAVROV GEORGIY»,generic,https://nova.ddmedia.uz/api/v1/payme/merchant
695374f43fdb81100b9bcaa8,NURAFSHON AUTO ZONE,"ООО «""NURAFSHON AUTO ZONE"" MAS'ULIYATI CHEKLANGAN JAMIYAT»",generic,https://motors.itpoint.uz/payment/payme/
6953a5a5129dca1effbfd7ab,Bellissimo Angren IO,ООО «BELLISSIMO PIZZA INTERNATIONAL»,generic,https://pay.bpnet.uz/api/payment/payme
6953a649129dca1effbfd7ac,Bellisimo Farxadskiy IO,ООО «BELLISSIMO PIZZA INTERNATIONAL»,generic,https://pay.bpnet.uz/api/payment/payme
6953a6e5ccaf6835002a7048,Bellissimo Next IO,ООО «BELLISSIMO PIZZA INTERNATIONAL»,generic,https://pay.bpnet.uz/api/payment/payme
6953a745ccaf6835002a7049,Bellissimo City Park IO,ООО «BELLISSIMO PIZZA INTERNATIONAL»,generic,https://pay.bpnet.uz/api/payment/payme
6953a7ad5e5e2ee72acc9941,Bellissimo Magaplanet IO,ООО «BELLISSIMO PIZZA INTERNATIONAL»,generic,https://pay.bpnet.uz/api/payment/payme
6953a818ccaf6835002a704a,Bellissimo Fargona-2 IO,ООО «BELLISSIMO PIZZA INTERNATIONAL»,generic,https://pay.bpnet.uz/api/payment/payme
6953a97dccaf6835002a704f,Bellissimo Fargona-3  IO,ООО «BELLISSIMO PIZZA INTERNATIONAL»,generic,https://pay.bpnet.uz/api/payment/payme
6953c131ccaf6835002a705b,AIRNET.uz,ООО «AIRNET»,generic,https://billing.airnet.uz/payme_api.php
69549206ccaf6835002a7087,Edubaza.uz,"ООО «ООО ""INTEGER""»",generic,https://edubaza.uz/api/payment/payme/callback
6957e5b2ccaf6835002a712f,Avtoport,"ООО «""AVTOPORT"" MAS'ULIYATI CHEKLANGAN JAMIYAT»",generic,https://api.avtoportuz.uz/payme/pay
695921f03fdb81100b9c0ee8,BMB2B Billing,ЧП «XAYRIDDINOV SALOXIDDIN»,generic,https://webhooktg.luxpods.site/api/paycom/
695b5626ccaf6835002a71e9,Arboss Гвардеский 003,"ООО «""STROY DOMIK"" MCHJ»",arca,https://api-qr.uzcard.uz
695b6a111922c3549c145959,BEK OSIYO LaMenu,"ООО «""SOFIYA OSIYO SAVDO"" MCHJ»",generic,https://api.lamenu.uz/api/payments/v1/payme
695b99ce5e5e2ee72acc9b37,TURON ODOB ILM,"ООО «""TURON ODOB ILM"" MAS'ULIYATI CHEKLANGAN JAMIYAT»",generic,https://turon-odob-ilm-maktab.uz/api/payme
695ba4f53fdb81100b9c3687,"Школа олимпиадной математики ""Плюс-минус""",ЧП «NELYUBIN ALEKSANDR»,generic,https://api.soholms.com/callback/payCom/notify
695bc059129dca1effbfd9cb,Bellissimo Chilonzor IO,ООО «BELLISSIMO PIZZA INTERNATIONAL»,generic,https://pay.bpnet.uz/api/payment/payme
695cb1f3129dca1effbfda24,FINANCE AND FAMILY,"ООО «""FINANCE AND FAMILY"" MAS`ULIYATI CHEKLANGAN JAMIYAT»",generic,http://213.230.110.176:9595/api/payme
695cb6d43fdb81100b9cba40,INNOVACIO GROUP,"ООО «""INNOVACIO GROUP"" MCHJ»",generic,https://onetrip.uz/api/payments/payme
695cd0413fdb81100b9cbed5,Masdar Hotel PayConnectBE,"ООО «""AL-FAJRU MAS`ULIYATI CHEKLANGAN JAMIYAT"" MAS'ULIYATI CHEKLANGAN JAMIYAT»",generic,https://cb-pay.exely.com/Payme/generic/terminals/e4cd0195-5bea-46a3-9c70-6a87c26d8eff
695cd9135e5e2ee72acc9be8,KADRLAR BOSHQARUVI,"ООО «""KADRLAR BOSHQARUVI"" MAS'ULIYATI CHEKLANGAN JAMIYAT»",generic,https://hrblog.uz/payme-callback
695cdf2fccaf6835002a7313,Latta Putta,"ООО «""VENU"" MAS'ULIYATI CHEKLANGAN JAMIYAT»",generic,https://lattaputta.uz/payment/payme/callback/
695cfb5f5e5e2ee72acc9c46,CTR CHICKEN CHILАNZАR,"ООО «""CTR CHICKEN CHILANZAR"" MAS'ULIYATI CHEKLANGAN JAMIYAT»",generic,https://ctr.zoomda.uz/backend/payme/
695cfd805e5e2ee72acc9c49,SHAHRAM PLUS SH OK PayConnectBE,"СП «""SHAHRAM PLUS SH"" OILAVIY KORXONA»",generic,https://cb-pay.exely.com/Payme/generic/terminals/2a5b4f8a-f2c5-4169-abc4-f545a723d3e7
695d068d5e5e2ee72acc9c60,PARALLAX IT CLUB,"ООО «""PARALLAX IT CLUB"" MCHJ»",generic,https://api.picllc.uz/api/payments/webhooks/payme/
695e0e5a3fdb81100b9cde9c,Cynox UZ,ЧП «AVAZOV YAHYOXON»,generic,https://cynox.uz/merchant/payme.php
695e0fa2129dca1effbfdb58,EasyBooking.Uz,"ООО «""EASYBOOKING"" MCHJ»",avia,http://172.17.9.239:7900
695e1257ccaf6835002a73e7,EAST-STAR HOTEL PayConnectBE,"ООО «""EAST-STAR HOTEL"" MAS'ULIYATI CHEKLANGAN JAMIYAT»",generic,https://cb-pay.exely.com/Payme/generic/terminals/f328ed7f-52b6-42a5-b777-8ea52b67d23f
695e1bb13fdb81100b9ce09c,HOVLEE.UZ,"ООО «""OPEN LOGIC STRATEGY"" MCHJ»",generic,https://hovlee.uz/api/payme/webhook
695e1c925e5e2ee72acc9ce7,HOVLEE.UZ,"ООО «""OPEN LOGIC STRATEGY"" MCHJ»",generic,https://hovlee.uz/api/crm/payme/webhook
695e2ca6ccaf6835002a740c,RABBI UL MARXAMAT,"ООО «""RABBI UL MARXAMAT"" XUSUSIY KORXONA»",arca,https://api-qr.uzcard.uz
695e444accaf6835002a7433,CALORA,"ООО «""CALORA"" MAS'ULIYATI CHEKLANGAN JAMIYAT»",generic,https://calora.uz/api/billing/payme
695e4e92ccaf6835002a744c,ALPHA learning center,"ООО «""ALPHA-LEARNING CENTER"" MCHJ»",generic,https://parents.lc-up.com/handle/payme/41
695e5fb0ccaf6835002a746e,Bellissimo Namangan 3 IO,ООО «BELLISSIMO PIZZA INTERNATIONAL»,generic,https://pay.bpnet.uz/api/payment/payme
695e60075e5e2ee72acc9d4f,FLEXOBO,"ООО «""FLEXOBO"" MAS'ULIYATI CHEKLANGAN JAMIYAT»",generic,https://billing-api.flexobo.com/webhooks/payme
695f46f11922c3549c145c1f,BAYNIYAZOV BERDAQ JUMABAY ULÍ,ЧП «BAYNIYAZOV BERDAQ»,generic,https://api.exode.biz/api/v2/payment/rpc/acquiring/cd207b05-639b-4b68-9edf-d0d0042f5b30
695f48aaccaf6835002a74b7,ArzonObunabot,ЧП «YATT ISMOILOV»,generic,https://arzonobuna.ru/bot/payme_webhook.php
695f56fa129dca1effbfdc3b,"""PRO VOICE""","ООО «""PRO VOICE"" MAS`ULIYATI CHEKLANGAN JAMIYAT»",generic,https://idub.asosit.uz/api/payme
695f68bb5e5e2ee72acc9dc2,Suvon,"ООО «""APPLE TRADE CORP"" MAS'ULIYATI CHEKLANGAN JAMIYAT»",arca,https://api-qr.uzcard.uz
695f739c1922c3549c145c4e,TRIPLE R ACADEMY,"ООО «""TRIPLE R ACADEMY"" MAS'ULIYATI CHEKLANGAN JAMIYAT»",generic,https://topone-backend-production.up.railway.app/api/v1/payment/webhooks/payme
695f7e69ccaf6835002a7528,POLYAZOV SULTONBEK KELDUSH O‘G‘LI,ЧП «POLYAZOV SULTONBEK»,generic,https://device.radiomer.uz/api/payment/payme/v2
695f80541922c3549c145c74,Yupper Rolller,"ООО «""YUPPER-ROLLER"" MAS'ULIYATI CHEKLANGAN JAMIYAT»",generic,https://api.lamenu.uz/api/payments/v1/payme
695f819bccaf6835002a752a,Mirabad lunch lamenu,ЧП «YATT Abdullabekov»,generic,https://api.lamenu.uz/api/payments/v1/payme
695f9290ccaf6835002a7540,SATLY,"ООО «""SATLY"" MAS'ULIYATI CHEKLANGAN JAMIYAT»",generic,https://mukhammadaziz101.pythonanywhere.com/api/payme/callback/
695f9ab4ccaf6835002a755c,Buxgalteriya AI,"ООО «""BUGALTERIYA AI"" MAS'ULIYATI CHEKLANGAN JAMIYAT»",generic,https://bugalter-ai.uz/pay/webhooks/payme
695fb7eaccaf6835002a759b,YATT KURBANOV SHAXRIYOR SHUXRATOVICH,ЧП «KURBANOV SHAXRIYOR»,generic,https://b.ivend.uz/payme/api/v1/cVHVasmQD86LOZhNpkDD/rpc
695fbbccccaf6835002a759d,YATT OTAXONOVA MAFTUNAXON MIRKOMIL QIZI,ЧП «OTAXONOVA MAFTUNAXON»,generic,https://b.ivend.uz/payme/api/v1/8moln7m1A8SGJk75pBJV/rpc
6960a19b129dca1effbfdd2b,"NABODOV BAXODIR RAVSHANOVICH""",ЧП «NABODOV BAXODIR»,generic,https://imranmariyam.uz/payme
6960a4ca1922c3549c145d2e,SmartNets,"ООО «""SMART NETS"" MAS'ULIYATI CHEKLANGAN JAMIYAT»",generic,https://client.smartnetss.uz/api/v1/payments/payme-webhook
6960cf5a5e5e2ee72acc9ed7,ЯТТ ХАСАНОВ ШАХЗОД,ЧП «XASANOV SHAXZOD»,generic,https://api.tuitgpt.uz/payment/payme
6960ea153fdb81100b9d586f,Hotel Asia Khiva PayConnectBE,"ООО «""HOTEL ASIA KHIVA"" MAS'ULIYATI CHEKLANGAN JAMIYAT»",generic,https://cb-pay.exely.com/Payme/generic/terminals/7f4cd7e2-83a1-43d4-aa5d-275239072299
6960fa3b1922c3549c145dc5,SUPPLY,"ООО «""SUPPLY"" MAS'ULIYATI CHEKLANGAN JAMIYAT»",generic,https://okishop.uz/api/payme
696103b91922c3549c145dd5,QURILISH MOLLARI XIZMATLARI,"ООО «""QURILISH MOLLARI XIZMATLARI"" XUSUSIY KORXONA»",arca,https://api-qr.uzcard.uz
696106ac5e5e2ee72acc9f41,GSstore Abay arca,"ООО «""GLOBAL SYSTEMS"" MAS'ULIYATI CHEKLANGAN JAMIYAT»",arca,https://api-qr.uzcard.uz
696106d61922c3549c145ddf,GSstore Malika arca,"ООО «""GLOBAL SYSTEMS"" MAS'ULIYATI CHEKLANGAN JAMIYAT»",arca,https://api-qr.uzcard.uz
6961f2c83fdb81100b9d66ab,WORLD OF FANTASY FOOTBALL,"ООО «""WORLD OF FANTASY FOOTBALL"" MAS'ULIYATI CHEKLANGAN JAMIYAT»",generic,https://us-central1-uzbfantasyleague.cloudfunctions.net/paymeWebhook
6962d8e388d8c6bf62262493,OilaGO.uz,"ООО «""ANIMALL VET GROUP"" MAS'ULIYATI CHEKLANGAN JAMIYAT»",generic,https://api.oilago.uz/payments/payme
69649f164fd90ded9b3e8524,Hotel Asia Samarkand PayConnectBE,"ООО «""HOTEL ASIA SAMARKAND"" MAS'ULIYATI CHEKLANGAN JAMIYAT»",generic,https://cb-pay.exely.com/Payme/generic/terminals/27ed5630-2632-4fb1-ab5a-8f9f29c12c36
6964a1ac4fd90ded9b3e859a,IDROK LLM,"ООО «""IDROK LLM"" MAS'ULIYATI CHEKLANGAN JAMIYAT»",generic,https://autopilot.uz/api/payme/merchant
6964adde11795f749b141b7a,Kafil E-POLIS,"АО «""KAFIL-SUG`URTA""»",generic,https://payment.kafil.uz/api/payment/payme/transaction
6964b0ee11795f749b141b7e,МОЛОКО,ООО «WHITE DRINK COMPANY»,generic,https://moloko.zoomda.uz/backend/payme/
6964b2084811409f0c597680,Abozor EnTez,"ООО «""ABAZAR ENERGY"" MAS'ULIYATI CHEKLANGAN JAMIYAT»",generic,https://backend-en-tez.onrender.com/api/v1/payment/payme
6964bbc94811409f0c59768a,Shabnam Kamola market ,"ООО «""SHABNAM-KAMOLA MARKET"" MAS'ULIYATI CHEKLANGAN JAMIYAT»",arca,https://api-qr.uzcard.uz
6964c81d471ad4462a44f517, MULTI VET FARM,"ООО «""MULTI VET FARM"" MAS'ULIYATI CHEKLANGAN JAMIYAT»",arca,https://api-qr.uzcard.uz
6964efa3ae9d808b149191cb,MILLIY TECHNOLOGY,"ООО «""MILLIY TECHNOLOGY"" MAS'ULIYATI CHEKLANGAN JAMIYAT»",generic,https://typosbro-multilevel-api.milliytechnology.workers.dev/api/payment/payme/webhook
6964fee011795f749b141c4d,Yeb-Ich,"ООО «""YEB-ICH"" MAS'ULIYATI CHEKLANGAN JAMIYAT»",generic,https://api.yeb-ich.com/api/payme
6965e9584fd90ded9b3ea97a,NRG-BI Service,ООО «NRG-BI Service»,bi-group,https://apigw.bi.group/uzb_buh/hs/PaymeService
69661d7111795f749b141cdf,XALQ SUG'URTA,"СП ООО «""XALQ SUG`URTA""»",generic,https://xalqsugurta.uz/
69662638471ad4462a44f64c,CoffeeBox,ЧП «GOLOVATENKO ROMAN»,generic,https://api.coffeebox.uz/api/payments/payme/
69662e4a471ad4462a44f655,Сеть аптек OXYMED,"ООО «""NIKA FARM SERVIS"" MCHJ»",generic,https://orders.oxymed.uz/payme/webhook
69662e77471ad4462a44f656,Сеть аптек OXYMED,"ООО «""NIKA FARM SERVIS"" MCHJ»",generic,https://orders.oxymed.uz/payme/webhook
6966323e4fd90ded9b3ebb7c,SANITARY - PREMIUM,"ООО «""SANITARY PREMIUM "" MCHJ»",arca,https://api-qr.uzcard.uz
696644e44811409f0c59782f,BIG WATT ООО,"ООО «""BIG WATT"" MAS`ULIYATI CHEKLANGAN JAMIYAT»",generic,https://voltps.uz/api/payment/webhooks/payme/
69673d407cf66c786187ce51,Cinema GT,"ООО «""GET TICKETS"" MCHJ»",gtickets,https://api.gtickets.uz/payme
6967674f0c31e35026f59d1c,"""FARMCONSUL""","ООО «""FARMCONSUL"" MAS'ULIYATI CHEKLANGAN JAMIYAT»",generic,https://api.exode.biz/api/v2/payment/rpc/acquiring/d8e3d1b7-44c3-44e2-9b0d-37183873b8d0
6967700c63404b190c284525,PILOT AI SYSTEMS,ООО «PILOT AI SYSTEMS»,generic,https://quizpilot.uk/api/payme/callback
69677ae663404b190c284542,VGR,ЧП «YAKUBOV ABDURAXMON»,generic,https://api.vgr.uz/api/v1/payme/webhook
69677e087cf66c786187ced7,Buyuk Istanbul Zoomda,"ООО «""BUYUK ISTAMBUL TAOMLARI"" MCHJ»",generic,https://bi.zoomda.uz/backend/payme/
696790880c31e35026f5a8ef,UMIDA-BAXROM FAYZ SAVDO,"СП «""UMIDA-BAXROM FAYZ SAVDO"" OILAVIY KORXONA»",arca,https://api-qr.uzcard.uz
69687743ae9d808b14919426,KAMILA-BARAKA ARCA,"ООО «""KAMILA-BARAKA"" MCHJ»",arca,https://api-qr.uzcard.uz
6968779e0c31e35026f5b654,KAMILA-BARAKA ARCA,"ООО «""KAMILA-BARAKA"" MCHJ»",arca,https://api-qr.uzcard.uz
696879978ab5a5d4a86521bb,SHOAKBAR NOZIMA BIZNES,"СП «""SHOAKBAR NOZIMA BIZNES"" OILAVIY KORXONA»",arca,https://api-qr.uzcard.uz
696889647cf66c786187cf5f,SHAMSUTDINOVA MALIKABONU ADXAMJON QIZI,ЧП «SHAMSUTDINOVA MALIKABONU»,generic,https://second.ddmedia.uz/payme
6968a94f0c31e35026f5bfd4,E-HISOB,"ООО «""E-HISOB"" MAS'ULIYATI CHEKLANGAN JAMIYAT»",generic,https://api.ehisob.uz/api/payme
6968b65cae9d808b149194a8,LIDERPOLE,"ООО «""LIDERPOLE"" MCHJ»",generic,https://qm.zoomda.uz/backend/payme/
6968f02f63404b190c2846ab,Sagna,"ООО «""BURGESTA"" MAS'ULIYATI CHEKLANGAN JAMIYAT»",generic,https://payment.api.delever.uz/payme
6969d8a8ae9d808b14919571,НОУ INDOC medical academy,"НОУ «""INDOC"" NODAVLAT TA'LIM MUASSASASI»",generic,https://learning.indoc.uz/api/payment/payme/
6969de6b8ab5a5d4a865231f,PHD TV,ЧП «NOZIROV NODIR»,generic,https://univer-see.uz/payment/update/
6969e52563404b190c2846ff,Вачач,"СП «""VACHACH FAMILY"" OK»",generic,https://api.lamenu.uz/api/payments/v1/payme
6969f58163404b190c284725,NH-STAR,"ООО «""NH-STAR"" MCHJ»",generic,https://nhshop.uz/api/v1/payme?ecom=payme
696a006aae9d808b149195b3,DELEVER - SAGNA,"ООО «""SAGNA HOME"" MAS'ULIYATI CHEKLANGAN JAMIYAT»",generic,https://payment.api.delever.uz/payme
696a14648ab5a5d4a8652387,BOND OLYMPIAD,"ООО «""BOND OLYMPIAD"" MAS'ULIYATI CHEKLANGAN JAMIYAT»",generic,https://staging.bondedu.uz/api/webhooks/payme
696a16e07cf66c786187d116,SMEKALKA,"ООО «""SMEKALKA"" MAS'ULIYATI CHEKLANGAN JAMIYAT»",generic,https://mohimshop.uz/payme/callback
696a1a3bae9d808b149195ec,AlMarva Market,ЧП «OLIMOV BAXROMJON»,generic,https://almarva.uz/?wc-api=wc_payme
696a321f63404b190c28479f,"""FAYZ-FUROR"" QMJ","ООО «""FAYZ-FUROR"" QMJ»",generic,https://payment.api.delever.uz/payme
696a40cf63404b190c2847b3,Trading,ЧП «TURSUNBOYEV MIRJALOL»,generic,https://c875736.cynox.uz/obuna/payme.php
696a62400c31e35026f5f927,PIX,ЧП «MAMASIDDIQOV BEHRO‘ZBEK»,generic,https://pay.pixy.uz/payme/index.php
696b7f2e8ab5a5d4a865242b,+Fit,ЧП «ASHIRALIYEV DONIYOR»,generic,https://api.plusfit.uz/api/v1/payme/balance
696cb3168ab5a5d4a8652479,Autoprint,"ООО «""NETLAND GROUP"" MCHJ»",generic,https://autoprint.turin.uz/api/payme/payment
696dc8a40b13d29c262b5c9b,Сеть аптек OXYMED,"ООО «""NIKA FARM SERVIS"" MCHJ»",generic,https://orders.oxymed.uz/payme/webhook
696dff0d0b13d29c262b66b5,IBROHIMOV SHUKRULLO MAHMADIYOR O‘G‘LI,ЧП «IBROHIMOV SHUKRULLO»,generic,https://api.exode.biz/api/v2/payment/rpc/acquiring/8ba1ef29-7aa0-438c-bdca-7cfe407eb22a
696e02cab7eb556a6672bcf7,KARIMOV ISLOMBEK KODIRXON O’G’LI,ЧП «KARIMOV ISLOMBEK»,generic,https://b.ivend.uz/payme/api/v1/Cf91caadJWl8wGvI2x9Q/rpc
696e0455ca1b11940e4e9ba8,PAYNOW ООО,"ООО «""PAYNOW"" MAS'ULIYATI CHEKLANGAN JAMIYAT»",generic,https://api.hamkor-m.uz/call_back/payme/
696e21ebb7eb556a6672bd31,Sushi Wok Master,"ООО «ООО ""PASHAS""»",generic,https://api.lamenu.uz/api/payments/v1/payme
696f3f7062d8dfa591fd211a,GOLD,"ООО «ЧП ""ALI TEMUR MARKSOVICH""»",generic,https://payment.api.delever.uz/payme
696f553f62d8dfa591fd213b,DELEVER - MOHRIDDIN OSH FARGONA,"ООО «""FARGONAFOOD"" MAS'ULIYATI CHEKLANGAN JAMIYAT»",generic,https://payment.api.delever.uz/payme
696f55e6487e89a67954d60c,DELEVER - MOHRIDDIN OSH YUNUSOBOD,"ООО «""BAXTYOR"" MCHJ»",generic,https://payment.api.delever.uz/payme
696f563262d8dfa591fd213d,"""JAMOL BIZNES JJ""","ООО «""JAMOL BIZNES JJ"" MCHJ»",generic,https://api.lamenu.uz/api/payments/v1/payme
696f656b2f5fa0717844c52b,PILIGRIM OSH PALOVE,"ООО «""PILIGRIM OSH PALOVE"" MAS'ULIYATI CHEKLANGAN JAMIYAT»",arca,https://api-qr.uzcard.uz
696f858462d8dfa591fd218a,Bellissimo Atlas Чимган,ООО «ECO PIZZA MCHJ»,generic,https://pay.bpnet.uz/api/payment/payme
69706db62f5fa0717844c5a0,in Science,"ООО «ООО ""IN SCIENCE""»",generic,https://inconference.uz/index.php/index/payPaycom
697072ae92bd7b30b2fd1e87,GRAND-NUR,"СП «""GRAND-NUR AKBARSHOH"" OILAVIY KORXONA»",arca,https://api-qr.uzcard.uz
697074b692bd7b30b2fd1e8e,XIANGSHUN GLOBAL MACHINERY,"ООО «""XIANGSHUN GLOBAL MACHINERY"" MAS'ULIYATI CHEKLANGAN JAMIYAT XORIJIY KORXONA»",arca,https://api-qr.uzcard.uz
69707a12ddc4efd68c2a8997,ZO'R TV,ООО «ВОДИЙ САДОСИ ЕШЛАР ТЕЛЕРАДИОКОМПАНИЯСИ»,generic,https://vodiysadosi.uz/payments/payme
69707ca03e67b0fda21602db,YULDASHEVA ZARA NURATDINOVNA,ЧП «YULDASHEVA ZARA»,generic,https://api.exode.biz/api/v2/payment/rpc/acquiring/5a4711fd-acfb-4778-b449-a20bf28fe20d
69707dc163dde97b8cb8c950,MOGO&GO,"ООО «""MOGOANDGO"" MAS'ULIYATI CHEKLANGAN JAMIYAT»",generic,https://api.lamenu.uz/api/payments/v1/payme
69707f5f92bd7b30b2fd1e9b,MAKSIMOVA ALYONA PETROVNA,ЧП «MAKSIMOVA ALYONA»,generic,https://api.exode.biz/api/v2/payment/rpc/acquiring/86b2746d-13d2-409e-8661-a3f1765930d6
6970810addc4efd68c2a89a2,"ООО ""FIDEX ACADEMY""","ООО «""FIDEX ACADEMY"" MAS'ULIYATI CHEKLANGAN JAMIYAT»",generic,https://api.exode.biz/api/v2/payment/rpc/acquiring/20a2e242-9180-49d4-aed8-b672dd3c17b8
69708a4e63dde97b8cb8c95d,Nova Home Hotel PayConnectBE,ЧП «ZAKIROV TIMUR»,generic,https://cb-pay.exely.com/Payme/generic/terminals/d738ba32-0832-4ccd-ac56-11505356068a
6970995a63dde97b8cb8c972,"""TEZ MARKET"" MCHJ","ООО «""TEZ MARKET"" MAS'ULIYATI CHEKLANGAN JAMIYAT»",generic,https://fastdrop.uz/api/v1/payment/payme
69709e7b922bebc549a8d56a,NORMURODOV DOSTON G’ULOMJON O’G’LI,ЧП «undefined undefined»,generic,https://b.ivend.uz/payme/api/v1/5dNLZewkNkIzO7G6OrYY/rpc
69709ef23e67b0fda216030a,QOSIMOV NURMUHAMMAD SULTON O‘G‘LI,ЧП «QOSIMOV NURMUHAMMAD»,generic,https://api.test24.uz/api/v1/payments/payme/callback/
6970a04eddc4efd68c2a89cb,MEGA BURGER MCHJ,"ООО «""MEGA BURGER"" MAS'ULIYATI CHEKLANGAN JAMIYAT»",generic,https://b.ivend.uz/payme/api/v1/tJdrFtegnUpsnrPThNcV/rpc
6970a454ddc4efd68c2a89d0,SER 25  MARKET,"ООО «""ADHAMJON FAMILY"" MAS'ULIYATI CHEKLANGAN JAMIYAT»",arca,https://api-qr.uzcard.uz
6970b14a92bd7b30b2fd1ef3,"AHMEDOV NIGMATILLA ABDULLAYEVICH"" ","ООО «""AHMEDOV NIGMATILLA ABDULLAYEVICH"" MAS'ULIYATI CHEKLANGAN JAMIYAT»",arca,https://api-qr.uzcard.uz
6970bdbfddc4efd68c2a8a0f,FARZONA FARM,"ООО «""FARZONABONU FARM"" MAS'ULIYATI CHEKLANGAN JAMIYAT»",arca,https://api-qr.uzcard.uz
6970c41e92bd7b30b2fd1f11,"NABODOV BAXODIR RAVSHANOVICH""",ЧП «NABODOV BAXODIR»,generic,https://nutrilife.imranmariyam.uz/api/webhooks/payme
6971c881922bebc549a8efb1,DRESS CODE 2,"ООО «""DRESS CODE"" MAS'ULIYATI CHEKLANGAN JAMIYAT»",generic,https://psapi.megagroup.ru/accounts/112928/notify
6971f06b63dde97b8cb8ca68,ПЕЛИКАН,"ООО «""ZITHOS"" MCHJ»",arca,https://api-qr.uzcard.uz
6971f52a92bd7b30b2fd1fc0,STANDART TRADE M F B,"ООО «""STANDART TRADE M F B"" MCHJ»",arca,https://api-qr.uzcard.uz
6971f55d92bd7b30b2fd1fc1,STANDART TRADE M F B,"ООО «""STANDART TRADE M F B"" MCHJ»",arca,https://api-qr.uzcard.uz
6971f59592bd7b30b2fd1fc2,STANDART TRADE M F B,"ООО «""STANDART TRADE M F B"" MCHJ»",arca,https://api-qr.uzcard.uz
6971f5c1922bebc549a8f6d3,STANDART TRADE M F B,"ООО «""STANDART TRADE M F B"" MCHJ»",arca,https://api-qr.uzcard.uz
6971f61963dde97b8cb8ca72,STANDART TRADE M F B,"ООО «""STANDART TRADE M F B"" MCHJ»",arca,https://api-qr.uzcard.uz
6971f7da922bebc549a8f747,"OOO """"BIOLEK""","ООО «""BIOLEK"" MAS'ULIYATI CHEKLANGAN JAMIYAT»",generic,https://biolek.uz/?wc-api=wc_payme
69721aacddc4efd68c2a8b28,ADAX,"ООО «""ADAX"" MAS'ULIYATI CHEKLANGAN JAMIYAT»",arca,https://api-qr.uzcard.uz
69721c79ddc4efd68c2a8b29,Аренда госактивов,"АО «""TBC BANK"" ATB»",munis-tbc-lease-assets,http://10.100.115.73/api
69721f4363dde97b8cb8cace,НАЗАРОВ НОДИРБЕК,ЧП «NAZAROV NODIRBEK»,generic,https://xxcdxduzronoxojxsnfp.supabase.co/functions/v1/payme
69722d7263dde97b8cb8cae3,ГУП «Oliy ta'limni rivojlantirish markazi»,ГУП «Oliy ta'limni rivojlantirish markazi»,generic,https://control.maqola.devedu.uz/billing/v1/HandleTransaction
697301a963dde97b8cb8cb10,ОНА ТИЛИ ВА АДАБИЕТ,"ООО «""AZIZ-UMID-QODIR"" MAS'ULIYATI CHEKLANGAN JAMIYAT»",generic,https://api.ilmtest.uz/payme
69731a5a63dde97b8cb8cb3d,Magic Photo,"ООО «""ABSCOM"" MAS'ULIYATI CHEKLANGAN JAMIYAT»",generic,https://api.magicphoto.uz/api/external/payme
69731beb63dde97b8cb8cb3f,Finlite,"ООО «""FINANCIAL SCHOOL"" MCHJ»",generic,https://finlite-course.mdev.uz/payments/webhook/payme/
697334cb63dde97b8cb8cb5f,TENDER SCHOOL,"ООО «""TENDER SCHOOL"" MAS'ULIYATI CHEKLANGAN JAMIYAT»",generic,https://tenderschool.uz/en/purchase/webhook/payme/
69734066922bebc549a913e6,WishReal AI,ЧП «XAYDAROVA SHIRIN»,generic,https://wishreal.ai/server/api/payment/webhook
69734721ddc4efd68c2a8bd3,M-BIG STROY,"СП ООО «""M-BIG STROY"" MCHJ»",generic,https://pay.bi-group.org/api/v1/jsonrpc/PayMeExternal/PayMeExternal
69734b273e67b0fda21604e0,M-BIG STROY,"СП ООО «""M-BIG STROY"" MCHJ»",generic,https://pay.bi-group.org/api/v1/jsonrpc/PayMeExternal/PayMeExternal
697352743e67b0fda21604ed,NRG YASHNOBOD STROY,"СП ООО «""NRG YASHNOBOD STROY"" MAS'ULIYATI CHEKLANGAN JAMIYAT QO`SHMA KORXONA»",generic,https://pay.bi-group.org/api/v1/jsonrpc/PayMeExternal/PayMeExternal
6973531fddc4efd68c2a8bdd,NRG YASHNOBOD STROY,"СП ООО «""NRG YASHNOBOD STROY"" MAS'ULIYATI CHEKLANGAN JAMIYAT QO`SHMA KORXONA»",generic,https://pay.bi-group.org/api/v1/jsonrpc/PayMeExternal/PayMeExternal
6973536e922bebc549a916ba,NRG YASHNOBOD STROY,"СП ООО «""NRG YASHNOBOD STROY"" MAS'ULIYATI CHEKLANGAN JAMIYAT QO`SHMA KORXONA»",generic,https://pay.bi-group.org/api/v1/jsonrpc/PayMeExternal/PayMeExternal
69736cb53e67b0fda216050f,BABYLON,"ООО «ООО ""BABYLON DISTRO""»",arca,https://api-qr.uzcard.uz
69737cc0ddc4efd68c2a8c0a,MOSTBYTE,"ООО «""MOSTBYTE GROUP"" XUSUSIY KORXONA»",generic,https://billing.mostbyte.uz/api/v1/paycom/webhook
69739c7b3e67b0fda2160528,AFEX TAXI,"ООО «""AFEX TAXI"" MAS'ULIYATI CHEKLANGAN JAMIYAT»",generic,http://ishonchtaxi.uz/payme.php
6973b7bf922bebc549a92110,Trip Market,"ООО «""NIMAX DIGITAL SOLUTION"" MAS'ULIYATI CHEKLANGAN JAMIYAT»",generic,https://tripmarket.uz/api/v1/webhooks/payme
69747ff4922bebc549a928f3,Ohu Palace Hotel PayConnectBE,"ООО «""ELITE TRAVEL HOUSE"" MAS'ULIYATI CHEKLANGAN JAMIYAT»",generic,https://cb-pay.exely.com/Payme/generic/terminals/0f566c23-7b01-4b14-b7fb-f754ece1a031
6974859f922bebc549a92e24,Barhat Hotel PayConnectBE,"СП «""ONS TRAVELS"" OILAVIY KORXONA»",generic,https://cb-pay.exely.com/Payme/generic/terminals/b5b400d3-c8b6-480d-a84f-d724437145df
6975a7a963dde97b8cb8cc3f,SOLOFOUNDERS,ООО «PROGRAMMER UZ»,generic,https://solofounders.uz/payments/callback
6976f8c73e67b0fda21605e3,FAXRIDDINOV SHAMSIDDIN ASOMIDDIN O‘G‘ LI,ЧП «undefined undefined»,generic,https://api.ibola.uz/payme/merchant
6977016b3e67b0fda21605ef,YAKUNIN DIAMANT JEWELRY,"ООО «""YAKUNIN DIAMANT JEWELRY"" MCHJ»",generic,https://device.radiomer.uz/api/payment/payme/v2
697703b2ddc4efd68c2a8cff,ROLLING SUSHI,"ООО «""ROLLING WORLD"" MCHJ»",generic,https://adminrolling1.uz/api/payme/pay
6977043092bd7b30b2fd21d9,Ingame,ЧП «SHODIYEV SHAXZOD»,generic,https://api.ingame.uz/api/payment/payme/callback
69770a0b3e67b0fda21605fa,NB STARTUPS GROUP,"ООО «""NB STARTUPS GROUP"" MAS'ULIYATI CHEKLANGAN JAMIYAT»",generic,https://xannaofficial.uz/api/payme/webhook/
697710993e67b0fda216060b,NRG Yunusobod,"ООО «""INNOVATIVE SIFAT STROY"" MAS'ULIYATI CHEKLANGAN JAMIYAT»",generic,https://pay.bi-group.org/api/v1/jsonrpc/PayMeExternal/PayMeExternal
69771232ddc4efd68c2a8d15,ARCHITECTS DEVELOPMENT,"СП ООО «""ARCHITECTS DEVELOPMENT"" MAS'ULIYATI CHEKLANGAN JAMIYAT XORIJIY KORXONA»",generic,https://pay.bi-group.org/api/v1/jsonrpc/PayMeExternal/PayMeExternal
697714eeddc4efd68c2a8d17,NRG HIGH PROJECT,"СП ООО «""NRG HIGH PROJECT"" MCHJ QK»",generic,https://pay.bi-group.org/api/v1/jsonrpc/PayMeExternal/PayMeExternal
6977151263dde97b8cb8ccb0,NRG HIGH PROJECT,"СП ООО «""NRG HIGH PROJECT"" MCHJ QK»",generic,https://pay.bi-group.org/api/v1/jsonrpc/PayMeExternal/PayMeExternal
697715443e67b0fda2160611,NRG HIGH PROJECT,"СП ООО «""NRG HIGH PROJECT"" MCHJ QK»",generic,https://pay.bi-group.org/api/v1/jsonrpc/PayMeExternal/PayMeExternal
69771eb292bd7b30b2fd2204,MEROS SAROY,"ООО «""MEROS SAROY"" MAS'ULIYATI CHEKLANGAN JAMIYAT»",generic,https://pay.bi-group.org/api/v1/jsonrpc/PayMeExternal/PayMeExternal
69771ee663dde97b8cb8ccbe,MEROS SAROY,"ООО «""MEROS SAROY"" MAS'ULIYATI CHEKLANGAN JAMIYAT»",generic,https://pay.bi-group.org/api/v1/jsonrpc/PayMeExternal/PayMeExternal
69771f07ddc4efd68c2a8d1e,MEROS SAROY,"ООО «""MEROS SAROY"" MAS'ULIYATI CHEKLANGAN JAMIYAT»",generic,https://pay.bi-group.org/api/v1/jsonrpc/PayMeExternal/PayMeExternal
69773278922bebc549a95945,ALCOMARKET,"ООО «""ALCOTOBACCO"" MCHJ»",arca,https://api-qr.uzcard.uz
6977334792bd7b30b2fd2223,ALCOMARKET,"ООО «""ALCOTOBACCO"" MCHJ»",arca,https://api-qr.uzcard.uz
69773bc463dde97b8cb8cced,Buddy,"ООО «""BILOL DONAR"" XUSUSIY KORXONA»",generic,https://api.lamenu.uz/api/payments/v1/payme
6977467e92bd7b30b2fd2245,"A.AVLONIY NOMIDAGI PEDAGOGIK MAHORAT MILLIY INSTITUTI"" DM","ГУП «A.AVLONIY NOMIDAGI PEDAGOGLARNI KASBIY RIVOJLANTIRISH VA YANGI METODIKALARGA O`RGATISH MIL"" DM»",generic,https://api-retrain.uzedu.uz/api/v2/checkPayme
6977488c3e67b0fda216066a,KARSEVICH OLGA VLADIMIROVNA,ЧП «KARSEVICH OLGA»,generic,https://mikromarket-payment.uz/payments/payme
6977500addc4efd68c2a8d58,LOVEYOU GROUP,"ООО «""LOVEYOU GROUP"" MAS'ULIYATI CHEKLANGAN JAMIYAT»",generic,https://loveyou.uz/api/payme
6977538d92bd7b30b2fd2252,O'z Do'ner,"ООО «""HAMKOR DONER FOOD"" MCHJ»",generic,https://api.lamenu.uz/api/payments/v1/payme
6977632a63dde97b8cb8cd1c,BIRZOOM,"ООО «""ZZUR FOOD CHAIN"" MCHJ»",generic,https://back.directpay.uz/api/v1/payment/payme/webhook
697767a7ac45173448c325e0, BEST SERVICE FUTURE ,"ООО «""BEST SERVICE FUTURE"" MCHJ»",arca,https://api-qr.uzcard.uz
69776ed8922bebc549a96456,Panda Book,"ООО «""ORANGE TEAM"" MAS'ULIYATI CHEKLANGAN JAMIYAT»",generic,https://www.pandabooks.uz/api/service-core-api/api/payme/pay
69778155ddc4efd68c2a8d9b,UYG’UN TA’LIM,"ООО «""UYG’UN TA’LIM"" MAS'ULIYATI CHEKLANGAN JAMIYAT»",generic,https://api.uyguntalim.tsue.uz/api/payments/webhooks/payme/
6978515192bd7b30b2fd22ee,YATT XAYDAROV ULUG‘BEK BAXRIDDINOVICH,ЧП «undefined undefined»,generic,https://api-doctortop.bdm.uz/api/payme/merchant
697856bd922bebc549a973b1,SHIRMURATOV ANVAR RUSTAM O‘G‘LI,ЧП «undefined undefined»,generic,https://tezbron.uz/api/payments/payme
69786aa6ddc4efd68c2a8e24,"ООО ""FONDEX""","ООО «""FONDEX"" MAS'ULIYATI CHEKLANGAN JAMIYAT»",generic,https://web.fondex.uz/api/payment/payme/callback/
697878c53e67b0fda2160755,RAXMATULLAYEV ISLOMBEK ABDULLA O‘G‘LI,ЧП «RAXMATULLAYEV ISLOMBEK»,arca,https://api-qr.uzcard.uz
69787dabddc4efd68c2a8e4c,"""TOSHKENT SHAHRIDAGI INHA UNIVERSITETI"" NTM","НОУ «""TOSHKENT SHAHRIDAGI INHA UNIVERSITETI"" NTM»",generic,https://ums.inha.uz/payments/payme-mocktest
6978b30ddd6c674f71802369,IRDASHEVA MUKADDAS ADXANOVNA,ЧП «undefined undefined»,generic,https://doda.chat/
6978bfc4f502137792c1ade0,«ВАҚФ» хайрия жамоат фонди,ООО ««ВАҚФ» хайрия жамоат фонди»,generic,https://vaqf.uz/api/v1/payme
6978c1fb867842c05e1c9b1b,TAKOYI ООО,"ООО «""TAKOYI"" MAS'ULIYATI CHEKLANGAN JAMIYAT»",generic,https://payment.api.delever.uz/payme
6978c2975f5b026897da96f4,DELEVER - CHITIR BEDAPOYA,"ООО «""BEDAPOYA CHITIR CHITIR"" MAS'ULIYATI CHEKLANGAN JAMIYAT»",generic,https://payment.api.delever.uz/payme
6978c501867842c05e1c9b1d,Lady Mastura Business,"ООО «""LADY MASTURA BUSINESS"" MCHJ»",generic,https://payment.api.delever.uz/payme
69799e31f502137792c1ae0a,MAXMUD OTA PLUS,"ООО «""MAXMUD OTA PLUS"" MAS'ULIYATI CHEKLANGAN JAMIYAT»",arca,https://api-qr.uzcard.uz
6979beb8b2fb4c42d2ffb573,ISAEV PREMIUM MARKET,"ООО «""ISAEV PREMIUM MARKET"" MAS'ULIYATI CHEKLANGAN JAMIYAT»",arca,https://api-qr.uzcard.uz
6979cfdadc1b1ee8b808936a,ABDULLO - BIZNES - GROUP,"ООО «""ABDULLO - BIZNES - GROUP"" MChJ»",generic,https://api.lamenu.uz/api/payments/v1/payme
6979d0bdb2fb4c42d2ffb5a0,SALE OF ALKOHOL,"ООО «"" SALE OF ALCOHOL"" MAS'ULIYATI CHEKLANGAN JAMIYAT»",arca,https://api-qr.uzcard.uz
6979e652b2fb4c42d2ffb5b3,YATT Maxammatov Bobirmirzo,ЧП «MAXAMMATOV BOBIRMIRZO»,generic,https://brendfeys.uz/api/v2/payme/callback/
6979f01c513e4d397fc49d43,YATT HABIBULLAYEV SANJAR DILSHOD O'G'LI,ЧП «HABIBULLAYEV SANJAR»,generic,https://api.2pay.uz/api/payments/payme/
6979fdf993479fbf2e9d6542,SANONE,ЧП «undefined undefined»,arca,https://api-qr.uzcard.uz
697a00a493479fbf2e9d6544,YURISTLAR MALAKASINI OSHIRISH MARKAZI,"У «""O‘ZBEKISTON RESPUBLIKASI ADLIYA VAZIRLIGI HUZURIDAGI YURIDIK KADRLARNI QAYTA TAYYORLASH VA"" DM»",generic,https://digital-api.minjusttraining.uz/api/v1/payme/pay
697a06d9ff6718480784fd0f,YO`LDOSHEV-MARKET,"ООО «""YO`LDOSHEV-MARKET"" MAS`ULIYATI CHEKLANGAN JAMIYAT»",arca,https://api-qr.uzcard.uz
697a083fff6718480784fd13,LIFE TRADE SERVICE,"СП «""LIFE TRADE SERVICE"" OK»",arca,https://api-qr.uzcard.uz
697a11ee93479fbf2e9d6567,HUVAYDO SOMSA ,"СП «""KAMOLON SOMSA"" OILAVIY KORXONA»",arca,https://api-qr.uzcard.uz
697a45dabedf9ea2c94c27a2,Aqua Element,"СП «""BLUE STREAM GROUP"" OILAVIY KORXONA»",generic,https://bluestream.uz/api/v1/payments/webhook/payme
697a63f493479fbf2e9d6584,Baraka ai,ЧП «SHARIPOV XUSAYINBEK»,generic,https://baraka-ai.com/midas-api/payment/payme
697af3aaba20ae3e9e71757b,Hujjat24,ЧП «undefined undefined»,generic,https://api.hujjat24.uz/customer/api/v1/webhooks/payments/payme
697af3e2ff6718480784fd4a,TOCHKA NOMER 1,"ООО «""TOCHKA NOMER 1"" MCHJ»",arca,https://api-qr.uzcard.uz
697afd0bafe41d63767fd6f6,Регистрация поставщика Samarqand tillar maktabi,"ННО «""SAMARQAND TILLAR MAKTABI"" NTM»",generic,https://cdn.stmonlayn.uz/api/payment/payme
697b0c6eff6718480784fd6e,SHAHRISTANSTROY,"СП ООО «""SHAHRISTANSTROY"" MAS'ULIYATI CHEKLANGAN JAMIYAT XORIJIY KORXONA»",generic,https://pay.bi-group.org/api/v1/jsonrpc/PayMeExternal/PayMeExternal
697b0ccabedf9ea2c94c27d6,SHAHRISTANSTROY,"СП ООО «""SHAHRISTANSTROY"" MAS'ULIYATI CHEKLANGAN JAMIYAT XORIJIY KORXONA»",generic,https://pay.bi-group.org/api/v1/jsonrpc/PayMeExternal/PayMeExternal
697b1861afe41d63767fdbe5,GLOBALBUILD,"СП ООО «""GLOBALBUILD"" MAS'ULIYATI CHEKLANGAN JAMIYAT XORIJIY KORXONA»",generic,https://pay.bi-group.org/api/v1/jsonrpc/PayMeExternal/PayMeExternal
697b1a3a93479fbf2e9d65cb,BI GROUP,"ООО «""BOTANIKA SAROYI"" MCHJ»",generic,https://pay.bi-group.org/api/v1/jsonrpc/PayMeExternal/PayMeExternal
697b1bacafe41d63767fdc2e,ELSUN INVEST,"СП ООО «""ELSUN INVEST"" MAS'ULIYATI CHEKLANGAN JAMIYAT QO`SHMA KORXONA»",generic,https://pay.bi-group.org/api/v1/jsonrpc/PayMeExternal/PayMeExternal
697b1bcbbedf9ea2c94c27e4,ELSUN INVEST,"СП ООО «""ELSUN INVEST"" MAS'ULIYATI CHEKLANGAN JAMIYAT QO`SHMA KORXONA»",generic,https://pay.bi-group.org/api/v1/jsonrpc/PayMeExternal/PayMeExternal
697b1be5ba20ae3e9e71759e,ELSUN INVEST,"СП ООО «""ELSUN INVEST"" MAS'ULIYATI CHEKLANGAN JAMIYAT QO`SHMA KORXONA»",generic,https://pay.bi-group.org/api/v1/jsonrpc/PayMeExternal/PayMeExternal
697b21dfba20ae3e9e7175a1,HOMMLIFE,"ООО «""HOMMLIFE"" MAS'ULIYATI CHEKLANGAN JAMIYAT XORIJIY KORXONA»",generic,https://www.hommbitkisel.com.tr/api/payme/merchant
697b22c8ba20ae3e9e7175a2,AVAZOV AZAMAT G‘IYOSOVICH,ЧП «undefined undefined»,generic,https://api.exode.biz/api/v2/payment/rpc/acquiring/95fb8ca1-df59-4563-a3a7-1156ed95da8c
697b24a593479fbf2e9d65d6,BI GROUP SADO,"ООО «""AMIR ESTATES"" MCHJ XK»",generic,https://pay.bi-group.org/api/v1/jsonrpc/PayMeExternal/PayMeExternal
697b262f93479fbf2e9d65d8,VETONIT,"ООО «""TRADE NETWORK SERVICE"" MAS'ULIYATI CHEKLANGAN JAMIYAT»",generic,https://vetonit.uz/?wc-api=wc_payme
697b265dbedf9ea2c94c27f5,FINCOM,"ООО «""FINCOM"" MCHJ»",fincom,https://payme.adm.uz/fincom/hs/fincompay
697b2b33bedf9ea2c94c27f8,Dream Inn PayConnectBE,"ООО «""DREAM INN"" MAS'ULIYATI CHEKLANGAN JAMIYAT»",generic,https://cb-pay.exely.com/Payme/generic/terminals/839909a9-b7cb-48c4-a735-047d3fda69ad
697b2c02bedf9ea2c94c27fb, MO`MIN EXCLUSIVE KAFEL,"ООО «""MO'MIN EXCLUSIVE KAFEL"" XUSUSIY KORXONA»",arca,https://api-qr.uzcard.uz
697b43a1ec3edfa148e50e45,DJAMALOV ULUGBEK DURBEKOVICH,ЧП «DJAMALOV ULUGBEK»,generic,https://device.radiomer.uz/api/payment/payme/v2
697c4c74c4a421a1da3e41eb,SAAD Oybek bot,"ООО «""CENTRAL DONER"" MChJ»",generic,https://payment.api.delever.uz/payme
697c57de20e090490061e8e5,EduLaw,ЧП «XOSHIMXONOV XONDAMIR»,generic,https://lawprep.uz/api/v1/webhooks/payme
697c5a6a9eccc7679b552e3c,BELLISSIMO PIZZA,ООО «BELLISSIMO PIZZA INTERNATIONAL»,generic,https://pay.bpnet.uz/api/payment/payme
697c91aee137a340df10f842,SAMIRJON VALIJON O’G’LI,"ООО «""SAMIRJON VALIJON O’G’LI"" MAS'ULIYATI CHEKLANGAN JAMIYAT»",arca,https://api-qr.uzcard.uz
697c94992b69c9940f33a1de,ABDULLOYEV KOMRON XABIBULLO OGLI,ЧП «ABDULLOYEV KOMRON»,generic,https://starsol.uz/api/v1/payment/payme-merchant/
697c94a0b8894eb335dbddb6,ALKO IMPERIA,"ООО «""ALKO IMPERIA"" MCHJ»",arca,https://api-qr.uzcard.uz
697c9874b8894eb335dbddbb,Premium Tv Kino,ЧП «ABDIVOXIDOVA MUNISA ABDINAZAR QIZI»,generic,https://munisa.firstcoders.uz/payments/payme/
697c9d16e137a340df10f852,INTIL EDUCATION,"ООО «""INTIL EDUCATION"" MAS'ULIYATI CHEKLANGAN JAMIYAT»",generic,https://intil-api.qisqa.link/api/payments/payme
697caaefe137a340df10f85e,ЭКОТОК,"ООО «""ECOTOK"" MAS'ULIYATI CHEKLANGAN JAMIYAT»",generic,https://app.ecotok.uz/api/v1/payment/payme/
697cab2de137a340df10f85f,FAYZLI XO`JALIK,"ООО «""FAYZLI XO`JALIK"" MAS'ULIYATI CHEKLANGAN JAMIYAT»",arca,https://api-qr.uzcard.uz
697cb0d637e7e0ce431c0a40,NUROBOD MAKSIMUS,"ООО «""NUROBOD MAKSIMUS"" MAS'ULIYATI CHEKLANGAN JAMIYAT»",arca,https://api-qr.uzcard.uz
697cb6182b69c9940f33a216,Fergana Hotel Tashkent PayConnectBE,"ООО «""FINHELP SOLUTIONS"" MAS'ULIYATI CHEKLANGAN JAMIYAT»",generic,https://cb-pay.exely.com/Payme/generic/terminals/2e8d580c-9700-4da0-82a5-00e835095bbb
697dacabe137a340df10f8b9,NOSIROV MUXRIDDIN PO‘LAT O‘G‘LI,ЧП «NOSIROV MUXRIDDIN»,generic,https://api.cdiprep.com/api/v1/payments/payme
697dafcc6f6726da4827f64b,TWO GREEN FIELDS ООО,"ООО «""TWO GREEN FIELDS"" MAS'ULIYATI CHEKLANGAN JAMIYAT»",generic,https://api.exode.biz/api/v2/payment/rpc/acquiring/e33e06ad-88c2-4456-bf07-35947747a2ba
697dfaf1b8894eb335dbde71,KOFFIT,"ООО «""KOFFIT"" MAS'ULIYATI CHEKLANGAN JAMIYAT»",generic,https://api.coffit.co/api/paycom
697e046337e7e0ce431c1f18,Donat PayFi,ЧП «AVAZOV YAHYOXON»,generic,https://donat.payfi.uz/p/qabul/payme.php
698041536f6726da4827f71c,EVOS,ООО «MCHJ MAK FOOD SERVIS»,generic,https://payment.api.delever.uz/payme
698043fb37e7e0ce431c3be9,EVOS,ООО «MCHJ MAK FOOD SERVIS»,generic,https://qr.evos.uz/api/payme/callback
698049dde137a340df10f9a3,WLCM.UZ,АО «OCTAGRAM»,generic,https://api.wlcm.uz/api/v1/webhooks/payme
69804b2fe137a340df10f9a7,G'IJDUVON GOLDEN RESTAURANT,"ООО «""BAXTIYOR RESTOURANT"" MAS'ULIYATI CHEKLANGAN JAMIYAT»",arca,https://api-qr.uzcard.uz
69808ed06f6726da4827f785,Seenuz Bot,ЧП «JO‘RAYEV NURMUHAMMAD NURALI O‘G‘LI»,generic,https://seen1.uz/system/payments/payme/api.php
69809fa1cedb9df9aedaa339,Doctor Feruz,"ООО «""BANAZIR-ONLINE TA‘LIM"" MCHJ»",generic,https://api.exode.biz/api/v2/payment/rpc/acquiring/cc14cde1-124f-45e8-88f2-3c9bc091755c
6980a2457a162bc340b1b9c6,FINEZA,"ООО «""FINEZA HOUSE"" MAS'ULIYATI CHEKLANGAN JAMIYAT»",arca,https://api-qr.uzcard.uz
6980deb2cedb9df9aedaa365,XUDUDLASHGAN TEZKOR XIZMAT TURLARI,"ООО «""XUDUDLASHGAN TEZKOR XIZMAT TURLARI"" MCHJ»",generic,https://payment.adjaster24.uz/api/payment/payme/transaction
69819c78cedb9df9aedaa3a3,KAMOLON OSH PARKENT,ООО «KAMOLON OSH PARKENT»,generic,https://kamolon.zoomda.uz/backend/payme/
6981a5bbcedb9df9aedaa3b0,PARENTING PARTNER,"ООО «""PARENTING PARTNER"" MCHJ»",generic,https://dev.mom.plus/api/billing/payme/
6981ab7ca15c110cdb64dd4c, FAZLIDDIN-ABDULLOH BIZNES ,"ООО «""FAZLIDDIN-ABDULLOH BIZNES"" MAS'ULIYATI CHEKLANGAN JAMIYAT»",arca,https://api-qr.uzcard.uz
6981ad7df8e6e8491545e8ea, BRAVO-YANGI-DAVR ,"ООО «""BRAVO-YANGI-DAVR"" MAS'ULIYATI CHEKLANGAN JAMIYAT»",arca,https://api-qr.uzcard.uz
6981bb5a587149c90a801440,Xamirli,"ООО «""XAMIRLI"" MAS'ULIYATI CHEKLANGAN JAMIYAT»",generic,https://api.lacafe.uz/api/payments/v1/payme
6981c2e9f8e6e8491545ecf1,Interaktiv Edu,"НОУ «""INTERAKTIV-EDU"" NODAVLAT TA'LIM MUASSASASI»",generic,https://api.exode.biz/api/v2/payment/rpc/acquiring/ba6d9df4-ebd2-45cd-b01d-1ed8dbb1e36d
6981c6f9f8e6e8491545ed89,SARAFAN,ООО «SARAFAN»,generic,https://api.qlay.uz/api/payme/merchant
6981d5ae587149c90a801461,ZIP MOTORS ООО,"ООО «""ZIP MOTORS"" MAS'ULIYATI CHEKLANGAN JAMIYAT»",arca,https://api-qr.uzcard.uz
6981dfc4cedb9df9aedaa402,ILXAMOV GROUP,"ООО «""ILXAMOV GROUP"" MAS'ULIYATI CHEKLANGAN JAMIYAT»",arca,https://api-qr.uzcard.uz
6981e6a3587149c90a801483,АМИРБЕК САННИ ТРЕЙД,"ООО «""AMIRBEK SUNNY TRADE"" MAS'ULIYATI CHEKLANGAN JAMIYAT»",generic,https://amirbek-client-app-api.ibodulla.uz/api/v1/payme
6981f3c3587149c90a801491,KeyStore,ЧП «XASANOV SHAXZOD»,generic,https://api.mated.uz/payment/payme
6981fb7f7a162bc340b1ba94,DELEVER - КУПИ СЛОНА,"ООО «""AMIR APPS"" MCHJ»",generic,https://payment.api.delever.uz/payme
6982dd377a162bc340b1bac3,"ИП ""ANARKULOV BAXTIYAR AZATOVICH""",ЧП «undefined undefined»,arca,https://api-qr.uzcard.uz
6982e2ffa15c110cdb64dde4,DIPCHOCO,"ООО «""DIPCHOCO"" MCHJ»",generic,https://api.lamenu.uz/api/payments/v1/payme
6982e4b37a162bc340b1baca,MAVI,ЧП «undefined undefined»,generic,https://us-central1-fitnero-c4c5e.cloudfunctions.net/paymeWebhook
6982e54bcedb9df9aedaa469,ELSUN INVEST,СП ООО «СП ООО «ELSUN INVEST»»,generic,https://pay.bi-group.org/api/v1/jsonrpc/PayMeExternal/PayMeExternal
6982eb08587149c90a8014ca,NRG HIGH PROJECT,"СП ООО «""NRG HIGH PROJECT"" MCHJ QK»",generic,https://pay.bi-group.org/api/v1/jsonrpc/PayMeExternal/PayMeExternal
6982ebb37a162bc340b1bace,MY-INSURANCE,"АО «""MY-INSURANCE"" AKSIYADORLIK JAMIYATI SUG'URTA TASHKILOTI»",generic,http://online.myinsurance.uz:7223/online/ins/pay_api/payme
6982ec8ba15c110cdb64ddea,UNITX,"ООО «""UNITX"" MAS'ULIYATI CHEKLANGAN JAMIYAT»",generic,https://api.plusmed.uz/be/payme/checkoutcard
6982ed9bcedb9df9aedaa46f,INNOVA CASTLE,"СП ООО «""INNOVA CASTLE"" MCHJ»",generic,https://pay.bi-group.org/api/v1/jsonrpc/PayMeExternal/PayMeExternal
6982edf9587149c90a8014ce,INNOVA CASTLE,"СП ООО «""INNOVA CASTLE"" MCHJ»",generic,https://pay.bi-group.org/api/v1/jsonrpc/PayMeExternal/PayMeExternal
6982ee57a15c110cdb64ddeb,INNOVA CASTLE,"СП ООО «""INNOVA CASTLE"" MCHJ»",generic,https://pay.bi-group.org/api/v1/jsonrpc/PayMeExternal/PayMeExternal
6982eeb57a162bc340b1bad5,INNOVA CASTLE,"СП ООО «""INNOVA CASTLE"" MCHJ»",generic,https://pay.bi-group.org/api/v1/jsonrpc/PayMeExternal/PayMeExternal
6982ef25cedb9df9aedaa471,INNOVA CASTLE,"СП ООО «""INNOVA CASTLE"" MCHJ»",generic,https://pay.bi-group.org/api/v1/jsonrpc/PayMeExternal/PayMeExternal
6982ef83cedb9df9aedaa472,INNOVA CASTLE,"СП ООО «""INNOVA CASTLE"" MCHJ»",generic,https://pay.bi-group.org/api/v1/jsonrpc/PayMeExternal/PayMeExternal
6983092d587149c90a8014f3,Hayot akademiyasi ,ООО «GIZA LUMINA»,generic,https://api.exode.biz/api/v2/payment/rpc/acquiring/37003c09-6ead-4013-a790-1bf8c27bae2b
69831120f8e6e84915460914,NURIDDIN FOOD BURGER,"ООО «""NURIDDIN FOOD BURGER"" MCHJ»",generic,https://api.lamenu.uz/api/payments/v1/payme
6983153df8e6e849154609c1,BUSINESS SCHOOL HR,"ООО «""BIZNES SHKOLA HR"" MAS'ULIYATI CHEKLANGAN JAMIYAT»",generic,https://biznesshkolahr.uz/api/payme
69831f517a162bc340b1bb10,URGANCH TAXI FORTUNA,"ООО «""URGANCH TAXI FORTUNA"" MAS'ULIYATI CHEKLANGAN JAMIYAT»",generic,https://1083taxi.lidertaxi.uz/admin/pay-ment/payme-end-point
69831fa2587149c90a801518,ELSUN INVEST,СП ООО «СП ООО «ELSUN INVEST»»,generic,https://pay.bi-group.org/api/v1/jsonrpc/PayMeExternal/PayMeExternal
69832fcfa15c110cdb64de3a,ELSUN INVEST,СП ООО «СП ООО «ELSUN INVEST»»,generic,https://pay.bi-group.org/api/v1/jsonrpc/PayMeExternal/PayMeExternal
6983313f85f6f6f2ef789924,DELEVER - BAGUS,"ООО «""PREMIUM TAOMLAR"" MAS`ULIYATI CHEKLANGAN JAMIYAT»",generic,https://payment.api.delever.uz/payme
69836f2d85f6f6f2ef78a274,Mohirlar,"ООО «""MOHIRLAR XIZMATI"" MAS`ULIYATI CHEKLANGAN JAMIYAT»",generic,https://mohirlar.udemere.com/payment/update/
6983d094c7593d2550bba202,NEXUSAI,"ООО «""NEXUSAI"" MAS'ULIYATI CHEKLANGAN JAMIYAT»",generic,https://iseller.uz/api/v1/billing/payme/webhook
698438b49b4bfc69af14d9e7,CARAVAN GROUP DELIVERY,ООО «CARAVAN GROUP DELIVERY»,generic,https://api.lamenu.uz/api/payments/v1/payme
69843fa2c7593d2550bba235,CHINOZ ORZULAR QANOTI,"СП «""CHINOZ ORZULAR QANOTI"" OILAVIY KORXONA»",arca,https://api-qr.uzcard.uz
6984433f6bdfe38b970141d3,ИМПЕРИЯ БИЗНЕСА,"ООО «""BUSINESS-EMPIRE"" MCHJ»",generic,https://multihub.uz/api/v1/payments/payme/callback
69844704c7593d2550bba23f,BI GROUP SADO,"ООО «""AMIR ESTATES"" MCHJ XK»",generic,https://pay.bi-group.org/api/v1/jsonrpc/PayMeExternal/PayMeExternal
698447696bdfe38b970141da,BI GROUP SADO,"ООО «""AMIR ESTATES"" MCHJ XK»",generic,https://pay.bi-group.org/api/v1/jsonrpc/PayMeExternal/PayMeExternal
698447b385f6f6f2ef78aeb8,MEDICARE,"ООО «""MEDICARE"" MCHJ»",generic,https://api.medicare.uz/api/paycom/webhook
698448a4c7593d2550bba248,INNOVA CASTLE,"СП ООО «""INNOVA CASTLE"" MCHJ»",generic,https://pay.bi-group.org/api/v1/jsonrpc/PayMeExternal/PayMeExternal
698460c4086644debfbcf178,NURMUXAMEDOVA KAMILA ANVAROVNA,ЧП «NURMUXAMEDOVA KAMILA»,generic,https://back.kam-unity.com/api/ppayment/paymeuz
698467e36bdfe38b970141f8,USPEAK,"ООО «""USPEAK"" MAS'ULIYATI CHEKLANGAN JAMIYAT»",generic,https://api.exode.biz/api/v2/payment/rpc/acquiring/d61370ce-7034-4063-bb96-9fdc10303aa9
69846eff9b4bfc69af14da23,YATT KARIMBEKOV ARTYOM TIMUROVICH,ЧП «undefined undefined»,generic,https://api.2pay.uz/api/payments/payme/
6984884a9b4bfc69af14da43,SAMARKAND TOURISTIC CENTRE,ООО «SAMARKAND TOURISTIC CENTRE MCHJ»,generic,http://delivery-srs.uz/?wc-api=wc_payme
6984889e85f6f6f2ef78b99a,YAPONA CHIRCHIK,"ООО «""YAPONA CHIRCHIK"" MAS'ULIYATI CHEKLANGAN JAMIYAT»",generic,https://payment.api.delever.uz/payme
698489766bdfe38b9701421d,YATT KARIMBEKOV ARTYOM TIMUROVICH,ЧП «undefined undefined»,generic,https://api.2pay.uz/api/payments/payme/
698489ec086644debfbcf1bf,PLOFF KEBAB - DELEVER,ЧП «IBROXIMOV MIRAFZAL»,generic,https://payment.api.delever.uz/payme
69848ddf086644debfbcf1c4,ALKO IMPERIA,"ООО «""ALKO IMPERIA"" MCHJ»",arca,https://api-qr.uzcard.uz
69848e6b086644debfbcf1c6,ALKO IMPERIA,"ООО «""ALKO IMPERIA"" MCHJ»",arca,https://api-qr.uzcard.uz
698497dc086644debfbcf1d4,Zo'rMarket,"ООО «""STAR COMPLEX GROUP"" MAS`ULIYATI CHEKLANGAN JAMIYAT»",generic,https://zormarket.uz/payments/payme/
69849b18803b08797f25c6a6,BI GROUP,"ООО «""4YOU TASHKENT"" MAS'ULIYATI CHEKLANGAN JAMIYAT»",generic,https://pay.bi-group.org/api/v1/jsonrpc/PayMeExternal/PayMeExternal
6984d982803b08797f25c6b6,CODE HERO,"ООО «""CODE HERO"" MCHJ»",generic,https://gff-test-backend-production.up.railway.app/api/payme
69857edb3aba138c0640b045,AKROMOV ABDURAXMON OLIMJON O‘G‘LI,ЧП «undefined undefined»,generic,http://kado121.com/payme
69857ff5d3320bb4dbf71cc4,WIN-WIN TRAINING,"ООО «""WIN-WIN TRAINING"" MAS'ULIYATI CHEKLANGAN JAMIYAT»",generic,https://top-buxgalter.vercel.app/api/payment/paycom
698581453ae533b283c2a9a8,Karvan Turkish,ООО «CESME»,generic,https://api.lamenu.uz/api/payments/v1/payme
69858d42803b08797f25c6d6,MONTELLA,ООО «NAVRUZ INTERNATIONAL CORP»,generic,https://montella2.botagent.uz/payment/paycom
69858f763ae533b283c2a9b3,YAXSHILIK IZLAB,"ООО «""YAXSHILIK IZLAB"" MAS'ULIYATI CHEKLANGAN JAMIYAT»",generic,https://back.prava-olamiz.uz/paycom
698591813ae533b283c2a9b5,ATMOS,"АО «""NATIONAL INNOVATIVE PAYMENT TECHNOLOGIES"" AO»",generic,https://callback.atmos.uz/payme-callback
6985983e803b08797f25c6df,AI BUHGALTER BOT,"ООО «""BUSINESS STRATEGY GROUP"" MAS'ULIYATI CHEKLANGAN JAMIYAT»",generic,https://api.telegrambot.biznesapp.uz/api/payme
69859a4e3ae533b283c2a9bc,YATT KARIMBEKOV ARTYOM TIMUROVICH,ЧП «undefined undefined»,generic,https://api.2pay.uz/api/payments/payme/
69859a703ae533b283c2a9bd,YATT KARIMBEKOV ARTYOM TIMUROVICH,ЧП «undefined undefined»,generic,https://api.2pay.uz/api/payments/payme/
69859a913aba138c0640b068,YATT KARIMBEKOV ARTYOM TIMUROVICH,ЧП «undefined undefined»,generic,https://api.2pay.uz/api/payments/payme/
69859ab1803b08797f25c6e6,YATT KARIMBEKOV ARTYOM TIMUROVICH,ЧП «undefined undefined»,generic,https://api.2pay.uz/api/payments/payme/
69859ad23aba138c0640b06a,YATT KARIMBEKOV ARTYOM TIMUROVICH,ЧП «undefined undefined»,generic,https://api.2pay.uz/api/payments/payme/
6985a896cbfbcd8727797975,"""SARDOBA BOZORI"" mas'uliyati cheklangan jamiyati","ООО «""SARDOBA BOZORI"" MAS'ULIYATI CHEKLANGAN JAMIYAT»",generic,https://payment.webhook.aqllibozor.uz/api/transaction/payme/6985a896cbfbcd8727797975
6985afe93aba138c0640b074,SHAVKATOV UMARJON IKROMOVICH,ЧП «undefined undefined»,generic,https://api.coffeebox.uz/api/payments/payme/
6985bfc3cbfbcd872779802b,SAIDUMAR IMRON ООО,"ООО «""SAIDUMAR IMRON"" MAS'ULIYATI CHEKLANGAN JAMIYAT»",arca,https://api-qr.uzcard.uz
6985c4573aba138c0640b084,БРАЙГТ,"ООО «""BRIGHT WAY DISTRIBUTION"" MAS'ULIYATI CHEKLANGAN JAMIYAT»",generic,https://horselife.mediasolutions.uz/api/v1/payme
69874b603ae533b283c2aa8f,Bolajoon.uz,"ООО «""TEAM-X IT-HUB"" MCHJ»",generic,https://bolajoon.uz/api/payme/callback
69878c033ae533b283c2aa9a,30 Fit,ЧП «undefined undefined»,generic,https://api.30fit.uz/api/payme/merchant
69896f653aba138c0640b186,ABDUMAJIDOV MUXAMMADQODIR RIHSIBOY O‘G‘LI,ЧП «undefined undefined»,arca,https://api-qr.uzcard.uz
69899261803b08797f25c859,"ООО ""QUANTUM LABS""","ООО «""QUANTUM LABS"" MAS'ULIYATI CHEKLANGAN JAMIYAT»",generic,https://api.talabaa.uz/api/payments/callback/payme
6989b84d83d15385965305a1,ZAHRATUN FOOD,"ООО «""AIRAN GROUP"" MCHJ»",generic,https://zh.uniplatforms.uz/api/handle/payme
6989be2f86cf91b71aea245c,FINEZA Эркин ARCA,"ООО «""LUNA GOLD PRO"" MCHJ»",arca,https://api-qr.uzcard.uz
6989be5786cf91b71aea245d,Aura Нурафшон ARCA,"ООО «""LUNA GOLD PRO"" MCHJ»",arca,https://api-qr.uzcard.uz
6989d777142793774791be89,ОНА ТИЛИ ВА АДАБИЕТ,"ООО «""AZIZ-UMID-QODIR"" MAS'ULIYATI CHEKLANGAN JAMIYAT»",generic,https://umidjon-qodirov.firstcoder.uz/payments/payme/
6989e44ffbded68adbc844f7,AI MANAGER,"ООО «""AI MANAGER"" MAS'ULIYATI CHEKLANGAN JAMIYAT»",generic,https://api.exode.biz/api/v2/payment/rpc/acquiring/04014b2c-2c54-4ed5-b0b2-c8e5d8c76307
6989e5ed6276ae4d7c42febe,FRAKO DISTRIBUTION,"ООО «""FRAKO DISTRIBUTION"" MAS'ULIYATI CHEKLANGAN JAMIYAT»",arca,https://api-qr.uzcard.uz
6989e60d6276ae4d7c42febf,FRAKO DISTRIBUTION,"ООО «""FRAKO DISTRIBUTION"" MAS'ULIYATI CHEKLANGAN JAMIYAT»",arca,https://api-qr.uzcard.uz
6989e632b4e6a416f7632044,FRAKO DISTRIBUTION,"ООО «""FRAKO DISTRIBUTION"" MAS'ULIYATI CHEKLANGAN JAMIYAT»",arca,https://api-qr.uzcard.uz
6989e660142793774791be96,FRAKO DISTRIBUTION,"ООО «""FRAKO DISTRIBUTION"" MAS'ULIYATI CHEKLANGAN JAMIYAT»",arca,https://api-qr.uzcard.uz
698ace5e6276ae4d7c42feed,Rakat Hod Dog,ЧП «PULATOVA MALIKA»,generic,https://api.lamenu.uz/api/payments/v1/payme
698ace9bfbded68adbc84534,Ice City Test,ЧП «Pro Rent»,generic,https://ice-city-payment-gateway.knative-fn.ice-city.uz/v1/payme
698acfb3fbded68adbc84535,TARTINE BAKERY,"ООО «""TARTINE BAKERY"" MCHJ»",generic,https://payment.api.delever.uz/payme
698b147f2366208413d2c948,BIRINCHI BUSINESS CLUB,"ООО «""YANGI TADBIRKORLAR KLUBI"" MCHJ»",generic,https://bbc-server.qisqa.link/payme/callback
698b15684bee285957ef3071,GRAND ELECTRA MALL MCHJ,"ООО «""GRAND ELECTRA MALL"" MAS'ULIYATI CHEKLANGAN JAMIYAT»",generic,https://api.v2.mediapark.uz/external/payme
698b2b1a4bee285957ef308a,DELEVER - CHITIR BAYNALMILAL,"ООО «""CHITIR-CHITIR DODASI"" MAS'ULIYATI CHEKLANGAN JAMIYAT»",generic,https://payment.api.delever.uz/payme
698b2e2e4bee285957ef308e,Yapona Mama TTZ Delever,"ООО «""YM TTZ"" MAS'ULIYATI CHEKLANGAN JAMIYAT»",generic,https://payment.api.delever.uz/payme
698b31844bee285957ef3091,AMERICAN UNIVERSITY OF TECHNOLOGY,"ООО «""AMERIKA TEXNOLOGIYALAR UNIVERSITETI"" MAS'ULIYATI CHEKLANGAN JAMIYAT QO`SHMA KORXONA»",generic,https://pays.4u.uz/
698b330e2366208413d2c967,BU OTABEK MAKTABI,"ООО «""BU OTABEK MAKTABI"" XK»",generic,https://tafakkurxazinasi.uz/webhooks/payme
698c13e8c258fc71a74dc732,MARKET KA-1988 ,"ООО «""MARKET KA-1988"" MCHJ»",arca,https://api-qr.uzcard.uz
698c1e83f7c89c2bb7cf9fc2,QAND RESTORAN- DELEVER,"ООО «""LIDERPOLE"" MCHJ»",generic,https://payment.api.delever.uz/payme
698c20bc88dfaf7041822cad,ENERGO SVYAZSTROY,"ООО «""ENERGO SVYAZSTROY"" MCHJ»",generic,https://networkskills.uz/?wc-api=wc_payme
698c5159f7c89c2bb7cfa87a,Dalir House,"ООО «""TEMIROV MALIK XAMRO O‘G‘LI"" MCHJ»",arca,https://api-qr.uzcard.uz
698c53bb88dfaf7041822ce7,SanminLMS,"undefined «""O‘ZBEKISTON RESPUBLIKASI SOG‘LIQNI SAQLASH VAZIRLIGI HUZURIDAGI SANITARIYA-EPIDEMIOLOGIK OSOYISHTALIK VA JAMOAT SALOMATLIGI QO‘MITASI"" DAVLAT MUASSASASI»",generic,https://study.sanepid.uz/api/LMS/payment/paymelms
698c692288dfaf7041822cff,VRTOURS,"ООО «""VRTOURS"" MAS'ULIYATI CHEKLANGAN JAMIYAT»",generic,https://vrtours-back-production.up.railway.app/payme
698c6ea6abe27dc5e576e838,BLACAR,"ООО «""BLACAR"" MCHJ»",generic,https://bot-api.ishchitop.uz/handle/payme
698c793d2366208413d2c9f6,YATT QAXOROVA BARNO NURIDDINOVNA,ЧП «undefined undefined»,generic,https://b.ivend.uz/payme/api/v1/ia7R2bypv5rDh8xCqNff/rpc
698c7d94f7c89c2bb7cfafc0,SHOFYOR,ООО «PROGRAMMER UZ»,generic,https://shofyor.uz/payments/callback
698c809eabe27dc5e576e840,YATT ABDULXOSHIMOV YAXYOBEK KARIM O’G’LI,ЧП «ABDULXOSHIMOV YAXYOBEK»,generic,https://b.ivend.uz/payme/api/v1/zojrsQl6CjpUPMvQfKpK/rpc
698cd12a2366208413d2ca1c,MOHIDUB,ЧП «undefined undefined»,generic,https://api.mohidub.uz/payment/payme
698d6608abe27dc5e576e86d,Saif-Optima,ООО «SAIF-OPTIMA»,generic,https://api.coffeebox.uz/api/payments/payme/
698d6962f7c89c2bb7cfbc5f,TARELKA FOOD,"ООО «""TARELKA FOOD"" MAS'ULIYATI CHEKLANGAN JAMIYAT»",generic,https://api.lamenu.uz/api/payments/v1/payme
698d6d5aabe27dc5e576e872,ТЕРМИНАЛ,ООО «PILOT AI SYSTEMS»,generic,https://avtopilotuz.up.railway.app/api/payme/callback
698d770d2366208413d2ca3c,MINOR ZOOMDA,"ООО «""DARYO BY BURSA"" MCHJ»",generic,https://bursa.zoomda.uz/backend/payme/
698d78034bee285957ef317c,DMED,"ООО «""YAGONA INTEGRATOR-UZINFOCOM"" MCHJ»",generic,https://api.dmed.uz/pay/payme
698d81ac88dfaf7041822d70,NORKULOV UMIDJON ISRAILOVICH,ЧП «NORKULOV UMIDJON»,generic,https://unicombot.uz/api/payme
698d9dd5240a0cb567717b14,Zukko.ai,"ООО «""SUMMERTECH"" MAS'ULIYATI CHEKLANGAN JAMIYAT»",generic,https://app.zukko.ai/billing_webhooks/payme
698dae75675dd36ce0738ff9,VITALWORLD,"ООО «ЧП ""VITAL WORLD""»",generic,https://selva-bot.uz/api/payments/payme
698db07a0df7763737e1e227,Sufra restaurant,"СП «""GRANDHAYOT"" OILAVIY KORXONA»",generic,https://api.lamenu.uz/api/payments/v1/payme
698db517364df48c3ebc087c,LIDERPOLE,"ООО «""LIDERPOLE"" MCHJ»",generic,https://payment.api.delever.uz/payme
698db689bdf9e057f8c93b7a,RASHIDOV ROVSHANBEK SULTANBEKOVICH,ЧП «RASHIDOV ROVSHANBEK»,generic,https://trainer.asosit.uz/api/payme
698dc18b364df48c3ebc0887,RIZAYEV BEKZOD SHUXRATJONOVICH,ЧП «RIZAYEV BEKZOD»,generic,https://admin.mockcenter.uz/api/payments/webhook/payme
698dc53d0df7763737e1e243,HAMDAMOV XOLMAMAT,ЧП «HAMDAMOV XOLMAMAT»,generic,https://bot.javokhirbek.uz/api/v1/payments/payme
698dce22f903701893d2471c,YATT SHAYMATOVA UMIDAXON KAMOLLIDINOVNA,ЧП «SHAYMATOVA UMIDAXON»,generic,https://b.ivend.uz/payme/api/v1/yESFLkiY5M9ITw5w3yl3/rpc
698dcf8dbdf9e057f8c93b8c,WEBSTER UNIVERSITY IN TASHKENT,"НОУ «""TOSHKENT SHAHRIDA VEBSTER UNIVERSITETINING TA`LIM DASTURLA»",generic,https://mept.webster.uz/api/v1/orders/payme/
698ddcfcbdf9e057f8c93b97, Zamin market,"СП «""ZANGIOTA-ZAMIN BIZNES"" OK»",arca,https://api-qr.uzcard.uz
698e1392364df48c3ebc08a7,Мирзаахмедова Сурайё Мирхалиловна,ЧП «MIRZAAXMEDOVA SURAYYO»,generic,https://device.radiometr.uz/api/payment/payme/v2
698ebf4f364df48c3ebc08bf,SALAMA,"ООО «""CHAYXONA"" MAS'ULIYATI CHEKLANGAN JAMIYAT»",generic,https://payment.api.delever.uz/payme
698ec29a364df48c3ebc08c0,AS GULYAMOV,"ООО «""AS GULYAMOV"" XK»",arca,https://api-qr.uzcard.uz
698ec8bb675dd36ce073a72e,Мирзаахмедова Сурайё Мирхалиловна,ЧП «MIRZAAXMEDOVA SURAYYO»,generic,https://device.radiomer.uz/api/payment/payme/v2
698ed587f903701893d24770,LEDY FOOD,"ООО «""LEDY FOOD"" MCHJ»",generic,https://api.lamenu.uz/api/payments/v1/payme
698ed58c675dd36ce073a9b7,DJURAYEVA MAFTUNA ILXOMBEK QIZI,ЧП «DJURAYEVA MAFTUNA»,generic,https://api.coffeebox.uz/api/payments/payme/
698ed66d675dd36ce073a9cc,Uyg`urcha,"ООО «""MANT"" MCHJ»",generic,https://api.lamenu.uz/api/payments/v1/payme
698eeabef903701893d24782,TOSHBULOQ DEXQON BOZORI,"ООО «""TOSHBULOQ DEHQON BOZORI"" MAS'ULIYATI CHEKLANGAN JAMIYAT»",generic,https://payment.webhook.aqllibozor.uz/api/transaction/payme/698eeabef903701893d24782
698eec220df7763737e1e2a1,USMONXO‘JAYEV NOSIRXO‘JA ILYOS O‘G‘LI,ЧП «USMONXO‘JAYEV NOSIRXO‘JA»,generic,https://api.exode.biz/api/v2/payment/rpc/acquiring/7423d2de-fd9f-4e23-a059-c78c01fd88ab
698ef085f903701893d24787,MULTICARD PAYMENT,"ООО «""MULTICARD PAYMENT"" AJ»",generic,https://mesh.multicard.uz/payment/callback/payme
698ef2aabdf9e057f8c93bfc,INCREASE GROUP,"ООО «""INCREASE GROUP"" XK»",arca,https://api-qr.uzcard.uz
698ef5a40df7763737e1e2a5,ALIMXAN HOTEL GROUP PayConnectBE,"ЧП «""ALIMXAN HOTEL»",generic,https://cb-pay.exely.com/Payme/generic/terminals/fc5bf06d-1cb8-4ed2-84b4-9d2b39d90905
698ef957675dd36ce073af65,VITALWORLD,"ООО «ЧП ""VITAL WORLD""»",generic,https://billing.vital.uz/handle/payme
698f0df2364df48c3ebc08fb,MAQSUDXONOV ABDURAUF ALIXON O‘G‘LI,ЧП «MAQSUDXONOV ABDURAUF»,generic,https://cherishthestyle.uz/api/payment/payme/callback
698f10cc675dd36ce073b3c9,DONNA,"ООО «""DONNA"" MCHJ»",generic,https://donnawater-payment.uz/payments/payme
698f19ec364df48c3ebc0906,XURSANOV FARXOD CHORIYEVICH,ЧП «XURSANOV FARXOD»,generic,https://bot.neoosmm.uz/api/payme
698f57e6364df48c3ebc092c,01AI,"ООО «""MLCOMMUNITY"" MCHJ»",generic,https://app-dev.01ai.uz/api/v1/payme
698fb48dbdf9e057f8c93c44,Steppe Lab,"ООО «""STEPPE VENTURE BUILDERS"" MAS'ULIYATI CHEKLANGAN JAMIYAT»",generic,https://dasht.udemere.com/api/v1/payments/payme/webhook/
6991a6780df7763737e1e36b,Everest Education,"ООО «""EVEREST ACADEMY"" MCHJ»",generic,https://api.everestlc.uz/api/v1/payment/paycom/
6992a960364df48c3ebc09e5,АСР MАРКЕТ 1 касса,"ООО «""ASR DEKABR"" MAS'ULIYATI CHEKLANGAN JAMIYAT»",arca,https://api-qr.uzcard.uz
6992a984f903701893d2486f,АСР MАРКЕТ 2 касса,"ООО «""ASR DEKABR"" MAS'ULIYATI CHEKLANGAN JAMIYAT»",arca,https://api-qr.uzcard.uz
6992ad77280184a61385e1c1,BAZARLYK,"ООО «""BAZARLYK"" MCHJ»",arca,https://api-qr.uzcard.uz
6992b1c1675dd36ce073e8c2,SLAYDXBOT,ЧП «undefined undefined»,generic,https://slaydx.uz/payme
6992b5fabdf9e057f8c93cf7,ZONTIK,"ООО «""ZONTIK"" MCHJ»",arca,https://api-qr.uzcard.uz
6992b6970df7763737e1e3a5,QuizlyMarket,ЧП «TOXIROV SAMANDAR SANJAR O‘G‘LI»,generic,https://apiquizly.corelabs.uz/api/payments/webhook/payme
6992bd45675dd36ce073ea97,"ABDIMALIK ABU ABDUVOHID""","ООО «""ABDIMALIK ABU ABDUVOHID"" MCHJ»",arca,https://api-qr.uzcard.uz
6992be88bdf9e057f8c93d04,YAXSHIMURODOV SUNNATULLA ISROILOVICH,ЧП «YAXSHIMURODOV SUNNATULLA»,generic,https://uzbwallet.uz/bot/api/payme_callback.php
6992bfba0df7763737e1e3ae,SELVA,"ООО «ЧП ""VITAL WORLD""»",generic,https://billing.vital.uz/handle/payme
6992ec5e364df48c3ebc0a13,TRENDBOX,ЧП «YARMASH VASILIY»,generic,https://backend.admin.tgshop.io/api/v1/payme/webhook
6992efb8bdf9e057f8c93d29,FITCITY,"ООО «""FITCITY"" MCHJ»",generic,https://service.fitcity.uz/payment/payment/endpoint?provider=payme
6992fcc0f903701893d248c0,ASIA INSURANCE SUG`URTA KOMPANIYASI,АО «ASIA INSURANCE SUG`URTA KOMPANIYASI AJ»,generic,https://online.asia-insurance.uz/apex/ins/pay_api/payme
699303c7280184a61385ef43,GREENLEAF SUPER-MARKET,"ООО «""GREENLEAF SUPER-MARKET SAMARQAND"" MCHJ»",arca,https://api-qr.uzcard.uz
69931055bdf9e057f8c93d59,YATT ZOKIROV HIKMATILLA SHAVKATILLA O'G'li,ЧП «ZOKIROV HIKMATILLA»,generic,https://api.avtoshablonlar.uz/payment/webhook/payme
699317ba0df7763737e1e40d,scoreup.uz,ЧП «ESHQUVVATOV ELBEK»,generic,https://p-api.scoreup.uz/payment-operations/payme
6993feadd7666fbb5b9be71f,ABDUSATTOROVA MADINABONU,ЧП «ABDUSATTOROVA MADINABONU»,generic,https://app.matrixai.art/api/v1/payments/payme/webhook
6994007b6aa0f49226897d8f,ПРАВА ЭКСПЕРСС,ЧП «ESIRGADIYEV SHERZOD»,generic,https://api.prava-prime.uz/api/payme
69940ad2d7666fbb5b9be72a,ZIYADILLAYEV SIROJIDDIN ERGASH O‘G‘LI,ЧП «ZIYADILLAYEV SIROJIDDIN»,generic,https://dev-api.uzchorva.uz/api/payments/payme
69940cb03b600d6faf58a60a,BEX GOLD,"ООО «""BEK GOLD COMMUNITY"" MCHJ»",generic,https://www.iqroadminpanel.uz/payme
69940f6b88c58d26c8e5eca9,IZGARA,"ООО «ЧП ""INTERNATIONAL-MARMARA-GROUP""»",generic,https://api.izgara-food.uz/payme/webhook
699447aa88c58d26c8e5ed2b,YATT ZOKIROV HIKMATILLA SHAVKATILLA O'G'li,ЧП «ZOKIROV HIKMATILLA»,generic,https://avtoshablon.uz/avtotest/payment/webhook/payme/
69944fd83b600d6faf58b212,ABDUG'ANIYEV ABDUG'OFUR,ЧП «ABDUG‘ANIYEV ABDUG‘OFUR»,generic,https://englify.atletai.uz/payment/payme
699454286aa0f49226897e1c,TestIn,"ООО «""OPTOMARKET BUSINESS"" MCHJ»",generic,https://testin.uz/api/payme/webhook
6994585035c8eca008f0b9a4,Unify AI,ЧП «RAXMONALIYEV JAMSHIDBEK»,generic,http://5.189.179.67/api/payme/
6994595ad7666fbb5b9be7ae,SHOVOT OMAD 1,"ООО «""SHOVOT OMAD"" MCHJ»",arca,https://api-qr.uzcard.uz
699459b23b600d6faf58b38f,SHOVOT OMAD 2,"ООО «""SHOVOT OMAD"" MCHJ»",arca,https://api-qr.uzcard.uz
699463cc88c58d26c8e5ed50,СУЛЕЙМАНОВА,ЧП «SULEYMANOVA SHOIRA»,generic,https://api.rememberme.uz/api/payments/payme/pay
6994ad1535c8eca008f0b9d0,MILLI,"ООО «""MYSTAR"" MCHJ»",generic,https://api.milli.uz/api/v1/payments/callback/payme
69956f6988c58d26c8e5edaa,FUNKIDS,ЧП «Рузматов Фуркат»,generic,https://api.cosmass.uz/api/payme
699570fc280184a61386200e,IRN8GROUP,"ООО «""IRN8GROUP"" MCHJ»",arca,https://api-qr.uzcard.uz
6995936725fda506beff8624,AMANBAYEV AYBEK JENGISBAYEVICH,ЧП «AMANBAYEV AYBEK»,generic,https://prod.tindy.uz/api/v1/payme/endpoint/
69959a823f3d9a3f447e557b,VisaMetric,"СП ООО «""VISAMETRIC"" MCHJ»",generic,https://uzb.blsdemo.com/global/payment/PaymeCreateTransaction
6995b0562af4b16d2d2553c4,Fox gaming,"ООО «""OLTIN GAME"" MCHJ»",generic,https://api.icafecloud.com/api/v2/cafe/72471/paycom/merchant
6995b2d42af4b16d2d2553c6,"ООО ""THE BEST CAFE""","ООО «""THE BEST CAFE"" MCHJ»",generic,https://payment.api.delever.uz/payme
6995b6277a018d461926c734,Yeteyk,ООО «MASOFA TECHNOLOGIES»,generic,https://jfepstkrxafaanrprqoc.supabase.co/functions/v1/payme/webhook
6995b9cd445efba1cb567597,BU OTABEK MAKTABI,"ООО «""BU OTABEK MAKTABI"" XK»",generic,https://beta.getjilo.com/payment/payme
6995c261bff6d44d56d6f0bf,BBCOWORKING PayConnectBE,"ООО «""BBCOWORKING"" MAS'ULIYATI CHEKLANGAN JAMIYAT»",generic,https://cb-pay.exely.com/Payme/generic/terminals/21944632-4554-4892-9e12-8686c5ac96b4
6996a10ebff6d44d56d6fd3f,INFINITY MEDIA PRESS,"ООО «""INFINITY MEDIA PRESS"" MAS'ULIYATI CHEKLANGAN JAMIYAT»",generic,https://vipwords.org/api/payment/payme/callback/
6996a4557a018d461926c767,CARAVAN BROKER,"ООО «""CARAVAN BROKER"" MCHJ»",generic,https://caravantranzit.uz/api/payme
6996a791445efba1cb5675df,Leo Holding,"ООО «""LEO HOLDING"" MAS'ULIYATI CHEKLANGAN JAMIYAT»",generic,https://payment.api.delever.uz/payme
6996aff6445efba1cb5675eb,Gur Emir Hotel PayConnectBE,"ООО «""MARACANDA HOTEL"" MCHJ»",generic,https://cb-pay.exely.com/Payme/generic/terminals/8a8b69fd-bd26-424a-9ee3-628853d592fb
6996b2412af4b16d2d25540d,Ok Hotel PayConnectBE,"ООО «""TAS BLOOM"" MCHJ»",generic,https://cb-pay.exely.com/Payme/generic/terminals/9dea0152-e2e2-466c-bda8-e2e72a08916a
6996b5cb7a018d461926c784,YATT NEMATOV ABDUQODIR G’AYRATJON O’G’LI,ЧП «NEMATOV ABDUQODIR»,generic,https://b.ivend.uz/payme/api/v1/HDTKoyNx8lqjoRyrqEOr/rpc
6996b772445efba1cb5675fc,Avenue Park Hotel PayConnectBE,"ООО «""AVESTA TECHNOLOGY"" MCHJ»",generic,https://cb-pay.exely.com/Payme/generic/terminals/bc06621e-cfc7-4b9b-b418-fc92ea5180d9
6996c832bff6d44d56d703ec,EVOS,ООО «MCHJ MAK FOOD SERVIS»,generic,https://payment.api.delever.uz/payme
6996c8c9445efba1cb567612,EVOS,ООО «MCHJ MAK FOOD SERVIS»,generic,https://payment.api.delever.uz/payme
6996cd05bff6d44d56d70480,BB Guest House PayConnectBE,"ООО «""BBWORKS"" MCHJ»",generic,https://cb-pay.exely.com/Payme/generic/terminals/8358d6a0-8076-403b-bb3c-210ec56851e8
6996d408bff6d44d56d705cc,Zifra POS,"СП «""INNOVATION SOFTWARE"" OK»",generic,https://billing.inware.uz/?a=service_payments/payme/1
6996db866bec15170fc44ca8,TANTANA,"ООО «""TANTANA ENTERTAINMENT"" MAS'ULIYATI CHEKLANGAN JAMIYAT»",generic,https://dev.tantana.group/api/v1/payme-order-callback/
69982ace0e65b3c1a5e9114d,BOSHLANG`ICH TA`LIM JURNALI TAHRIRIYATI,"ООО «""BOSHLANG`ICH TA`LIM"" JT»",generic,https://btshop.uz/api/Payme
69982b0d8dbbeda52ae0ebd0,AZBI,"ООО «""AZBI"" MCHJ»",generic,https://payment2.azbicoffee.uz/api/webhook/payme
699843168dbbeda52ae0ebdd,Muzafarov Sherzod Qobil o’g'li,ЧП «MUZAFAROV SHERZOD»,generic,https://tiamo.uz/?wc-api=wc_payme
69984b01ddf3b64947d4ac69,GRAMIR,"ООО «""GRAMIR"" MCHJ»",generic,https://api-chat.gramir.uz/payme/merchant
69984f530e65b3c1a5e9117d,VLADISLAV NAM,"ООО «""VLADISLAV NAM"" MAS'ULIYATI CHEKLANGAN JAMIYAT»",arca,https://api-qr.uzcard.uz
699855d776fc9589d2d719a6,TRASSA GO,"ООО «""TRASSA GO"" MCHJ»",generic,https://213.230.120.90:4433/billing/paycom/
699857a076fc9589d2d719aa,HOMEWELL,"ООО «""HOMEWELL"" MAS'ULIYATI CHEKLANGAN JAMIYAT»",generic,https://homewell.mirico.uz/homewell/hs/payment/payme
69985c3218d4aec46b806d11,FONON,"ООО «""GOLD MOON TASHKENT"" MAS'ULIYATI CHEKLANGAN JAMIYAT»",arca,https://api-qr.uzcard.uz
69985c4018d4aec46b806d3f,FONON,"ООО «""GOLD MOON TASHKENT"" MAS'ULIYATI CHEKLANGAN JAMIYAT»",arca,https://api-qr.uzcard.uz
69985c5018d4aec46b806d6d,FONON,"ООО «""GOLD MOON TASHKENT"" MAS'ULIYATI CHEKLANGAN JAMIYAT»",arca,https://api-qr.uzcard.uz
69985c5a18d4aec46b806d9b,FONON,"ООО «""GOLD MOON TASHKENT"" MAS'ULIYATI CHEKLANGAN JAMIYAT»",arca,https://api-qr.uzcard.uz
6998679b1c75c71638d39134,YATT NASIROV SARDOR SHUKURILLAYEVICH,ЧП «NASIROV SARDOR»,generic,https://b.ivend.uz/payme/api/v1/zxI7ruj8knJe3xlXgVuS/rpc
6998680e8dbbeda52ae0ebf2,IDEAL Питьевая вода,ООО «IDEAL WATER SERVIСЕ»,arca,https://api-qr.uzcard.uz
699972b88dbbeda52ae0ec56,Storely.uz,ЧП «undefined undefined»,generic,https://api.storely.uz/webhooks/payme
699bc8bc76fc9589d2d71ab9,SUSHI-MUSHI GROUP,"ООО «""SUSHI-MUSHI GROUP"" MAS'ULIYATI CHEKLANGAN JAMIYAT»",generic,https://sushi-mushi.mubiyn.uz/with-payment/payment/paycom/
699be90d1c75c71638d3c08c,SUSHI YUMMY,"ООО «""SUSHI YUMMY"" MCHJ»",generic,https://payment.api.delever.uz/payme
699bf531882f0c65c9213949,OYBEK YOUTUBER ООО,"ООО «""OYBEK YOUTUBER"" MCHJ»",generic,https://aypi.uz:1201/oybek/payme
699c0a9d882f0c65c9213c26,DAFTARON,"ООО «""DAFTARON"" MCHJ»",generic,https://daftaron.firstcoder.uz/api/payme/merchant
699c168a76fc9589d2d71ae8,Алиев,"ООО «""GOLD MOON TASHKENT"" MAS'ULIYATI CHEKLANGAN JAMIYAT»",arca,https://api-qr.uzcard.uz
699c339c882f0c65c9214564,MEGAFILM,"ООО «""TOTMEGA"" MCHJ»",generic,https://api.megafilm.uz/merchant/payme/callback
699c49990fb4efc570e32433,"""S-VOSTOK BUSINESS"" XK","ООО «""S-VOSTOK BUSINESS"" XUSUSIY KORXONA»",arca,https://api-qr.uzcard.uz
699c62ed0fb4efc570e3243f,СИФАТ ОНЛАЙН,ЧП «JO‘RAYEVA NAZOKAT»,generic,https://sifato.uz/payment/payme/
699d3fc5514859d86d867f6e,AZIZ KIDS KLUB,"ООО «""AZIZ KIDS KLUB"" MCHJ»",generic,https://stadio-backend-pythoon-production.up.railway.app/api/v1/payme
699d4870bbf6bc7219737488,VITALWORLD,"ООО «ЧП ""VITAL WORLD""»",generic,https://selvapp.uz/api/payments/payme
699d651fbbf6bc72197374aa,ХИЗМАТ ПРО,ЧП «NOZILOV ABDUMALIK»,generic,https://api.xizmatpro.uz/api/payment/payme
699d791c6f9dfa3d1d88c2e3,GEEK BAR 1,"ООО «""FAITH TRADING"" MCHJ»",arca,https://api-qr.uzcard.uz
699d79400fb4efc570e324a7,GEEK BAR 2,"ООО «""FAITH TRADING"" MCHJ»",arca,https://api-qr.uzcard.uz
699d7a10bbf6bc72197374cc,MEGA CTR,"ООО «""MEGA CTR"" MCHJ»",generic,https://ctr.zoomda.uz/backend/payme/
699d8670bbf6bc72197374dc,CITY PALACE,ООО «CITY PALACE»,arca,https://api-qr.uzcard.uz
699d8c57bc595452aaaa4b22,CD-IELTS,ООО «MIRUMITECH»,generic,https://21c.uz/api/payme
699d944b6f9dfa3d1d88c304,olimpiada,"ГУП «""BUXORO DAVLAT PEDAGOGIKA INSTITUTI"" DM»",generic,https://olimpiada.buxdpi.uz/payment/standard/payme/
699e86ab6f9dfa3d1d88c33c,NETWORK SERVICE WIZARDS,"ООО «""NETWORK SERVICE WIZARDS"" MCHJ»",generic,https://my.neuronai.uz/api/payment/payme
699e947a6f9dfa3d1d88c349,Fast financing sevice mikrokredit tashkiloti,ООО «Fast financing service mikrokredit tashkiloti»,generic,https://mfo78.flexpul.uz/public/payme/payments
699ea31fbbf6bc721973755d,WakilAI,"ООО «""LEGAL TECH"" MCHJ»",generic,https://backend.wakil.ai/api/v2/transaction/payme/
699eb3b7bbf6bc721973756d,Регистрация поставщика Samarqand,"ННО «""SAMARQAND TILLAR MAKTABI"" NTM»",generic,https://api.exode.biz/api/v2/payment/rpc/acquiring/301c907d-e9fd-413b-9473-629fa431934d
699ecb33bbf6bc721973757a,АДДЕ,ЧП «ORIPOV RIZAMAT»,generic,https://api.adde.app/api/payment/payme/callback
699ed0eb6f9dfa3d1d88c37a,FULL LEVEL LOGISTICS,"ООО «""FULL LEVEL PRODUCTION"" MCHJ»",generic,https://api.fulllevel.uz/payme/
699ed379bbf6bc721973757f,IELTS X,ЧП «RO‘ZIYEV MUZAFFAR»,generic,https://api.ieltsx.com/payme
699ede1e0fb4efc570e3255e,MATYOQUBOV SHOHRUHBEK BOBOMUROD O‘G‘LI,ЧП «MATYOQUBOV SHOHRUHBEK»,generic,https://api.marjona-market.uz/gate/payme
699ee4b1514859d86d86ad81,ABDULLAEV NURILLO HAYTULLO,ЧП «ABDULLAYEV NURILLO»,generic,https://beautylish.botapp.uz/payme
699fd7006f9dfa3d1d88c3c3,YATT TOSHMATOV UMIDJON ABDISHUKUROVICH,ЧП «TOSHMATOV UMIDJON»,generic,https://b.ivend.uz/payme/api/v1/33v39RixXc9pMENOMPCH/rpc
699fd9016f9dfa3d1d88c3c4,Xodjayev Nodir Ravshanovich,ЧП «XOJIMUROTOV SHAHZODBEK»,generic,https://b.ivend.uz/payme/api/v1/9bj7zZe2vpD3Rlbu1bkj/rpc
699fe3286f9dfa3d1d88c3cb,kiwipost,"ООО «""KIWIPOST"" MCHJ»",generic,https://fondy.payme.uz/api
699fe8abbc595452aaaa4c02,YATT YUSUPXODJAYEVA MATLUBA BAXTIYAROVNA,ЧП «YUSUPXODJAYEVA MATLUBA»,generic,https://b.ivend.uz/payme/api/v1/5XmUaViO1YfE1ypFvYFe/rpc
69a00f9bbbf6bc72197375ee,GLOBAL Xarid ,ООО «Openshop»,generic,https://secure.openshop.uz/v1/pay/openglobal/handle/payme
69a01fac0fb4efc570e325c9,SUNNATULLAYEV ASADTILLA QUDRATILLA O'G'LI,ЧП «SUNNATULLAYEV ASADTILLA»,generic,https://b.ivend.uz/payme/api/v1/FRWa6fnZlw7H2vIZvvBW/rpc
69a029bdbbf6bc7219737600,SECONDBLOOM,"ООО «""SECONDBLOOM"" MCHJ»",generic,https://payment.secondblom.uz/api/payment/payme/webhook/
69a02a4a0fb4efc570e325da,Web,"ООО «""UNIONMEDIA GROUP"" MCHJ»",generic,https://api.alloplay.uz/api/v1/payments/payme
69a03a6e0fb4efc570e325eb,NIKOH APP,"ООО «""NIKOH APP"" MCHJ»",generic,https://api.nikoh.app/api/v1/subscription/webhooks/payme/
69a04d1167f5d8a813819478,ALFASTROY,"ООО «""ALFA STAR UNION"" MCHJ»",arca,https://api-qr.uzcard.uz
69a0abc1bc595452aaaa4c74,BEANTECH,"ООО «""BEANTECH"" MCHJ»",generic,https://api.helplab.jsoft.su/api/v1/webhook/payme
69a130b40fb4efc570e32624,ХЭНДИМЭН,"ООО «""NEXT SOLUTION"" MCHJ»",generic,https://api-handyman.mediasolutions.uz/api/v1/payme
69a17d9433c7ac23a385ad5a,TDK GOLDEN,"ООО «""TDK GOLDEN"" XK»",generic,https://travella.uz/api/merchant/payme
69a17e5d33c7ac23a385ad5b,Lakomka,"ООО «""AGRO MILK FOODS"" MCHJ»",generic,https://api.agromilk.uz/payments/payme
69a1971f49fe2d8acd64b6f8,SOFMARKA,"ООО «""SOFMARKA"" MCHJ»",generic,https://psapi.megagroup.ru/accounts/118232/notify
69a1b5f17f3f52b0e8e2dc86,Kinoteatr24,ЧП «YULDASHEVA DILNOZA»,generic,https://kinoteatr24-production.up.railway.app/payme/api/
69a2b7e04e39e91e05ce477b,A-TEST,ЧП «MAMATAZIZOV IDRISBEK»,generic,https://a-test.uz/api/payme/merchant.php
69a3d7c34e39e91e05ce47b4,Callmind,"ООО «""ETAMIN IT SOLUTIONS"" MCHJ»",generic,https://api.artelog.uz/payme/rpc
69a5201c0db02f45225b46f8,MA`NAVIYAT ZIYOSI MCHJ,"ООО «""MA`NAVIYAT ZIYOSI"" MCHJ»",generic,https://mahoratlipedagog.uz/api/payme
69a5326c49fe2d8acd64e9e7,NEOTOUCH,"ООО «""NEOTOUCH"" MCHJ»",generic,https://backend.neotouch.uz/api/payme/
69a5483b33c7ac23a385ae66,wepro_student_app,"ООО «ООО ""WEPRO""»",generic,https://api.wepro.uz/online-payments/payme
69a569a2cd88be92eb0b2976,Bellissimo lunacharsjiy IO  ,ООО «BELLISSIMO PIZZA INTERNATIONAL»,generic,https://pay.bpnet.uz/api/payment/payme
69a569b3cd88be92eb0b29ba,Bellissimo HighTown  IO  ,ООО «BELLISSIMO PIZZA INTERNATIONAL»,generic,https://pay.bpnet.uz/api/payment/payme
69a569b7cd88be92eb0b29dc,Bellissimo Algoritm IO  ,ООО «BELLISSIMO PIZZA INTERNATIONAL»,generic,https://pay.bpnet.uz/api/payment/payme
69a5715e4e39e91e05ce4838,Midex profi team,"ООО «""STEELTAK"" MCHJ»",generic,https://steeltak.online/api/payme/callback
69a58f13d6dc160433da1f15,ДОКЛАБ,ЧП «RAXMATILLAYEVA SOHIBAXON»,generic,https://api.doclab.uz/api/payme
69a5ea0f684ced93b2e54a2c,MARS IT SCHOOL,ООО «MARS IT SCHOOL»,generic,https://api.marsit.uz/api/v1/payment/payme
69a66e763d00be94a5eb8266,AYBURIN ISKANDAR RUSTAMOVICH,ЧП «BAYBURIN ISKANDAR»,generic,https://studioamina.uz/api/payments/payme/webhook
69a671cb684ced93b2e54a44,blb.uz,ЧП «BUNIN ALEKSANDR»,generic,https://blb.uz/index.php?route=extension/payment/kit_payme&f=Callback
69a67969cfe1cbb4a8a10312,ООО «ICE FRUTS»,"ООО «""ICE FRUTS"" MCHJ»",generic,https://payment.api.delever.uz/payme
69a67bac3d00be94a5eb8275,MARS IT SCHOOL,ООО «MARS IT SCHOOL»,generic,https://api.marsit.uz/api/v1/payment/payme
69a67bf4cfe1cbb4a8a10395,MARS IT SCHOOL,ООО «MARS IT SCHOOL»,generic,https://api.marsit.uz/api/v1/payment/payme
69a67bf43d00be94a5eb8278,MARS IT SCHOOL,ООО «MARS IT SCHOOL»,generic,https://api.marsit.uz/api/v1/payment/payme
69a67bf4684ced93b2e54a4f,MARS IT SCHOOL,ООО «MARS IT SCHOOL»,generic,https://api.marsit.uz/api/v1/payment/payme
69a67bf442147252df54ab3b,MARS IT SCHOOL,ООО «MARS IT SCHOOL»,generic,https://api.marsit.uz/api/v1/payment/payme
69a67bf4cfe1cbb4a8a1039a,MARS IT SCHOOL,ООО «MARS IT SCHOOL»,generic,https://api.marsit.uz/api/v1/payment/payme
69a6809f3d00be94a5eb827b,"""CHAKAN N1""","ООО «""CHAKAN N1"" MCHJ»",generic,https://api.lacafe.uz/api/payments/v1/payme
69a68195684ced93b2e54a54,"""SOMSA OLAMI""","ООО «""SOMSA OLAMI"" MCHJ»",generic,https://api.lamenu.uz/api/payments/v1/payme
69a693306873d88d0f000837,APEXPIZZA,ООО «MCHJ PIZZAME»,generic,https://api.apexpizza.uz/api/payment/transactions/
69a6936c6873d88d0f000839,Cartest.uz,ЧП «TURG‘UNOV SHOHZODBEK»,generic,https://cartest.uz/payme/callback
69a6938b3d00be94a5eb8287,Zimzim billing,"ООО «""IFA GOLD"" MCHJ»",generic,https://api-kafe.zim-zim.uz/api/v1/payme/callback?company_id=1002273
69a69a2dab9bff365b70abea,TOLEUOVA BALJAN,ЧП «TOLEUOVA BALJAN»,generic,https://api.cargo.gdh.kz/payme/payme/callback.php
69a6b33cf9aa95399e53f5f4,Яшнобод,"ООО «""FRAKO DISTRIBUTION"" MAS'ULIYATI CHEKLANGAN JAMIYAT»",arca,https://api-qr.uzcard.uz
69a6b3708e77164871c77e18,Вилоят-1,"ООО «""FRAKO DISTRIBUTION"" MAS'ULIYATI CHEKLANGAN JAMIYAT»",arca,https://api-qr.uzcard.uz
69a6b3a0f9aa95399e53f5f5,Миробод,"ООО «""FRAKO DISTRIBUTION"" MAS'ULIYATI CHEKLANGAN JAMIYAT»",arca,https://api-qr.uzcard.uz
69a6d1e8c24575e87de232a3,YAQUBOVA NODIRA SHERMAMATOVNA,ЧП «YAQUBOVA NODIRA»,generic,https://biznesfabrika.uz/api/payments/payme
69a707c3c24575e87de232b0,WZ,ЧП «ZOKIROV JAHONGIR»,generic,https://payment-wordzen.stnapps.com/
69a78bfb6f1256192331c089,DIGITAL SMART SERVICE,"ООО «""DIGITAL SMART SERVICE"" MCHJ»",generic,https://api.ecw.uz/api/payme
69a7ca338e77164871c79104,Manticha,"ООО «""MANTICHA"" MCHJ»",generic,https://payment.api.delever.uz/payme
69a7cb9ff9aa95399e53f651,TO`RTKO`LTRANS,"ООО «""TO`RTKO`LTRANS"" MCHJ»",generic,https://87.192.230.90:4433/billing/paycom/
69a7d2446f1256192331c09e,DOCERE EDUCATION,"ООО «""DOCERE EDUCATION"" MCHJ»",generic,https://api.docere.education/api/v1/payme/merchant/
69a7dfd4c24575e87de232dd,NORIN AVTO SAVDO BOZORI,"ООО «""NORIN AVTO SAVDO BOZORI"" MCHJ»",generic,https://payment.webhook.aqllibozor.uz/api/transaction/payme/69a7dfd4c24575e87de232dd
69a7e678c24575e87de232e3,BIBIGUL-ZAFAR,"ООО «""BIBIGUL-ZAFAR"" MCHJ»",arca,https://api-qr.uzcard.uz
69a803506f1256192331c0dc,INFINITI TOUR,"ООО «""INFINITY TOUR"" MCHJ»",generic,https://booking.charvak.uz/api/v1/transaction/payme
69a80a0e6f1256192331c0e7,XUSAINOV DONIYORBEK FAXRITDINOVICH,ЧП «XUSAINOV DONIYORBEK»,generic,https://b.ivend.uz/payme/api/v1/CAo4wvLOBNuUItFL8ope/rpc
69a814eec24575e87de23319,APEXPIZZA,ООО «MCHJ PIZZAME»,generic,https://api.apexpizza.uz/api/payment/transactions/
69a81546f9aa95399e53f689,APEXPIZZA,ООО «MCHJ PIZZAME»,generic,https://api.apexpizza.uz/api/payment/transactions/
69a8159fc24575e87de2331b,APEXPIZZA,ООО «MCHJ PIZZAME»,generic,https://api.apexpizza.uz/api/payment/transactions/
69a818b08e77164871c79ec8,MINTAY FISH,"ООО «""MINTAY FISH"" MAS`ULIYATI CHEKLANGAN JAMIYAT»",generic,https://api.lamenu.uz/api/payments/v1/payme
69a81f326f1256192331c104,PROFI24 ООО,"ООО «""PROFI24"" MCHJ»",generic,https://profi24.uz:7777/api/payMeMerchantApi
69a82d2f6f1256192331c118,Zarifa Market 1,"ООО «""ZA’RIFA MARKET 24’7"" MCHJ»",arca,https://api-qr.uzcard.uz
69a82f8dc24575e87de23334,JRTEAM-ACADEMY,"ООО «""JRTEAM-ACADEMY"" MCHJ»",generic,https://jrteam.uz/?wc-api=wc_payme
69a91de2c24575e87de23374,TEZCHEK.uz,ЧП «XUDOYNAZAROV MEHMONALI»,generic,https://tezcheck.uz/receive_payments/api/payme
69a92f978e77164871c7b36d,QO`QON IXTISOSLASHTIRILGAN AVTOMASHINA BOZORI,"ООО «""QO‘QON IXTISOSLASHTIRILGAN AVTOMASHINA BOZORI"" MCHJ»",generic,https://eavtobozor.uz/payment/payme/callback
69a933473338df1e02188504,ABDIRAXMATOV FARRUX RUSTAM O‘G‘LI,ЧП «ABDIRAXMATOV FARRUX»,generic,https://api.pre-test.uz/api/v1/payments/payme/callback/
69a93402c24575e87de23384,KidProtect,ЧП «BAHODIROV BEHRUZ»,generic,https://api.kidprotect.uz/api/Payment/Callback/Payme
69a943653338df1e0218851d,G`AVS ALOQA SERVIS ЧП,"ООО «""G'AVS ALOQA SERVIS"" XK»",generic,https://lafz-carwash.uz/api/v1/payment-system/payme/webhook
69a946603338df1e02188521,SOVG‘A KARTALARI,"ООО «""SOVG‘A KARTALARI"" MCHJ»",generic,https://qrgift.uz/?wc-api=wc_payme
69a955613338df1e0218852a,AUGUST RECORDS,"ООО «""AUGUST RECORDS"" MAS'ULIYATI CHEKLANGAN JAMIYAT»",generic,https://augustus.betta.uz/api/payments/payme/webhook/
69a963d9f9aa95399e53f725,AZIMBAYEV BAXODIR XXX,ЧП «AZIMBAYEV BAXODIR»,generic,https://api.coffeebox.uz/api/payments/payme/
69a9651ff9aa95399e53f728,TAOMDOR PLUS ООО,"ООО «""TAOMDOR PLUS"" MCHJ»",generic,https://payment.api.delever.uz/payme
69a96528c24575e87de233c8,YOTO,"ООО «""VELES J RENT"" MCHJ»",generic,https://yotoapp.com/api/v1/merchant/paycom
69a96723c634029fd0b4317c, AVTO LEGEND,"ООО «""AVTO LEGEND"" MCHJ»",arca,https://api-qr.uzcard.uz
69a967236f1256192331c19d,O‘zaeronavigatsiya Markazi DUK,УП «O`ZAERONAVIGATSIYA MARKAZI DUK»,generic,https://ut.uzaeronavigation.com/payme/
69a968883338df1e02188548,Blin Blin,ЧП «NASIROVA DILOROM»,generic,https://blinblin.site/api/payme/callback
69a96b4f6f1256192331c1a5,HAKIMOVA LAYLO BAFO QIZI,ЧП «HAKIMOVA LAYLO»,generic,https://api.exode.biz/api/v2/payment/rpc/acquiring/8edd25ab-0b90-494e-8b42-8e5e866cde9f
69a96c49c24575e87de233d0,BIOPLANTEK,ООО «BIOPLANTEK»,generic,https://bioplantek.uz/?wc-api=wc_payme
69a971658e77164871c7c074,KELAJAK MEDIKLARI,ЧП «ERGASHEV HUSNIDDIN»,generic,https://online.kelajakmediklari.uz/api/payment-gateway/payme
69a97c96c634029fd0b4359b, DARXON-PRINT OOO,"ООО «""DARXON-PRINT"" MCHJ»",arca,https://api-qr.uzcard.uz
69a99d6bf9daa0b2b3caeccc,Premium Bot Service,ЧП «IBRAGIMOV SHAXZOD»,generic,https://milliystar.uz/api/payme/callback
69a9b66a8480518ca972a79f,Shop in Tashkent,ЧП «SHERBAYEVA GUZAL»,generic,https://wind-ride-ethanol.ngrok-free.dev/payme
69aa61b6318530c616aa0673,UMIDLI HAMKOR,"ООО «""UMIDLI HAMKOR"" MCHJ»",generic,https://payment.webhook.aqllibozor.uz/api/transaction/payme/69aa61b6318530c616aa0673
69aa6533f9daa0b2b3caeced,aisha-buxgalteriya,"ООО «""AISHA CFA GROUP"" MCHJ»",generic,https://aisha-buxgalteriya.uz/payment/payme/callback/
69aa74278480518ca972b0fa,SellerX,ЧП «EGAMBERDIYEV ALISHERJON»,generic,https://sellerx.uz/api/v1/payment/payme/callback
69aa7756f9daa0b2b3caecfa,ENERGY24,ООО «NANO BAGS»,generic,https://api.energy-24.uz/payme
69aa996f8480518ca972b6b4,SHAKIROV MUXAMMAD YOSIN MUXAMMAD ALI O‘G‘LI,ЧП «SHAKIROV MUXAMMAD»,generic,https://savr.eatsave.uz/api/v1/payme
69aabb90d1bf3f80333310fd,TEZQULAY ООО,"ООО «""TEZQULAY"" MCHJ»",generic,https://payment.api.delever.uz/payme
69aacc28318530c616aa06f3,РУХСОР МЕД,"ООО «""RUHSOR MED"" MCHJ»",generic,https://my.imorganic.uz/api/paymeuz/payment/webhook/
69abb42dc634029fd0b45ea1,Joyida GO,ООО «ITHUB»,generic,https://beta-api.kitob.ai/v1/payments/payme
69ae7e2bd1bf3f803333123f,Skillcraft,ЧП «HAMDAMOV ASILBEK»,generic,https://skillcraft.uz/api/payments/payme/callback
69afa571f9daa0b2b3caeeeb,MAFLEY,ЧП «ABDIYEV SHAVKAT»,generic,https://api.market.placeai.uz/api/paymentso/payme
69afae4dd1bf3f8033331298,LINGUA TRANSLATION-24,"ООО «""LINGUA TRANSLATION-24"" XK»",generic,https://multilang.uz/payme/webhook/6/
69afb56d845227e96a111bb7,DILDOR EXPO CENTER,"ООО «""DILDOR EXPO CENTER"" MAS'ULIYATI CHEKLANGAN JAMIYAT»",generic,https://paymemerchantapi-qynhexykqa-ew.a.run.app
69afc79a8480518ca9731bec,MAHMUDOVICH GROUP,"ООО «""MAHMUDOVICH GROUP"" MCHJ»",arca,https://api-qr.uzcard.uz
69afc8c895bb65811364b9c3, E-POS MOBILE APP,"ООО «""E-POS MOBILE APP"" MCHJ»",generic,https://platform.proto.uz/?wc-api=taxbridge_payme
69afd185845227e96a111bcf,XITGO,"ООО «""XITGO"" MCHJ»",generic,https://xitgo.uz/payme
69afe13a8480518ca9731fcb,GIJDUVON PREMIUM 1,"ООО «""GIJDUVAN PREMIUM 1"" MCHJ»",generic,https://payment.api.delever.uz/payme
69aff49c95bb65811364ba7f,Gold Star Palace Hotel PayConnectBE,"СП «""GOLD STAR PALACE"" OK»",generic,https://cb-pay.exely.com/Payme/generic/terminals/f49f6aa3-e3a9-4618-8a13-82a4809a48e4
69affe077ab7dad76a16a290,Le Grande Plaza PayConnectBE,"ИП ООО «ООО ""SHEBA PROPERTIES""»",generic,https://cb-pay.exely.com/Payme/generic/terminals/e1f2a6d2-5942-4eb0-bde5-49c8c60e6ea4
69b0017fd03c2354ca87c6f5,Hectors Hotel PayConnectBE,"ООО «""HECTORS HOTEL"" MCHJ»",generic,https://cb-pay.exely.com/Payme/generic/terminals/a68c26ef-6861-420b-a9a9-f39da5d7a881
69b00545c634029fd0b4bc3c,PURPLE SUN 1,"ООО «""PURPLE SUN"" MCHJ»",arca,https://api-qr.uzcard.uz
69b0059640540d04284796e5,Hectors Hotel PayConnectBE,"ООО «""SHIRIN SAYYOH"" MCHJ»",generic,https://cb-pay.exely.com/Payme/generic/terminals/542ae8c8-77c1-40d0-bdad-94aa821fb1f9
69b0079fc634029fd0b4be2f, NAVOIY MEGA TRADE,"ООО «""NAVOIY MEGA TRADE"" MCHJ»",arca,https://api-qr.uzcard.uz
69b00ec2cd04415ff769dcab,GREEN PARK PLAZA PayConnectBE,"ООО «""GREEN PARK  PLAZA"" MCHJ»",generic,https://cb-pay.exely.com/Payme/generic/terminals/d63ff30d-60c3-4b46-9bdd-00c53e51a941
69b0107bcd04415ff769dcae,Caravan Hostel PayConnectBE,ЧП «KLESHEV BAXROM»,generic,https://cb-pay.exely.com/Payme/generic/terminals/23a553aa-200d-4e52-8416-b1af6cd063b0
69b014cecd04415ff769dcb6,"RAHMATULLAYEV JAVOHIR ABROR O‘G‘LI""",ЧП «RAHMATULLAYEV JAVOHIR»,generic,https://english-time.iwords.uz/payme
69b0243bcd04415ff769dcbe,Aromatic O2,"ООО «""PREMIUM SCENT"" MAS'ULIYATI CHEKLANGAN JAMIYAT»",generic,https://bot-admin.aromatico2.com/payments/
69b10179cd04415ff769dce4,AD Bellagio PayConnectBE,"ООО «""AD BELLAGIO"" MCHJ»",generic,https://cb-pay.exely.com/Payme/generic/terminals/d218b4a3-117c-4c56-a7fd-9632807c31bd
69b1033dd03c2354ca87c748,Boulevard Palace Hotel,ООО «Boulevard Palace Hotel»,generic,https://cb-pay.exely.com/Payme/generic/terminals/bca0738f-78a1-42d0-a5c8-7504c89a76ba
69b105387ab7dad76a16a2ec,BRAVO MADAD PayConnectBE,"СП «""BRAVO MADAD"" OK»",generic,https://cb-pay.exely.com/Payme/generic/terminals/b872269b-3ec4-4f3c-8215-9bc4dd5474f1
69b108a740540d042847a8f1,Honsaroy Hotel PayConnectBE,СП «SILK HOTELS SERVICE»,generic,https://cb-pay.exely.com/Payme/generic/terminals/72069432-9182-48b1-8d5d-8635df96f204
69b11dde7ab7dad76a16a30c,«ASPAVA MEGAPLANET»,"ООО «""ASPAVA MEGAPLANET"" MCHJ QK»",generic,https://api.lamenu.uz/api/payments/v1/payme
69b124ba7ab7dad76a16a315,MANTISHNAYA,"ООО «""MANTISHNAYA"" MCHJ»",generic,https://payment.api.delever.uz/payme
69b124f07ab7dad76a16a316,MANTISHNAYA,"ООО «""MANTISHNAYA"" MCHJ»",generic,https://payment.api.delever.uz/payme
69b12605d03c2354ca87c766,TANDIRCHA,"ООО «""TANDIRCHA GO"" MAS'ULIYATI CHEKLANGAN JAMIYAT»",generic,https://payment.api.delever.uz/payme
69b1370e40540d042847b0ab,ORZU HAVAS INVESTMENT,"ООО «""ORZU HAVAS INVESTMENT"" MCHJ»",generic,https://integrator.pointcoffee.uz/payments/payme
69b13ac395bb65811364becb,PAYME,АО «АО 'PAYME'»,generic,http://172.17.9.230:8485/
69b145bfdd99b45128f47b30,hujjat_generator_bot,ЧП «BUVAMATOVA GULNORAXON»,generic,https://billing.hujjat-generator.uz/api/hgb/payme
69b149e036da3282aa5b4771,FERGHANA AUTOTRANS SERVICE,"ООО «""FERGHANA AUTOTRANS SERVICE"" MCHJ»",generic,https://intercity.lidertaxi.uz/admin/pay-ment/payme-end-point
69b14d99ead9604cf0ff7aa7,222 BAZAR,"ООО «""222-BAZAR"" MCHJ»",generic,https://api.limonka.uz/api/payment/payme-webhook
69b1501fa2e399ec1ca9312a,CODO IT,"ООО «""CODO IT"" MCHJ»",generic,https://idonate.uz/api/payment/payme/handle
69b1597fead9604cf0ff7abd,MUSTAFIN. N. I (Coffee Box),ЧП «MUSTAFIN NIKITA»,generic,https://api.coffeebox.uz/api/payments/payme/
69b15b5c3c0518c8cda318b4,КАЛИФФО,"ООО «""CALIFFO"" MCHJ»",generic,https://royal-tour.uz/wp-content/themes/royaltour/webhooks/payme.php
69b16372ead9604cf0ff7ac8,CAFFELITO COFFEE,"ООО «""CAFFELITO COFFEE"" MCHJ»",generic,https://back.directpay.uz/api/v1/payment/payme/webhook
69b16c7d36da3282aa5b47af,BELLISSIMO PIZZA,ООО «BELLISSIMO PIZZA INTERNATIONAL»,generic,https://devpay.bpnet.uz/api/payment/payme
69b16e7f36da3282aa5b47b2,ELNUR MARKET,ЧП «XURRAMOVA NILUFAR»,arca,https://api-qr.uzcard.uz
69b252e3a2e399ec1ca93171,OOO MULTIFINANCE,"ООО «""MULTIFINANCE"" MAS'ULIYATI CHEKLANGAN JAMIYAT MIKROMOLIYA TASHKILOTI»",generic,https://payme.multifinance.uz/Auto
69b254ee1a03fbf07e7edb97,HOMEMED,"ООО «""HOMEMED"" MCHJ»",generic,https://klinika-production.up.railway.app/payment/webhook/payme
69b282c5ead9604cf0ff7b2c,new BUKHARA premium,"ООО «""BUKHARA RESTAURANT"" MCHJ»",generic,https://payment.api.delever.uz/payme
69b289ae1a03fbf07e7ee84c,"A.AVLONIY NOMIDAGI PEDAGOGIK MAHORAT MILLIY INSTITUTI"" DM","ГУП «A.AVLONIY NOMIDAGI PEDAGOGLARNI KASBIY RIVOJLANTIRISH VA YANGI METODIKALARGA O`RGATISH MIL"" DM»",generic,https://antiplagiat.avloniy.uz/payments/payme/
69b2913aa2e399ec1ca931cc,DOMINIUM TECHNOLOGIES,"ООО «""DOMINIUM TECHNOLOGIES"" MCHJ»",generic,https://api.dominium.uz/api/payments/technologies/payme/callback/
69b295e7a2e399ec1ca931ce,Safa,"ООО «""AHSANLABS"" MCHJ»",generic,https://89.39.95.149/webhook/payme
69b2a3c6a2e399ec1ca931d7,SP INVEST,"ООО «""SPINVEST"" MCHJ»",generic,https://api.spinvest.uz/api/v1/finance/payme/webhook/
69b2aa7aead9604cf0ff7b59,RepetitorAI,ЧП «XAKIMBEKOV JASURBEK»,generic,https://api.repetitorai.uz/payme
69b399ed36da3282aa5b4869,CARAVAN,"СП «""MY GARDEN DESIGN"" OK»",generic,https://caravandispatcher.uz/payme/
69b3c75636da3282aa5b488f,Green Town studio,"ООО «""GREEN TOWN STUDIO"" MCHJ»",arca,https://api-qr.uzcard.uz
69b3fc643c0518c8cda319ec,ZARKENT SAVDO BARAKA,"ООО «""ZARKENT SAVDO   BARAKA"" MCHJ»",generic,https://payment.webhook.aqllibozor.uz/api/transaction/payme/69b3fc643c0518c8cda319ec
69b407581a03fbf07e7f1132,AVTO IMTIHON,"ООО «""AVTO IMTIHON"" MCHJ»",generic,https://webapi-production-4c02.up.railway.app/api/payme
69b4075eead9604cf0ff7c16,LIFESTYLE CREATIVE,"ООО «""LIFESTYLE CREATIVE"" MCHJ»",generic,https://api.biroo.uz/integration/payme
69b40d80ead9604cf0ff7c1f,OKEY BO,"ООО «""OKEY BO"" MCHJ»",generic,https://okeybo.uz/api/v1/payment/payme/Webhook/
69b40f0436da3282aa5b48fc,IRN OLYMPIADS,"ООО «""IRN OLYMPIADS"" MCHJ»",generic,https://x8k2m9f3.irnolympiad.uz/payment/payme/
69b43d6a36da3282aa5b4912,ASUPG,ЧП «undefined undefined»,generic,https://us-central1-asupg-4c764.cloudfunctions.net/paymeWebhook
69b491d63c0518c8cda31a2a,TapLinks,"ООО «""VEN-DDD"" MAS'ULIYATI CHEKLANGAN JAMIYAT»",generic,https://taplinks.uz/api/billing/payme/webhook/
69b690bc3c0518c8cda31ac1,Centrum delivery,"ООО «""CPOST"" MCHJ»",generic,https://api.centrum-post.com/api/v1/payme
69b721201a03fbf07e7f3e04,ShapeFormat,"ООО «""GRAPECO"" MAS'ULIYATI CHEKLANGAN JAMIYAT»",generic,https://shape.bomaydi.uz/api/transaction/payme
69b78e9eead9604cf0ff7d1b,ENJOY LAVASH - TTZ,"ООО «ООО ""FRESHMEAT BURGERS""»",generic,https://payment.api.delever.uz/payme
69b78f9064f23b15ad74db9e,ENJOY LAVASH - TTZ,"ООО «ООО ""FRESHMEAT BURGERS""»",generic,https://payment.api.delever.uz/payme
69b79051cdaf2a2da8355edd,ENJOY,ООО «STANDART LAVASH GROUP»,generic,https://payment.api.delever.uz/payme
69b790b164f23b15ad74dba2,ENJOY,ООО «STANDART LAVASH GROUP»,generic,https://payment.api.delever.uz/payme
69b7981676c70477e8c38353, P-help,ЧП «HAYDAROVA ZILOLA»,generic,https://api-payhelp.minni.uz/api/payme
69b7b61886fdf87e51d0cbde,REAL OIL,"ООО «ООО ""REAL OIL""»",arca,https://api-qr.uzcard.uz
69b7b64b86fdf87e51d0cbe8,REAL OIL,"ООО «ООО ""REAL OIL""»",arca,https://api-qr.uzcard.uz
69b7c7d786fdf87e51d0ce80,SUPERTONE,"ООО «""SELECTED BUSINESS GROUP"" MCHJ»",arca,https://api-qr.uzcard.uz
69b7e40158ac1331ca3d8f54,Norin Olmaliq,"ООО «""AL ZAXID NUR KAMAL BIZNES"" MAS'ULIYATI CHEKLANGAN JAMIYAT»",generic,https://api-kafe.zim-zim.uz/api/v1/payme/callback?company_id=1002023
69b8e465c634029fd0b57974,PRIME CONTINENT,ООО «PRIME CONTINENT»,arca,https://api-qr.uzcard.uz
69b8f73903a45de0319689dd,SMARTBPO,"ООО «""SMARTBPO"" MCHJ»",generic,https://evently.uz/api/saas/payments/webhook/payme.php
69b8f95303a45de0319689e1,ДАББ,"ООО «""DUBBE"" MCHJ»",generic,https://dubbe.ai/api/payment/payme/callback
69b909233dffb5e00c9d295f,Safia,"ООО «""MADINA-QANDOLAT"" MCHJ»",generic,https://safia-qr-api.glmv.dev/api/payments/payme
69b90d022762d31ffd7f7da4,ALIF24 AI TEXNOLOGIES,"ООО «""ALIF24 AI TEXNOLOGIES"" MCHJ»",generic,https://api.alif24.uz/api/v1/payments/webhook/payme
69b916b42762d31ffd7f7f5c,KEBAB HOUSE,"ООО «""NATIONAL FOOD ZARAFSHON"" MAS'ULIYATI CHEKLANGAN JAMIYAT»",generic,https://caffino.zoomda.uz/backend/payme/
69b9342c03a45de031968a24,CANADA HOTDOG,"ООО «""CANADA HOTDOG"" MAS'ULIYATI CHEKLANGAN JAMIYAT»",generic,https://api.lamenu.uz/api/payments/v1/payme
69b934ba028a7b89f890ea34,NURAFSHON LAGMON,"ООО «""ABDURAUF 2011"" MCHJ»",generic,https://api.lamenu.uz/api/payments/v1/payme
69b93985028a7b89f890ea3a,RAXIMOVA BAXOROY MUXAMMADJON QIZI,ЧП «RAXIMOVA BAXOROY»,generic,https://api.uzclient.uz/rapay-api/merchant/uzclient
69b93bc97a3f66d8a719662f,CTR PREMIUM SERGELI,"ООО «""CTR PREMIUM SERGELI"" MCHJ»",generic,https://ctr.zoomda.uz/backend/payme/
69b940fa028a7b89f890ea43,Coffee Box,"ООО «""CHARGE IN PARK"" MCHJ»",generic,https://api.coffeebox.uz/api/payments/payme/
69b947282762d31ffd7f8737,CHORVA USKUNA,ЧП «BOZOROV AKMAL»,generic,https://chorvauskuna.magicstore.ai/handle/payme/04756057-ed37-46b0-a8f1-7652b7c823cc
69b9492a028a7b89f890ea48,IDJANI Cholpon Ota,"ООО «""IDJANI"" MAS'ULIYATI CHEKLANGAN JAMIYAT»",arca,https://api-qr.uzcard.uz
69b9495d90944315676a875b,IDKANI Gaydara Alieva,"ООО «""IDJANI"" MAS'ULIYATI CHEKLANGAN JAMIYAT»",arca,https://api-qr.uzcard.uz
69b9499a7a3f66d8a719663d,IDJANI Beshagach,"ООО «""IDJANI"" MAS'ULIYATI CHEKLANGAN JAMIYAT»",arca,https://api-qr.uzcard.uz
69b94dee2762d31ffd7f88ce,BAY SELL (арка),"ООО «""BAY SELL"" MCHJ»",arca,https://api-qr.uzcard.uz
69b950b0028a7b89f890ea56,Tasushi-lacafe (seulmun),"ООО «""TA SUSHI FAMILY"" MAS`ULIYATI CHEKLANGAN JAMIYAT»",generic,https://api.lamenu.uz/api/payments/v1/payme
69b9518b03a45de031968a4f,TaSushi,"ООО «""TA SUSHI FAMILY"" MAS`ULIYATI CHEKLANGAN JAMIYAT»",generic,https://api.lamenu.uz/api/payments/v1/payme
69b951c73dffb5e00c9d2b75,BEST HOT DOG,"ООО «""BEST HOT DOG"" MCHJ»",generic,https://api.hotydogysite.uz/api/v1/webhook/paycom
69b9534b03a45de031968a52,AIDKULOV JASURBEK JAMSHIDOVICH,ЧП «SAIDKULOV JASURBEK»,generic,https://api.exode.biz/api/v2/payment/rpc/acquiring/bd226bac-05c0-4251-8105-8ac8d58bb6c3
69b974c903a45de031968a6f,PARENTING PARTNER,"ООО «""PARENTING PARTNER"" MCHJ»",generic,https://mom.plus/api/billing/payme/sell
69ba2fc9028a7b89f890ea94,Tripz.page,ЧП «AXMEDOV SHOHBAXT»,generic,https://api.tripz.page/v1/payments/paycom/merchant
69ba3ba17a3f66d8a719668d,QWish Mahalla,"ООО «""TSDQWISH"" MCHJ»",generic,https://api.mahalla.qwish.uz/api/v1/webhooks/billing/payme
69ba3f082762d31ffd7f9903,"""RIZOGO"" MCHJ","ООО «""RIZOGO"" MCHJ»",generic,https://taxi.api.rizo.uz/external/payme
69ba4042028a7b89f890eaa2,NRG YASHNOBOD STROY,"СП ООО «""NRG YASHNOBOD STROY"" MAS'ULIYATI CHEKLANGAN JAMIYAT QO`SHMA KORXONA»",generic,https://pay.bi-group.org/api/v1/jsonrpc/PayMeExternal/PayMeExternal
69ba40ca03a45de031968a93,MARS IT SCHOOL,ООО «MARS IT SCHOOL»,generic,https://online.marshub.uz/api/payments/payme
69ba651c2f4a57641b5ea0ce,Samarkand Interntional School,ООО «Universal Shingarf Mchj»,generic,https://malikaedu.uz/api/payme_callback.php
69ba887d2f4a57641b5ea104,PURPLE SUN 2,"ООО «""PURPLE SUN"" MCHJ»",arca,https://api-qr.uzcard.uz
69ba89a4ce5f322609cb5fac,EMU,ООО «EXPRESS MAIL UNIVERSAL»,generic,https://apiv1.emupochta.uz/api/payments/webhook/payme
69ba9afe9e04a192cdafc87e,IMOPED,"ООО «""IMOPED"" MCHJ XK»",generic,https://units.imoped.uz/api/webhooks/payme
69ba9d5d47bc3d051bb27aac,IBROKHIMS,"ООО «""IBROKHIMS"" MCHJ»",generic,https://payment.api.delever.uz/payme
69baa29e2f4a57641b5ea12d,1 MASSIV,"ООО «""1-MASSIV"" MCHJ»",arca,https://api-qr.uzcard.uz
69baf51cce5f322609cb5fed,UZB FUTURE,ЧП «SULTONOV MIRAZIZ»,generic,https://srcteam.magicstore.ai/handle/payme/f4edbb77-1494-4117-a546-a2d975d5b54a
69bb7de5ce5f322609cb5ffc,ARTA,ЧП «EGAY ALEKSANDR»,generic,https://billing.dscvr.games/payme
69bb883a2f4a57641b5ea166,SEEN.UZ,ЧП «undefined undefined»,generic,https://saleseen.uz/system/payments/payme/api.php
69bb8c9d0a9b251c83968498,OLMON AKADEMIE,"ООО «""OLMON AKADEMIE"" MAS'ULIYATI CHEKLANGAN JAMIYAT»",generic,https://milliysertifikat.uz/api/payme/callback
69bb97959e04a192cdafd9ea,RC SHOP,ЧП «QURBONBOYEVA TOJIGUL»,arca,https://api-qr.uzcard.uz
69bb99fcce5f322609cb600e,TESHA SOBIR NODIR BOGI,"ФХ «""TESHA SOBIR NODIR BOGI"" FX»",arca,https://api-qr.uzcard.uz
69bbaa2c2f4a57641b5ea19f,IMEL OLIMPIADS MCHJ,"ООО «""IMEL OLYMPIADS"" MCHJ»",generic,https://farmtech.uz/api/payment/payme
69bbaab70a9b251c839684dd,"СП «""H-2-O"" OK»","СП «""H-2-O"" OK»",alivewater,https://mobile.api.alivewater.online
69bbae5e9e04a192cdafdebd,"ООО ""TIANA-REST""","ООО «""TIANA-REST"" MCHJ»",generic,https://api.lamenu.uz/api/payments/v1/payme
69bbb1632f4a57641b5ea1b4,CAFE 1991,ООО «FRIDAYS NIGHTS»,generic,https://api.lamenu.uz/api/payments/v1/payme
69bbb21b2f4a57641b5ea1b5,ЭКО ПРЕМИУМ,"ООО «""PISK UP"" MCHJ»",generic,https://ecopremium.uz/api/payments/payme/
69bbb695ce5f322609cb6048,VIDEOXONA,"ООО «""VIDEOXONA"" MCHJ»",generic,https://panel.stand-up.uz/paycom-new?requisite=videoxona
69bbb6f99e04a192cdafe0a1,SOLO MF,"ООО «""SOLO MF"" MCHJ»",generic,https://panel.stand-up.uz/paycom-new?requisite=solo
69bbc0b6ce5f322609cb6070,MOHIRDEV,ООО «MOHIRDEV MCHJ»,generic,https://api.mohirdev.uz/v1/new-payments/payme
69bbc5ae0a9b251c83968526,AQL PLYUS,"ООО «""AQVALON PLUS"" MCHJ»",arca,https://api-qr.uzcard.uz
69bbc5d60a9b251c83968527,AQL PLYUS,"ООО «""AQVALON PLUS"" MCHJ»",arca,https://api-qr.uzcard.uz
69bbc6069ae2e47596ea1142,AQL PLYUS,"ООО «""AQVALON PLUS"" MCHJ»",arca,https://api-qr.uzcard.uz
69bbc6f10a9b251c8396852b,NOBEL AVENUE,"ООО «""NOBEL AVENUE"" MCHJ»",generic,https://api.exode.biz/api/v2/payment/rpc/acquiring/d8f6716d-46c4-49a0-b024-22bcc6b80a10
69bbc99347bc3d051bb2815d,ABDULAZIZ TASTE,"ООО «""ABDULAZIZ TASTE"" MAS'ULIYATI CHEKLANGAN JAMIYAT»",generic,https://backend.optochka.com/payments/activate-payme
69bbcf030a9b251c83968539,"""HAPPY TRAVEL""","ООО «""HAPPY  TRAVEL"" MCHJ»",generic,https://api.exode.biz/api/v2/payment/rpc/acquiring/23420f73-ae16-4933-a3d6-6c93711c420a
69bbd5a60a9b251c83968543,BolamBilan,ЧП «XASANOVA MUSLIMA»,generic,https://api.bolambilan.uz/api/payments/payme
69c0e659727204785c820f89,Sellium,ЧП «BAYTUKALOV DAMIR»,generic,https://app.sellium.uz/api/billing/payme/merchant
69c12a2b1b62aa05df01197e,Inwens,"ООО «""INWENS GLOBAL"" MAS'ULIYATI CHEKLANGAN JAMIYAT»",generic,https://air01-01.inwens.uz/api/payme/rivoo
69c147411b62aa05df011b8e,DWish,"ООО «""TSDQWISH"" MCHJ»",generic,https://api.dwish.uz/api/payments/payme
69c2222f41743fa720338e7a,БРЭНД ЗОН,"ООО «""BIZNES HIMOYA KONSALTING XIZMATI"" MCHJ»",generic,https://api.brandzone.uz/webhook/payme/
69c22a21cfdd5ba605ef462c,HESSA,"ООО «""HESSA"" MAS'ULIYATI CHEKLANGAN JAMIYAT»",generic,https://api.hessa.uz/api/payment/payme
69c22e5e41743fa720338e87,MED E’LON ООО,"ООО «""MED E’LON"" MCHJ»",generic,https://xdjquwbtxpggbhpwbppx.supabase.co/functions/v1/payme-webhook
69c232e0df48edd261a84509,COMFORT TRIP,"ООО «""COMFORT TRIP"" MCHJ»",generic,https://fleet.webhook.deltateam.uz/
69c23349df48edd261a8450a,Inwens,"ООО «""INWENS GLOBAL"" MAS'ULIYATI CHEKLANGAN JAMIYAT»",generic,https://air01-01.inwens.uz/api/payme/rivoo
69c265be7382e87649cc151e,EVOS,ООО «MCHJ MAK FOOD SERVIS»,generic,https://payment.api.delever.uz/payme
69c2662d4515dad9a13550b2,EVOS,ООО «MCHJ MAK FOOD SERVIS»,generic,https://qr.evos.uz/api/payme/callback
69c268177382e87649cc1522,EVOS,ООО «MCHJ MAK FOOD SERVIS»,generic,https://qr.evos.uz/api/payme/callback
69c2686e4515dad9a13550b3,EVOS,ООО «MCHJ MAK FOOD SERVIS»,generic,https://qr.evos.uz/api/payme/callback
69c268ab9d5667b5358e6e87,EVOS,ООО «MCHJ MAK FOOD SERVIS»,generic,https://qr.evos.uz/api/payme/callback
69c268ecceb739ee27c00fe3,EVOS,ООО «MCHJ MAK FOOD SERVIS»,generic,https://qr.evos.uz/api/payme/callback
69c269374515dad9a13550b6,EVOS,ООО «MCHJ MAK FOOD SERVIS»,generic,https://qr.evos.uz/api/payme/callback
69c26a826d10db4738fb4623,ЭДЪЮЗОН,"ООО «""EDU-ZON HOLDING"" MCHJ»",generic,https://cabinet.edu-zon.uz/api/v1/payme
69c26c9a7382e87649cc1527,EVOS,ООО «MCHJ MAK FOOD SERVIS»,generic,https://qr.evos.uz/api/payme/callback
69c2731dceb739ee27c01252,“SAWAB TECH”  MCHJ,"ООО «""SAWAB TECH"" MCHJ»",generic,https://api.sawab.uz/api/v1/payme
69c27dcb4515dad9a13550d9,ishGO,"ООО «""SMARTBOX ENTERPRISE SOLUTIONS"" MCHJ»",generic,https://api.ishgo.uz/api/rest/payme/merchant
69c27fee47bc3d051bb28b08,DAYAKO,ООО «DAYAKO»,generic,https://kungfu.zoomda.uz/backend/payme/
69c28095ceb739ee27c014d2,MOSHINA BOZORIM,"ООО «""MOSHINA BOZORIM"" MCHJ»",generic,https://moshinabozorim.uz/arzonimiarzoni/payme_webhook.php
69c282296d10db4738fb464a,JANON CHICKEN,"ООО «""JANON CHICKEN"" MCHJ»",generic,https://payment.api.delever.uz/payme
69c28a7f6d10db4738fb4653,СТАРЧИУЗ,ЧП «NISHONOV HUMOYUNBEK»,generic,https://scroly.ru/pmuzz/payme_handler.php
69c290bf4515dad9a13550e8,RZB TECH,"ООО «""RZB TECH"" MCHJ»",generic,https://fotoskazki.uz/api/payme/callback
69c382316558a12948beaf2c,ЧистоSS,ООО «BLESSED-CHISTOSS»,arca,https://api-qr.uzcard.uz
69c38f55a57d718fd37a36ae,JOLDASOV QOLDAS QALLIQORAZ ULI,ЧП «JOLDASOV QOLDAS»,generic,https://admin.onecinema.uz/api/payme/merchant
69c39923fd5076e43fa548c8,NASRIDDINOV ZUXRIDDIN XUSNIDDIN O‘G‘LI,ЧП «NASRIDDINOV ZUXRIDDIN»,generic,https://darkhorsetradinglab-back.shamcrm.com/api/payment/webhook/payme
69c3c43477403c5e3798463d,ДЖУРАЕВ,ЧП «DJURAYEV JAMSHID»,generic,https://silkroadwander.uz/?wc-api=wc_payme
69c3d6bd11a29a50a2ab2393,ONLAYN HAMSHIRA,"ООО «""ONLAYN HAMSHIRA"" MCHJ»",generic,https://prod.onlaynhamshira.uz/payment/api/v1/webhooks/payme
69c3dfc731b4b5ed70d33c65,ADVANCE TRADING,"ООО «""ADVANCE TRADING"" MCHJ»",generic,https://api.guds.inc/api/v1/billing/merchant/paycom/
69c4c21311a29a50a2ab23d4,BELLISSIMO PIZZA,ООО «BELLISSIMO PIZZA INTERNATIONAL»,generic,https://pay.bpnet.uz/api/payment/payme
69c4c24031b4b5ed70d348d1,BELLISSIMO PIZZA,ООО «BELLISSIMO PIZZA INTERNATIONAL»,generic,https://pay.bpnet.uz/api/payment/payme
69c4c26b77403c5e37984695,BELLISSIMO PIZZA,ООО «BELLISSIMO PIZZA INTERNATIONAL»,generic,https://pay.bpnet.uz/api/payment/payme
69c4c29777403c5e37984696,BELLISSIMO PIZZA,ООО «BELLISSIMO PIZZA INTERNATIONAL»,generic,https://pay.bpnet.uz/api/payment/payme
69c4c2d497bfea905befc498,BELLISSIMO PIZZA,ООО «BELLISSIMO PIZZA INTERNATIONAL»,generic,https://pay.bpnet.uz/api/payment/payme
69c4dc4608b625708bc64b57,AIM LAB,"ООО «""AIM LAB"" MCHJ»",generic,https://api-meeting.kotib.ai/api/v1/payments/payme/callback
69c4f86511a29a50a2ab2406,CTR CHICKEN MINOR,"ООО «""CTR MINOR"" MCHJ»",generic,https://ctr.zoomda.uz/backend/payme/
69c4f88231b4b5ed70d35375, Mirly Studio,ЧП «G‘OFURJONOV ERKIN»,generic,https://api.mirlystudio.uz/payment/api/v1/payments/payme/webhook/
69c4fc2a97bfea905befc4d0,SEITMURADOV MUHAMMAD SAID QILICHOVICH,ЧП «SEITMURADOV MUHAMMAD»,generic,https://uorhfshwdutnisvykjkd.supabase.co/functions/v1/api/v1/payments/payme-webhook
69c4ff0597bfea905befc4d4,BEST SCHOOL,"ООО «""JIZZAKH BEST SCHOOL"" NODAVLAT TA'LIM MUASSASASI»",generic,https://www.bestedu.uz/api/payme/webhook/
69c508e4e2ed1cea92d5a4db,TINGLA,"ООО «""AI MEDIA HUB"" MAS'ULIYATI CHEKLANGAN JAMIYAT»",generic,https://api.tingla.ai/api/v1/payments/paycom/notify/
69c50a3ef971082755534eba,AKBAROV ABDULLOH AKRAM O‘G‘LI,ЧП «AKBAROV ABDULLOH»,generic,https://api.akbw.uz/api/payment/payme/pay
69c50d5f36cebf56c37e4b35,YALPIZ LABS,"ООО «""YALPIZ LABS"" MCHJ»",generic,https://ttljmmnxuumcokyapxsl.supabase.co/functions/v1/payme-merchant
69c511d8f14df0d32970a6d5,LITTLE ITALY,"ООО «ООО ""KEYSTONE INT""»",generic,https://payment.api.delever.uz/payme
69c52787fd8d54877394eb80,Bellissimo Atlas Чимган,ООО «ECO PIZZA MCHJ»,generic,https://pay.bpnet.uz/api/payment/payme
69c52b6f3baa6e8ef01bde2f,YATT ONDAYEVA SHALOLA XOLIQOVNA,ЧП «ONDAYEVA SHALOLA»,generic,https://glowhouse.uz/api/payme
69c52d79856ec25e5ce042cf,DJAMALOV ULUGBEK DURBEKOVICH,ЧП «DJAMALOV ULUGBEK»,generic,https://api.paydata.cloud/posp-api/paymeRC
69c5399d856ec25e5ce042d2,SUYAROV BEHRUZ BARAT O‘G‘LI,ЧП «SUYAROV BEHRUZ»,generic,https://academic-superadmin-bot.fly.dev/payme/callback
69c6164ff3c6aca123173c08,NON-KABOB,"ООО «""NON-KABOB BARAKA"" XUSUSIY KORXONA»",generic,https://api.lamenu.uz/api/payments/v1/payme
69c616cdf3c6aca123173c09,NON-KABOB,"ООО «""NON-KABOB BARAKA"" XUSUSIY KORXONA»",generic,https://api.lamenu.uz/api/payments/v1/payme
69c6172358f87284d71171b8,NON-KABOB,"ООО «""NON-KABOB BARAKA"" XUSUSIY KORXONA»",generic,https://api.lamenu.uz/api/payments/v1/payme
69c617a0d09512a91ae52b6f,NON-KABOB,"ООО «""NON-KABOB BARAKA"" XUSUSIY KORXONA»",generic,https://api.lamenu.uz/api/payments/v1/payme
69c617e6d09512a91ae52b70,NON-KABOB,"ООО «""NON-KABOB BARAKA"" XUSUSIY KORXONA»",generic,https://api.lamenu.uz/api/payments/v1/payme
69c61839f3c6aca123173c0a,NON-KABOB,"ООО «""NON-KABOB BARAKA"" XUSUSIY KORXONA»",generic,https://api.lamenu.uz/api/payments/v1/payme
69c620a7f3c6aca123173c0e,Sarmoya Books,"ООО «""SARMOYA BOOKS"" MCHJ»",generic,https://plymo.uz/api/v1/payment/payme/
69c6299df3c6aca123173c15,MADINABONU MAFTUNABONU ILMIRAXON,"ООО «""MADINABONU MAFTUNABONU ILMIRAXON"" MAS`ULIYATI CHEKLANGAN JAMIYAT»",arca,https://api-qr.uzcard.uz
69c62ae658f87284d71177f1,"ООО ""TIANA-REST""","ООО «""TIANA-REST"" MCHJ»",generic,https://payment.api.delever.uz/payme
69c65104c9fb59084550ba6e,Astroplatforma Chengiza,ООО «Chengiza Star»,generic,https://astroplatformachengiza.com/api/payme
69c652c5f3c6aca123173c3c,SHIN OLEG IGOREVICH,ЧП «SHIN OLEG»,generic,https://backend.admin.tgshop.io/api/v1/payme/webhook
69c67772f3c6aca123173c69,SUMAYA'S BAKERY,"ООО «""SUMAYA`S BAKERY"" MCHJ»",generic,https://payment.api.delever.uz/payme
69c67ba3e460dc1f5f535df1,Non Kabob,"ООО «""NON-KABOB SAVDO"" XUSUSIY KORXONA»",generic,https://api.lamenu.uz/api/payments/v1/payme
69c67be01d0ed8fe31b2d8ba,Non Kabob,"ООО «""NON-KABOB SAVDO"" XUSUSIY KORXONA»",generic,https://api.lamenu.uz/api/payments/v1/payme
69c67c2ae460dc1f5f535dfa,Non Kabob,"ООО «""NON-KABOB SAVDO"" XUSUSIY KORXONA»",generic,https://api.lamenu.uz/api/payments/v1/payme
69c67c7ff3c6aca123173c6d,Non Kabob,"ООО «""NON-KABOB SAVDO"" XUSUSIY KORXONA»",generic,https://api.lamenu.uz/api/payments/v1/payme
69c6803a856ec25e5ce04363,ERKINOV AVAZBEK ADHAMJON O’G’LI,ЧП «ERKINOV AVAZBEK»,generic,https://b.ivend.uz/payme/api/v1/GFVShD1oWmuzKPKqMjOx/rpc
69c6808c1d0ed8fe31b2d8c0,ERKINOV AVAZBEK ADHAMJON O’G’LI,ЧП «ERKINOV AVAZBEK»,generic,https://b.ivend.uz/payme/api/v1/0YzMzkzpDjXxelelFlqQ/rpc
69c684caf3c6aca123173c7c,IDYAMOV JAMSHID YUSUPDJANOVICH,ЧП «IDYAMOV JAMSHID»,generic,https://distriblink.uz/payme/
69ca09f41d0ed8fe31b2d9a0,Samarkand Interntional School,ООО «Universal Shingarf Mchj»,generic,https://japio.uz/api/payme_callback.php
69ca1fa69c76260cf149ffd3,SAYQAL PREMIUM,"ООО «""GREAT BUKHORO"" MCHJ»",generic,https://sayqal.zoomda.uz/backend/payme/
69ca203e112837ce36dd8705,MAXI LAND,"ООО «""MAXCORP ETN"" MAS'ULIYATI CHEKLANGAN JAMIYAT»",generic,https://b.ivend.uz/payme/api/v1/0XRWoXvhqaOntgv6cgW8/rpc
69ca213f9c76260cf149ffd7,ILG`OR PAXLAVON SAVDO,"ООО «""ILG`OR PAXLAVON SAVDO"" MAS'ULIYATI CHEKLANGAN JAMIYAT»",arca,https://api-qr.uzcard.uz
69ca263a4c4e18a0e438eedb,YATT XALMATOV XADJIAKBAR ATXAMOVICH,ЧП «XALMATOV XADJIAKBAR»,generic,https://b.ivend.uz/payme/api/v1/rZ4e7qouNUSZUBpy6xBU/rpc
69ca2cc0dfe7a8d70ed955b9,tijoraat.uz,"АФ «""MC LEGAL"" AB»",generic,https://api.tijoraat.uz/payme/callback
69ca3ed03de12a238313245e,O'ZAGROSUG'URTA,"АО «""O`ZAGROSUG`URTA""»",generic,https://api.bot.agros.uz/api/payment/payme
69ca52cc425ff2bbe7fa591e,МКО PRIZMA KAPITAL,"ООО «""PRIZMA KAPITAL"" MAS'ULIYATI CHEKLANGAN JAMIYAT MIKROMOLIYA TASHKILOTI»",generic,https://mfo157.flexpul.uz/public/payme/payments
69ca5aab4be5689711cb424c,SABR BAKIR ,"ООО «""SABR BAKIR"" MCHJ»",arca,https://api-qr.uzcard.uz
69ca624e7913657c76b10adf,Voom,"ООО «""FAYKHANUR"" MAS'ULIYATI CHEKLANGAN JAMIYAT»",generic,https://api.voom.uz/api/payment/callback/payme
69ca65e87913657c76b10ae3,ADMIX SPORT,"СП ООО «""ADMIX SPORT"" MCHJ QK»",generic,https://lining.chatbot.uz/api/paycom
69ca7cdd1f9ff75fdc8c69e2,GROUND,"ООО «""DK GATE"" MCHJ»",generic,https://ground.zoomda.uz/backend/payme/
69cb61ac3343d4561b67e820,IMPERIAL COMMERCE,"ООО «""IMPERIAL COMMERCE"" MCHJ»",generic,https://netto-api.yandexdelivery.uz/payme
69cb6558c01124e8a2503836,Telegram Stars,"ООО «""MIDASBUY"" MAS'ULIYATI CHEKLANGAN JAMIYAT»",generic,https://merchant.topit.store/api/payment/payme/
69cb6647c01124e8a2503837,Telegram Premium,"ООО «""MIDASBUY"" MAS'ULIYATI CHEKLANGAN JAMIYAT»",generic,https://merchant.topit.store/api/payment/payme/
69cb795e425ff2bbe7fa599a,VoltGo,"ООО «""VOLTGO"" MCHJ»",generic,https://api.voltautouz.uz/api/payment/payme/webhook
69cb87a9c01124e8a2503859,"ООО ""ELEKTRON REALTOR""","ООО «""ELEKTRON REALTOR"" MAS'ULIYATI CHEKLANGAN JAMIYAT»",generic,https://api.uy-joy.uz/api/payment/pay-me/process
69cb99cbdc40c16dfc2583ad,datachat,"ООО «""ANCHORTRUST"" MCHJ»",generic,https://api.datachat.uz/api/payme
69cb9ef8dc40c16dfc2583b9,HOMEWELL,"ООО «""HOMEWELL"" MAS'ULIYATI CHEKLANGAN JAMIYAT»",generic,https://homewell.mirico.uz/homewell/hs/payment/payme
69cba822b70bdd38d4000ef6,EDUWISE,"ООО «""EDUWISE"" MAS'ULIYATI CHEKLANGAN JAMIYAT»",generic,https://unigrad.org/payment/payme
69cbc68fa92166ccd7f7e94e,Point Coffee,"ООО «""ORZU HAVAS INVESTMENT"" MCHJ»",generic,https://coffee.loyalsuns.com:56387
69cbd160dc40c16dfc2583fe,Domus,ООО «Unieq Energy»,generic,https://domus.uz/?wc-api=wc_payme
69cbe3990da85fa379f7fc44,"""Kebabika""","ООО «""NOOR FOOD"" XK»",generic,https://kebabika.zoomda.uz/backend/payme/
69cbe3c5dc40c16dfc258407,"""Kebabika""","ООО «""NOOR FOOD"" XK»",generic,https://kebabika.zoomda.uz/backend/payme/
69cbf4a0eca8f515237e1ab8,Plaget,"ООО «""PEDAGOGLAR"" MAS'ULIYATI CHEKLANGAN JAMIYAT»",generic,https://api.anti-plagiat.uz/payment/update/
69cca978dc40c16dfc258421,UZBEK DONER Beruniy LaMenu,"ООО «""WORDFOOD"" MCHJ»",generic,https://api.lamenu.uz/api/payments/v1/payme
69ccaab6eca8f515237e1ad3,NURIDDIN FOOD BURGER,"ООО «""NURIDDIN FOOD BURGER"" MCHJ»",generic,https://api.lamenu.uz/api/payments/v1/payme
69ccb31d0da85fa379f80506,GIGUSEWS,"ООО «""GIGUSEWS"" MCHJ»",generic,https://api.gigusews.uz/api/payme
69ccc27beca8f515237e1ae9,AVTO TEST PRO AI,"ООО «""AVTO TEST PRO AI"" MCHJ»",generic,https://payment.foydali.com/api/payme/merchant/
69ccc784eca8f515237e1af8,Shoista Bakery,"ООО «""SHOISTAA BAKERY"" MCHJ»",generic,https://demo.pro-seller.uz/api/payments/payme
69ccd91ab70bdd38d4000f97,Maverix.uz,ЧП «RAXMATOV AKMAL»,generic,https://maverix.uz/purse?payme=pay
69ccf8a40da85fa379f82402,Safia,"ООО «""MADINA-QANDOLAT"" MCHJ»",generic,https://panel.safiabakery.uz/payment/paycom?id=27
69ccf952dc40c16dfc25848a,Safia,"ООО «""MADINA-QANDOLAT"" MCHJ»",generic,https://payme.safiadelivery.com/?resid=4c640111-1450-402d-9828-280d3b838a23
69cd0bde920627a7c93c6c1d,"""FERRO SOFT"" XK",ООО «FERRO SOFT ХК»,generic,https://webhooks.f-kassa.uz/api/billing/payme
69cdff07f849aea45250af4f,PDAFTAR - INAPP,"ООО «""PDAFTAR"" MAS'ULIYATI CHEKLANGAN JAMIYAT»",generic,https://api.pdaftar2.uz/handle/payme
69ce08200084f6b6557a11f2,OLMOS FINANCE,"ООО «""OLMOS FINANCE"" MCHJ MMT»",generic,https://mfo159.flexpul.uz/public/payme/payments
69ce12f85ec3b14a254eefef,EXODE,ОО «PSIXOLOGLAR ASSOTSIATSIYASI ANDIJON VILOYAT HUDUDIY BO`LIMI»,generic,https://api.exode.biz/api/v2/payment/rpc/acquiring/4e059b24-70e0-41c2-a9fb-5bfef06e57f6
69ce192c1d9e800046cedd1d,ALIMJANOV RAUSHANBEK XANIYAZOVICH,ЧП «ALIMJANOV RAUSHANBEK»,generic,https://www.ravxon.uz/api/payme/webhook/
69ce1d53f849aea45250af73,IBROXIMOV MIRAFZAL MUZAFFAR O‘G‘LI,ЧП «IBROXIMOV MIRAFZAL»,generic,https://payment.api.delever.uz/payme
69ce2f79dc3fee3cb39e7efe,IslomCRM,"ООО «""ISLAM PAYMENTS"" MCHJ»",generic,https://www.islomcrm.uz/payments/payme/callback
69ce31169376d0cab9d18349,SellerPro,"ООО «""BLIK SOLUTIONS"" XUSUSIY KORXONA»",generic,https://sellerpro.uz/api/payments/payme
69ce3f11e40614a8d58d076c,Ahududu,ЧП «MAXMUDOVA ZULFIYA»,arca,https://api-qr.uzcard.uz
69ce4bb604bda553a56fdc4a,OZBEKISTON MILLIY KUTUBXONASI,"ГУП «""ALISHER NAVOIY NOMIDAGI O`ZBEKISTON MILLIY KUTUBXONASI"" DAVLAT MUASSASASI»",generic,https://api.natlib.uz/signal/api/payme
69ce6177dc3fee3cb39e7f30,IT EMPLOYMENT AGENCY,"ООО «""IT EMPLOYMENT AGENCY"" MAS'ULIYATI CHEKLANGAN JAMIYAT»",generic,https://techjobs.uz/api/v1/payment/payme
69ce706e9376d0cab9d1941c,Tingla App,ЧП «ISMATOV MURODJON»,generic,https://woltline-payments.net/payme
69ce9f2fdc3fee3cb39e7f4e,Kaloriya hisoblagich,ЧП «CHO‘LIYEV MURODILLO»,generic,https://kalloriya-hisoblagich-backend-production.up.railway.app/webhooks/payme
69cf674b8474fe3f3dfdc263,malcon.uz,"ООО «""TECHNO VISIONERS"" MCHJ»",generic,https://malcon.uz/api/v1/payment/payme
69cfb090f969c421abf1c9ba,пэйми 2,"ООО «""ARIGEL GROUP"" MCHJ»",arca,https://api-qr.uzcard.uz
69d0d7d7f969c421abf1ca1d,DachaTop,ЧП «NABIYEV NURIDDIN»,generic,https://joytop-red.vercel.app/api/payment/payme
69d0f02ad5f22b537e9d7609,ISLOM TAXI,"ООО «""ISLAM PAYMENTS"" MCHJ»",generic,https://islompay.uz/api/payment/payme/islomtaxi
69d13e168e67f85fd7badb72,TADBIR APP,"ООО «""STARTUP GARAGE"" MCHJ»",generic,https://www.tadbir.app/api/payme
69d219d3f969c421abf1ca7c,carwashgo,"ООО «""DIGITAL BROTHERS"" MCHJ»",generic,https://backend.carwashgo.uz/api/payme
69d29b3c8e67f85fd7badbbc,ASI,"ООО «""ASILA GRAND"" MCHJ»",generic,https://api.asiapp.uz/api/v1/payment/payme
69d37e768e67f85fd7badc1b,CHINA LEASING IMPEX,"ООО «""CHINA LEASING IMPEX"" MCHJ»",generic,https://api.uskunalar.uz/api/v2/payment/handle/payme/
69d3a85b4ac07fef47ec3f70,Mening Uyim,"АО «""TBC BANK"" ATB»",munis-tbc-mening-uyim,http://10.100.115.73/api
69d3a9b3d905ab8fdcec208b,Linnisaa,ЧП «Miraliyev Ismoil»,generic,https://bebio.magicstore.ai/handle/payme/408b6bd9-7b3a-4c04-ba96-672a0f4ffb97
69d3ae8bb4caa5aa3bd9c37f,CONGRESS-HALL BUS,"ООО «""CONGRESS-HALL BUS"" MCHJ»",generic,https://api.busgo.uz/api/payment/payme-callback
69d49128870e28079d9dd40b,CAPITAL TOTAL,"ООО «""CAPITAL TOTAL"" MCHJ»",arca,https://api-qr.uzcard.uz
69d4a4b82158ea2ddd4666f9,Flowers Garden Park,"ООО «""UMAR SMART"" MCHJ»",park,87.192.240.173
69d4ad10b4caa5aa3bd9c3de,Yamato Sushi (Delever),"ООО «""YAMATO SUSHI"" MCHJ XK»",generic,https://payment.api.delever.uz/payme
69d4af074ac07fef47ec458e,Giotto,"ООО «""NOVUS ORDO SECLORUM"" MCHJ»",generic,https://api.lacafe.uz/api/payments/v1/payme
69d4b576d905ab8fdcec2104,ZIMA MARKETING AND SALES,"ООО «""ZIMA MARKETING AND SALES AGENCY"" MCHJ»",generic,https://api.exode.biz/api/v2/payment/rpc/acquiring/b50a4384-4340-470a-8687-18d5dcb4bef3
69d4b7e6b4caa5aa3bd9c3e8,USMANOVA NIGORA MAKSUDOVNA,ЧП «USMANOVA NIGORA»,generic,https://demo.nevel.uz/api/erp/payme
69d4b9f6d905ab8fdcec210a,AISHA CAFE&BAKERY,"ООО «""AISHA CAFE BAKERY"" MCHJ»",generic,https://payment.api.delever.uz/payme
69d4c041a68c6fd41570ea0f,CHORSU OSH,"ООО «""CHORSU OSH"" MCHJ»",generic,https://payment.api.delever.uz/payme
69d4ed9a3663bd982443623e,TURSUNOVA ZULFIYA TOSHNIYOZOVNA,ЧП «TURSUNOVA ZULFIYA»,generic,https://trassa24.uz/billing/paycom/merchant/
69d4f025dc9b8d1040d50ff8,LU FU JI CATERING,"ООО «""LO FU JI CATERING"" MCHJ»",arca,https://api-qr.uzcard.uz
69d507039d114a2a2e2c1cab,Zilol Baxt PayConnectBE,"ООО «ООО ""ZILOL BAXT""»",generic,https://cb-pay.exely.com/Payme/generic/terminals/3e247376-b7a4-43cf-bf93-6de3fe9e4d0f
69d50997c3f1b3e73e36f8ce,Bellissimo Oybek Kiosk IO,ООО «BELLISSIMO PIZZA INTERNATIONAL»,generic,https://payment.api.delever.uz/payme
69d509fd3663bd9824436252,Bellissimo Seoul Mun Kiosk IO,ООО «BELLISSIMO PIZZA INTERNATIONAL»,generic,https://payment.api.delever.uz/payme
69d50a774d2dbf080fcdcff0,Bellissimo Jizzak 2 IO,ООО «BELLISSIMO PIZZA INTERNATIONAL»,generic,https://pay.bpnet.uz/api/payment/payme
69d50e5b108fef56b5708a9e,UNIQUE APARTS PayConnectBE,"ООО «""UNIQUE APARTS"" MCHJ»",generic,https://test.uz/
69d5d8aec3f1b3e73e3703d1,Sabai Massage,ООО « SAMARALI YECHIMLARI »,generic,https://sabai.uz/api/v1/payments/payme/merchant
69d5efd79d114a2a2e2c1e0e,Grand Castle Hotel PayConnectBE,"ООО «""BUYUK QALA"" MCHJ»",generic,https://cb-pay.exely.com/Payme/generic/terminals/290e5f34-cb15-4526-aed8-9f2038242d1f
69d5f0704d2dbf080fcdd013,Fanur Education,"ООО «ООО ""THE FANUR GROUP""»",generic,https://fanur.net/?wc-api=wc_payme
69d5f0b84d2dbf080fcdd015,YATT: Xodjayev Nodir Ravshanovich,ЧП «XODJAYEV NODIR»,generic,https://b.ivend.uz/payme/api/v1/7AveQl85GK6ihB99vO8v/rpc
69d5f0df82e4c98f6a418c77,EduFuze,"ООО «""OCEAN AI TECH SERVICES"" MAS'ULIYATI CHEKLANGAN JAMIYAT»",generic,https://handsfree-overjoyed-durably.ngrok-free.dev/api/payme
69d5fbcac3f1b3e73e370c17,Mascan Travel | Olov,ЧП «UMAROVA OZODA»,generic,https://olovnarxlar.uz/webhook/payme
69d625b3108fef56b5708b0b,Safia,"ООО «""MADINA-QANDOLAT"" MCHJ»",generic,https://payme.safiadelivery.com/?resid=7f8e06da-49a0-4d30-b479-ba991ceaa786
69d62678108fef56b5708b0e,Safia,"ООО «""MADINA-QANDOLAT"" MCHJ»",generic,https://payme.safiadelivery.com/?resid=966bc6d6-2ede-4c37-9725-0d3f1aec12bb
69d626ed108fef56b5708b0f,Safia,"ООО «""MADINA-QANDOLAT"" MCHJ»",generic,https://payme.safiadelivery.com/?resid=707b42ea-6c06-457b-909a-75446108857b
69d627a53663bd98244362b4,Safia,"ООО «""MADINA-QANDOLAT"" MCHJ»",generic,https://payme.safiadelivery.com/?resid=ecf3c7a9-eb7d-4c7b-9038-8fefcbbdb2c6
69d6287682e4c98f6a418cac,Safia,"ООО «""MADINA-QANDOLAT"" MCHJ»",generic,https://payme.safiadelivery.com/?resid=c5ac0764-c33a-4286-a3f0-92f97f11799d
69d62941dc9b8d1040d533b6,INNO MARKET,"ХТ «""INNO MARKET"" XK»",arca,https://api-qr.uzcard.uz
69d634844d2dbf080fcdd061,KARVON PLAZA PayConnectBE,"ООО «""KARVON PLAZA PREMIUM"" MCHJ»",generic,https://test.uz/
69d6363e4d2dbf080fcdd064,Unique Airports Hotel PayConnectBE,"ООО «""UNIQUE HOTEL"" MCHJ»",generic,https://cb-pay.exely.com/Payme/generic/terminals/618a5b24-165c-43f2-bbb9-fa5010630d05
69d637f53663bd98244362c4,Apartment Hotels PayConnectBE,ЧП «RAXIMOV NAVRUZBEK»,generic,https://test.uz/
69d63871108fef56b5708b28,Silk Road Hotel  PayConnectBE,ООО «Novza Hotel»,generic,https://cb-pay.exely.com/Payme/generic/terminals/b3952b88-96ed-4312-9e32-a73ed5af24a4
69d63968dc9b8d1040d537b8, CLASSIC TABACO,"ООО «""CLASSIC TABACO"" MCHJ»",arca,https://api-qr.uzcard.uz
69d651d2c3f1b3e73e371c9d,PrimeVending Mchj,"ООО «""PRIME VENDING"" MCHJ»",generic,https://b.ivend.uz/payme/api/v1/urYxXdu5v4m4zmk8bjes/rpc
69d65bee82e4c98f6a418ce5,Teberda-NL PayConnectBE,"ООО «""KAKLIK SOY"" MAS'ULIYATI CHEKLANGAN JAMIYAT QO`SHMA KORXONA»",generic,https://cb-pay.exely.com/Payme/generic/terminals/029001c4-2b5d-41dc-9833-e0019a249953
69d6d6113663bd982443630d,QUYOSH 24,"ООО «""JAHON GROUP QUYOSH 24"" MCHJ»",generic,https://quyosh24-backend.fly.dev/api/payme/
69d73dd6108fef56b5708b7f,ANA-MANA,"ООО «""ANA-MANA"" MAS'ULIYATI CHEKLANGAN JAMIYAT»",generic,https://api.360rec.uz/rpc/
69d740bcbbf621e932291597,YATT KUDRATOV NIZAM NIYAZXANOVICH,ЧП «KUDRATOV NIZAM»,arca,https://api-qr.uzcard.uz
69d749e1c3f1b3e73e373007,Envast,"ООО «""ENVAST"" MCHJ»",generic,https://envast-api.welse.uz/api/v1/webhooks/payme
69d755a44d2dbf080fcdd0de,MY SCHOOL TOWN,"ООО «""MY SCHOOL TOWN"" MCHJ»",generic,https://api-myschool.prod.glmv.dev/api/payme
69d761a3c3f1b3e73e373568,LUTFULLAYEV MUBOSHER G'AYBULLO O'G'LI,ЧП «LUTFULLAYEV MUBOSHER»,generic,https://api.keraklibotlarim.uz/api/payme
69d7737682e4c98f6a418d51,САКЛА,"ООО «""FERRET LABS"" MCHJ»",generic,https://api.saqla.app/api/payments/webhook/payme
69d78f62d6f73214f0bf04e2,XOJAKULOVA LOBAR RAXMATULLAYEVNA,ЧП «undefined undefined»,generic,https://nationalacademicchallenge.uz/api/payments/payme/webhook/
69d7976bd6f73214f0bf04ec,Gadget Pro,ЧП «MAHAMMADJONOV MUHAMMADAZIZBEK»,generic,https://gadgetpro.uz/api/payme/webhook
69d7a8f1d6f73214f0bf04f8,Manoly,"ООО «""DUBBE"" MCHJ»",generic,https://api.manoly.uz/v1/payment/payme
69d7d4a1f097bac113e94010,Rulda,ЧП «ASHIRALIYEV DONIYOR»,generic,https://api.rulda.app/api/v1/payments/payme
69d888e81cae22e89bee720d,BIG GROUP ( QARINDOSHLAR ),ЧП «KAMOLOV FERUZ»,generic,https://api.exode.biz/api/v2/payment/rpc/acquiring/1a80870f-9c8c-472c-8081-3e439b16e498
69d8a7f91cae22e89bee78a2, OMADLI-KOSHONA-FAYZ ,"ООО «""OMADLI-KOSHONA-FAYZ"" MAS'ULIYATI CHEKLANGAN JAMIYAT»",arca,https://api-qr.uzcard.uz
69d8a833d6f73214f0bf053e, OMADLI-KOSHONA-FAYZ ,"ООО «""OMADLI-KOSHONA-FAYZ"" MAS'ULIYATI CHEKLANGAN JAMIYAT»",arca,https://api-qr.uzcard.uz
69d8a9161cae22e89bee78e4,RICH,"ООО «""AUTO PARKING"" MCHJ»",arca,https://api-qr.uzcard.uz
69d8c1d6f097bac113e9408c,ABDURAUFOV AMIRJON ABDURAFIKOVICH,ЧП «ABDURAUFOV AMIRJON»,generic,https://api.coffeebox.uz/api/payments/payme/
69d8c32a1cae22e89bee7d4a,NEGMATOVA MEHRANGIZ INOYAT QIZI,ЧП «NEGMATOVA MEHRANGIZ»,generic,https://api.coffeebox.uz/api/payments/payme/
69d8e44e59385489230d0452,HODIYEV ALISHER FAXRIDDIN O‘G‘LI,ЧП «HODIYEV ALISHER»,generic,https://cdn.essepro.uz/api/payments/payme
69d8e84d7fd08e1d3622d2b0,GRAND LAVASH XOJELI - DELEVER,ООО «GULBANU NUKUS SERVIS TORG MCHJ»,generic,https://payment.api.delever.uz/payme
69d8eb407fd08e1d3622d2b2,YULDASHEV TIMUR OLIM O‘G‘LI,ЧП «YULDASHEV TIMUR»,generic,https://api.coffeebox.uz/api/payments/payme/
69d8ecca1cae22e89bee87f7,YATT XUDOYNAZAROV MEHMONALI FAXRIDDIN O‘G‘LI,ЧП «XUDOYNAZAROV MEHMONALI»,generic,https://tezcheck.uz/receive_payments/api/payme
69d8ef27d6f73214f0bf058c,TozaMoliya,"ООО «""LIGER INVEST"" MCHJ»",generic,https://tozamoliya.uz/api/paycom
69d9114abbf621e93229596b,Ladyline Home,ЧП «ALIYEVA UMIDA»,arca,https://api-qr.uzcard.uz
69da84341cae22e89beebcca,Premium,"ООО «""HISOBIM"" MCHJ»",generic,https://hisobim-payment-integration.knative-fn.u-code.io/api/v1/payme
69db21157fd08e1d3622d372,EduKit,"ООО «""OPEN WEB"" MCHJ»",generic,https://api.edukit.uz/v1/payment/payme
69dc82ee59385489230d0557,WISE STORE,"ООО «""WISE-STORE"" MCHJ»",arca,https://api-qr.uzcard.uz
69dc88cf59385489230d055f,БАХТИБЕК,"ООО «""BAXTIBEK BOBUR"" MCHJ»",arca,https://api-qr.uzcard.uz
69dc8a3ef097bac113e941db,FAYZULLO SH,"ООО «ООО ""FAYZULLO SH""»",arca,https://api-qr.uzcard.uz
69dc8a681cae22e89beedb0a,FAYZULLO SH,"ООО «ООО ""FAYZULLO SH""»",arca,https://api-qr.uzcard.uz
69dc8abcd6f73214f0bf067c,Samarkand Interntional School,ООО «Universal Shingarf Mchj»,generic,https://mock-master.uz/payme/webhook.php
69dc8c847fd08e1d3622d3d0,IBODULLA BUYUK KELAJAK,"ООО «""IBODULLA BUYUK KELAJAK"" MCHJ»",arca,https://api-qr.uzcard.uz
69dc90117fd08e1d3622d3d4,YUNUSABAD GALLERIA,"ООО «""YUNUSABAD GALLERIA"" MCHJ»",generic,https://pay.yunusabadparking.uz/api/v1/integrations/payme/webhook
69dc92251cae22e89beedcce,CoffeeBox,ЧП «ARABBOYEVA MOHINUR»,generic,https://api.coffeebox.uz/api/payments/payme/
69dc926d7fd08e1d3622d3d9,OsonPDF,ЧП «undefined undefined»,generic,https://osonpdf.uz/payme/
69dc9e8b7fd08e1d3622d3e6,CoffeeBox,ЧП «AMONOV DALER»,generic,https://api.coffeebox.uz/api/payments/payme/
69dca809d6f73214f0bf06a6,SHIN OLEG IGOREVICH,ЧП «SHIN OLEG»,generic,https://backend.admin.tgshop.io/api/v1/payme/webhook
69dcadfa59385489230d0587,vending,ЧП «MOVLONOV OYBEK»,generic,https://device.radiomer.uz/api/payment/payme/v2
69dcc02dd6f73214f0bf06c2,MOFT,"ООО «""CLEAN SPACE"" MCHJ»",generic,https://moft.adstat.uz/api/payment/payme
69dcc121d6f73214f0bf06c4,TESKO,"ООО «ООО ""FOOD CHAIN PARTNERS""»",generic,https://back.directpay.uz/api/v1/payment/payme/webhook
69dcd3987fd08e1d3622d41f,TOXIROV BAXTIYOR IBROXIMOVICH,ЧП «TOXIROV BAXTIYOR»,generic,https://centriscrm.uz/personal/order/notification.php
69dcd5b4f097bac113e9423d,HIVE Courses by ERGO EDU,"ООО «""ERGO EDU"" MAS'ULIYATI CHEKLANGAN JAMIYAT»",generic,https://hive.education/api/payments/payme/callback
69dcd7d959385489230d05cf,XIKMATOVA YULIYA RAFAELEVNA,ЧП «XIKMATOVA YULIYA»,generic,https://atour.uz/?wc-api=wc_payme
69dce2c41cae22e89beeeff4,MUXAMMAD-ZIYO-ILIM,"ООО «""MUXAMMAD-ZIYO-ILIM"" XK»",generic,https://test.uz/
69dce920bdc161d463910dd8,BELLISSIMO PIZZA,ООО «BELLISSIMO PIZZA INTERNATIONAL»,generic,https://pay.bpnet.uz/api/payment/payme
69dce95dbdc161d463910e1c,BELLISSIMO PIZZA,ООО «BELLISSIMO PIZZA INTERNATIONAL»,generic,https://pay.bpnet.uz/api/payment/payme
69dcfbc2d6f73214f0bf06f9,SATTOROV SODIQMIRZO SIDIQ O'G'LI,ЧП «SATTOROV SODIQMIRZO»,generic,https://taskin-nikoh.ittech.uz/payment/payme
69ddd2481cae22e89bef01d1,ELHISOB,"ООО «""ELHISOB"" MCHJ»",generic,https://api-suv.hisob.info/finance/system-topup/provider/payme/merchant
69ddda74bbf621e93229d98f, SHAXINA ESHMATOVA,"ООО «""SHAXINA ESHMATOVA"" MCHJ»",arca,https://api-qr.uzcard.uz
69dddb78bbf621e93229d9ca, TANDIR MARKAZI ,"СП «""TANDIR MARKAZI"" OK»",arca,https://api-qr.uzcard.uz
69dde42ad6f73214f0bf0740,ИАФ ПРАЙМ,"ООО «""IAF-PRIME"" MCHJ»",generic,https://besitterapi.zaryadchi.uz/api/payment/payme/webhook
69dde942d6f73214f0bf0743,Hutta,"ООО «""HUTTA"" MCHJ»",generic,https://ifuitu.jprq.live/payment/update/
69ddf68abbf621e93229e142,N Foods-u,"ООО «""N FOODS-U"" MCHJ»",arca,https://api-qr.uzcard.uz
69ddfc37f097bac113e94314,GLOBUS ART BUSINESS,"ООО «""GLOBUS ART BUSINESS"" MCHJ QK»",generic,https://makani.w2w.uz/api/payme/pay
69ddfdc31cae22e89bef169c,UZBEK DO`NER,"ООО «""ROMAX"" MCHJ»",generic,https://api.lamenu.uz/api/payments/v1/payme
69ddfe041cae22e89bef16a7,MYXURMO,"ООО «""MYXURMO"" MCHJ»",generic,https://api.myxurmo.uz/payme-api/
69ddfe3dd6f73214f0bf0758,Uzbek Doner Sergeli LaMenu,"ООО «""NEO FOOD"" MCHJ»",generic,https://api.lamenu.uz/api/payments/v1/payme
69de1f3b1cae22e89bef2078,Glowi Sales,"ООО «""GLOWI BEAUTY"" MCHJ»",generic,https://admin.biutipro.uz/pay/payme/pay
69de2185f097bac113e94362,SlaydPro,ЧП «ROJIBOYOVA MADINABONU»,generic,https://bot-server-production-ad7b.up.railway.app/payme/callback
69de22d459385489230d06aa,YUNUSABAD PARKING ZONE,"ООО «""YUNUSABAD PARKING ZONE"" MCHJ»",generic,https://pay.yunusabadparking.uz/api/v1/integrations/payme/webhook
69de251dd6f73214f0bf07c3,RUBLYOVKA CITY,"ООО «""RUBLYOVKA CITY"" MCHJ»",arca,https://api-qr.uzcard.uz
69de259cbdc161d46391126f,HN STAI,"ООО «""HN STAI"" MCHJ»",generic,https://api.stai.uz/api/v1/payment/webhook/payme/
69de2cf059385489230d06b2,Burger Беруни Online,"ООО «""EMBASSY FOOD"" MCHJ»",generic,https://eb.safiabakery.uz/payment/paycom?id=26
69de34ed1cae22e89bef2516,DeltaDigital,ЧП «BURHONOV BURHONIDDIN»,arca,https://api-qr.uzcard.uz
69de748597cfc8b083bee46a,Mymio.uz,ЧП «ABDUVOHIDOVA ROBIYA»,generic,https://mymio.uz/api/billing/payme/api
69de866597cfc8b083bee46b,MIRSHIFO,"ООО «""MIRSHIFO"" MCHJ»",generic,https://pay.denapp.uz/payme/merchant
69df1f158b27900ded03e8e7,UNEX-GROUP,"ООО «""UNEX-GROUP"" MCHJ»",generic,https://medi-unex.vercel.app/api/payme
69df1f5ebf47aac75aba84f9,Bellissimo Seoul Mun Kiosk IO,"ООО «""REAL BUSINESS TRADE"" MCHJ»",generic,https://payment.api.delever.uz/payme
69df3fa9aeec6f25b9f0efeb,YUSUPOVA CHINORA ANVAR QIZI,ЧП «YUSUPOVA CHINORA»,generic,https://kiyim-backend-chinor-production-4a6e.up.railway.app/api/payme
69df559dbdc161d463911558,BetterLife,ООО «BetterLife»,generic,https://lifepointz.com/api/v1/payme
69df66e7bbf621e9322a0ebc,MEHMONXONA 777,"СП «""MEHMONXONA 777"" OK»",arca,https://api-qr.uzcard.uz
69df72f1aeec6f25b9f0f02e,KOZIMOV ABDULVAXXOB ABDURASHID O‘G‘LI,ЧП «KOZIMOV ABDULVAXXOB»,generic,https://soat.smmshop.uz/Kozimov/PremiumDonat/payme/index.php
69df9123bf47aac75aba9ba7,FAXRIYA BARAKA,"ООО «""FAXRIYA BARAKA"" MCHJ»",arca,https://api-qr.uzcard.uz
69df9548bf47aac75aba9c31,Bemorim.uz  ,ЧП «PORTENKO BOGDAN»,generic,https://bemorim.uz/api/payme
69dfb59faeec6f25b9f0f05b,MATH TEACHERS,"ООО «""MATH TEACHERS"" MCHJ»",generic,https://8e09-93-170-16-130.ngrok-free.app/api/payment/payme
69e07bbc8b27900ded03e9a3,Testo by Zamira,"ООО «""CHUCHVARA ZAMIRA"" MCHJ»",generic,https://payment.api.delever.uz/payme
69e07c2f97cfc8b083bee53f,BEERBASHA,"ООО «""BEERBASHA"" MAS'ULIYATI CHEKLANGAN JAMIYAT»",generic,https://payment.api.delever.uz/payme
69e07f868b27900ded03e9a8,uzbizness,ЧП «TOJIBOYEV IBODULLO»,generic,https://bizplanai.uz/payme/callback
69e08e5597cfc8b083bee554,Tilgo,ЧП «TUXTAYEV ULUG‘BEK»,generic,https://api.tilgo.uz/api/v1/webhooks/payme
69e09363bbf621e9322a2c69, FRESHBAZAR ,"ООО «""FRESHBAZAR"" MCHJ»",arca,https://api-qr.uzcard.uz
69e0bc46bbbaedd7d1f0f338,XIZMAT KORSATISH ISHLARI,"ООО «""XIZMAT KORSATISH ISHLARI"" MCHJ»",generic,https://b.ivend.uz/payme/api/v1/l0cGlDVTH9gZzqviStSz/rpc
69e0c0dabf47aac75abab7f0,Mustang Energy,"ООО «""MUSTANG ENERGY STATION GROUP"" MCHJ»",generic,https://mustang-charger.uicgroup.tech/api/v1/payment/payme/
69e0c54897cfc8b083bee57b,BRB-TECH,"ООО «""BRB-TECH"" MCHJ»",generic,https://academy.brb-tech.uz/api/v1/public/payment/payme
69e0d458bbbaedd7d1f0f350,ISKANDAROV ABDUKARIM ULGURJI,"СП «СП ""ISKANDAROV ABDUKARIM ULGURJI SAVDO""»",generic,https://siyobparfum.magicstore.ai/handle/payme/c8cab8e7-4e63-47eb-a46b-e9fd9611a562
69e0d4babf47aac75ababbf4,ENGLIFY,"ООО «""ENGLIFY"" MCHJ»",generic,https://api-4x8j6pk.rustos.uz/external/v1/payment/payme/hook?api-token=payme-Dz8z_YSISu8wyBKjmx-81btk3PqwCOnIDJsfIfX7vy_ZbvMCrSwYNjeQD
69e0d605bbbaedd7d1f0f351,YO‘LDOSHEV ABDULLOH BAXTIYOR O‘G‘LI,ЧП «YO‘LDOSHEV ABDULLOH»,generic,https://b.ivend.uz/payme/api/v1/WdZGXCeeq1GOKrbkp8fO/rpc
69e0da438b27900ded03e9fa,TEST ONE,"ООО «""TOHA PROF COM"" MCHJ»",generic,https://test-one.uz/api/v1/payme
69e0dc9397cfc8b083bee58c,BISMUTH PLATFORM,"ООО «""BISMUTH PLATFORM"" MCHJ»",generic,https://api.bismuth.uz/api/payments/payme/webhook
69e1d6a0bbbaedd7d1f0f3b4,DAF SPRACHZENTRUM,"ООО «""DAF SPRACHZENTRUM"" MCHJ»",generic,https://api.dafzentrum.uz/api/gateways/payme/webhook?companyId=1001
69e1f347bf47aac75abad9bf,ЯТТ ДЖУМАКУЛОВА,ЧП «JUMAKULOVA GULNAZA»,generic,https://taklif-backend-b9cz.onrender.com/payme
69e1f8a5bbbaedd7d1f0f3db,"""Маърифат"" Газета редакцияси","ННО «""MA’RIFAT"" GAZETA REDAKSIYASI»",generic,https://api.marifatstore.uz/api/Payment/payme/callback
69e208bebf47aac75abadf72, UMM MAX TRADE ,"ООО «""UMM MAX TRADE "" MCHJ»",arca,https://api-qr.uzcard.uz
69e20ec0bf47aac75abae050,NAJOT TA'LIM,НОУ «NAJOT TA`LIM MARKAZI»,generic,https://integration-payment.najottalim.uz/payme
69e2137c8b27900ded03ea91,Market Card AI,ЧП «UDALOVA YELENA»,generic,https://marketcard.uz/api/payments/payme/callback
69e219b6aeec6f25b9f0f195,BuxDU olimpiada,"ООО «""ASTRO ACADEMY BUKHARA"" MCHJ»",generic,https://payment.la1.uz/payment/payme/
69e21a84bbbaedd7d1f0f40c,UZIMED.UZ,"ООО «""IDEAL HOLDING"" XK»",generic,https://cqlkhsaewbhqjuyeyunj.supabase.co/functions/v1/payme-webhook
69e21ad1bbbaedd7d1f0f40f,ZIYOQULOV RUSTAMBEK SHUHRAT O‘G‘LI,ЧП «ZIYOQULOV RUSTAMBEK»,generic,https://hook.zorly.uz/payments/providers/payme/
69e2235097cfc8b083bee641,DARYO BY BURSA,"ООО «""DARYO BY BURSA"" MCHJ»",generic,https://bursa.zoomda.uz/backend/payme/
69e223b6bbbaedd7d1f0f419,МУСАФФО,"ООО «""CAPITALIST"" MCHJ»",generic,https://api.musaffotaxi.uz/payme
69e223e1bbbaedd7d1f0f41a,BURSA FAMILY RESTORAN,"ООО «""BURSA FAMILY RESTORAN"" MCHJ»",generic,https://bursa.zoomda.uz/backend/payme/
69e22ba2aeec6f25b9f0f1af,RENTME,"ООО «""RENTME"" MCHJ»",generic,https://api-mobile-prod.rentmi.uz/api/v1/mobile/payme/callback/
69e2883b97cfc8b083bee677,taklifnoma.app,ЧП «MUXAMMADIYEVA NILUFAR»,generic,https://takleef.slaydina.xyz/payme
69e5c8db8b27900ded03eb83,DARYO BY BURSA,"ООО «""DARYO BY BURSA"" MCHJ»",generic,https://bursa.zoomda.uz/backend/payme/
69e5f32e7c0acd669b045f00,SlaydApp BOT,ЧП «MUXAMMADIYEVA NILUFAR»,generic,https://bot.slaydina.xyz/payme
69e6199fab10ec211cdc51dd,CHIRCHIQ AVTO TEST,ЧП «MIRSAXATOV MIRKOMIL»,generic,https://avtobilim.uz/payme/webhook
69e61a3e7c0acd669b045f33,SSMART TEXNO SYSTEM,"ООО «""SSMART TEXNO SYSTEM"" XK»",generic,https://api.tty0x-api-app.cloud/api/v1/payments/payme/callback
69e70de5874758d1bc0be7e8,"""FAYZZIYO"" MCHJ","ООО «""FAYZZIYO"" MCHJ»",generic,https://api.qorasaroy.com/api/payment/payme
69e7187abecfab6bcebdefbe,TAKLEEF,"ООО «""TAKLEEF"" MCHJ»",generic,https://takleef.uz/api/saas/payments/webhook/payme.php
69e722e737bd5c292aa738f6,EMBASSY FOOD,"ООО «""EMBASSY FOOD"" MCHJ»",generic,https://eb.safiabakery.uz/payment/paycom?id=27
69e72340adc989d99c87540a,Medilux medical center,"ООО «""MEDILUX MEDICAL CENTER"" MCHJ»",generic,https://banisa.uz/api/payme/callback/de802160-bc16-4e28-8c6c-3dbda1e7dcea
69e751974db13deeb0e16ba3,TREND PAY,"ООО «""TREND PAY"" MCHJ»",generic,https://trendpay.uz/payments/payme/
69e76afde122c182603b5bdd,ABIDOV MUXAMMADOLIM MUXAMATXAMID O‘G‘LI,ЧП «ABIDOV MUXAMMADOLIM»,generic,https://device.radiomer.uz/api/payment/payme/v2
69e77d03db583ce720e33fd2,USEF,"ООО «""USEF GROUP"" MCHJ»",generic,https://api.foodsay.uz/api/v1/payme/control
69e7a5a96fa25190bbd548f4,iCar24,"ООО «""FIN ONE"" MAS'ULIYATI CHEKLANGAN JAMIYAT»",generic,https://pleasing-luck-finone-ai.up.railway.app/webhooks/payme
69e87445f8bcc69e42a99654,SALES DOCTOR SOLUTIONS,"ООО «""SALES DOCTOR SOLUTIONS"" MCHJ»",generic,https://billing.sdteam.uz/api/v1/external/payme
69e87ce8db583ce720e3401f,Давай закажем,ЧП «USMONOVA BAXTINISO»,generic,https://rechange.uz/payme/merchant/
69e88c51db583ce720e3402a,ATWELL VITAMIN SHOP,"ООО «""BUUM"" MCHJ»",generic,https://payment.api.delever.uz/payme
69e8a18551c4bd9e5faf265f,SINTEZ,ЧП «XALILOV MO‘MINJON»,generic,https://api.sintez.uz/api/payme/webhook/
69e8a3f2e4201637f9519b01,KAFOLAT TA'LIM,"ООО «""OXUS IT ACADEMY"" MCHJ»",generic,https://vttudijawsjpotjdlbzj.supabase.co/functions/v1/payme-v2
69e8ab4651c4bd9e5faf282f,TEPALIK GROUP,"ООО «""TEPALIK GROUP"" MAS'ULIYATI CHEKLANGAN JAMIYAT»",generic,https://api.imobile.uz/api/payments/payme
69e8aebea9a11efc83b6be94,VACANDI  ,"ООО «""VACANDI"" MCHJ»",generic,https://api.vacandi.uz/api/payments/payme/merchant
69e8b3178e720822283ee054,SALES DOCTOR SOLUTIONS,"ООО «""SALES DOCTOR SOLUTIONS"" MCHJ»",generic,https://billing.sdteam.uz/api/v1/external/payme
69e8c02d51c4bd9e5faf2cc8,DONERCI C5,"ООО «""DONERCI C5"" MCHJ»",generic,https://payment.api.delever.uz/payme
69e8d38b050866cd0a34f463,Montix ai,ЧП «SHIRINBAYEV ASILBEK»,generic,https://api.montix.ai/api/v1/payments/payme
69e8daa6929562865f756ae6,Edu-Action,"ООО «""WISE CONSULTING  "" MAS`ULIYATI CHEKLANGAN JAMIYAT»",generic,https://eduworld.uz/webhook/payme
69e8e7620ba8aa967a862d70,IÖCA,ЧП «FILIPPOV NIKOLAY»,generic,https://helena-fit.ru/api/payme/callback
69e9be73929562865f756b4c,Tadbir App,"ООО «""ILYAAS PARTNERS"" MCHJ»",generic,https://www.tadbir.app/api/payme
69e9be7ba9a11efc83b6befd,GREEN MARKETING SERVIS,"ООО «""GREEN MARKETING SERVIS"" MCHJ»",generic,https://bai26.marketing.uz/payment/payme/index.php
69e9c76e4e4e14d09d79af34,IMPACTT COWORKING,"ООО «""IMPACTT""»",generic,https://app.impactthub.uz/api/payment-webhooks/payme/impactt
69e9e5473fe2c1ab518f4483,XALIKOVA KOMILAXON OYBEKOVNA,ЧП «XALIKOVA KOMILAXON»,generic,https://www.birochka.uz/gateway/callback/payme
69ea038eed25caae2fbd071e,Skechers,"ООО «ООО ""REPORT""»",generic,https://testing4.progressive.uz/?wc-api=wc_payme
69ea086f4e4e14d09d79b9eb,Matbuot info media servis,"ООО «""MATBUOT INFO MEDIA SERVIS"" MAS'ULIYATI CHEKLANGAN JAMIYAT»",generic,https://invest.erkatoy.uz/api/payme
69ea237f0b3070d366e31f27,MAROQAND HOTEL PayConnectBE,"ООО «""LOGISTIK TUR 1"" MCHJ»",generic,https://test.uz/
69ea24d44e4e14d09d79be45,Comfort U Hotel Samarkand PayConnectBE,"ЧП «""COMFORT-HOTEL-U"" OK»",generic,https://test.uz/
69ea25d10b3070d366e31f28,SURHANDARYO HOTEL PayConnectBE,"ООО «""LIBER GRAND"" MCHJ»",generic,https://test.uz/
69ea26a30b3070d366e31f29,Sharq Hotel Khiva PayConnectBE,"ООО «""SHARQ MEXMONXONASI XORAZM"" MCHJ»",generic,https://test.uz/
69eb157c6b5f5b87976f3041,SALOM CHADO,"ООО «""SALOM CHADO"" MCHJ»",generic,https://chado.omnixcore.dev/api/payme/merchant
69eb20ae929562865f756c09,SHUXRAT GOLD,"ООО «""SHUXRAT GOLD"" MCHJ»",arca,https://api-qr.uzcard.uz
69eb20cc929562865f756c0a,SHUXRAT GOLD,"ООО «""SHUXRAT GOLD"" MCHJ»",arca,https://api-qr.uzcard.uz
69eb2596050866cd0a352b3d,AQUA  WORLD,"ООО «""KONTABRIK"" MCHJ»",arca,https://api-qr.uzcard.uz
69eb3654ed25caae2fbd077c,CHOPON,"ООО «""CHOPON FOOD"" MCHJ»",generic,https://payment.api.delever.uz/payme
69eb386eed25caae2fbd077e,XAN KOKAND,"ООО «""ABDULAZIZXON USMANOV"" MAS'ULIYATI CHEKLANGAN JAMIYAT»",generic,https://xankokand.uz/api/payme
69eb393a929562865f756c16,Dilrabo Travel,СП «Dilrabo Travel»,generic,https://booking.dilrabotravel.com/api/payme
69eb39eced25caae2fbd0783,Nextin Web Studio,ИП ООО «NEXTIN STUDIO WEB»,generic,https://api.nexttrip.uz/api/payments/payme/webhook/
69eb44b26b5f5b87976f30c0,UNITRIP,"ООО «""UNITRIP"" MCHJ»",avia,http://172.17.9.239:7900
69eb47aa929562865f756c1e,USHAKOV GRIGORIY ALEKSANDROVICH,ЧП «USHAKOV GRIGORIY»,generic,https://salford-billing.cool-dream-982e.workers.dev/payme
69eb4e110b3070d366e31f8c,SHOSH ART,"ООО «""SGS GROUP AKTIV"" MCHJ»",generic,https://payment.api.delever.uz/payme
69eb61680b3070d366e31f9e,GAZ OIL,"ООО «""GRAND LYUKS GAZ OIL"" MAS'ULIYATI CHEKLANGAN JAMIYAT»",arca,https://api-qr.uzcard.uz
69eb76fd4e4e14d09d79dca0,Kimchi.uz,СП «OFIYATLI HAYOT»,generic,https://kimchi.uz/?wc-api=wc_payme
69eb85880ba8aa967a862ed5,Joyida POS,ООО «ITHUB»,generic,https://api.banbase.uz/v1/payments/payme
69edc9fbed25caae2fbd0847,Rentli,ЧП «undefined undefined»,generic,https://rentli.uz/payments/webhook/payme
69ee45bf929562865f756cdd,Stat Pulse,ЧП «YO‘LDOSHEV MIRISLOM»,generic,https://statpulse.org/api/payments/payme
69eef3f04e4e14d09d7a0a50,PROFMED LOR,"ООО «""PROFMED LOR"" MCHJ»",arca,https://api-qr.uzcard.uz
69eef6070ba8aa967a862f8c,GHAWTH GROUP,"ООО «""GHAWTH GROUP"" MCHJ»",generic,https://yaqingo.uz/api/subscriptions/webhook/payme
69eefe31ed25caae2fbd088b,MONANDTEX ,ООО «MONANDTEX»,arca,https://api-qr.uzcard.uz
69eefe5c929562865f756cf6,MONANDTEX ,ООО «MONANDTEX»,arca,https://api-qr.uzcard.uz
69ef073f0ba8aa967a862f9d,AXMEDOV SAIDAXMAD MUZAFAR O'G'LI,ЧП «AXMEDOV SAIDAXMAD»,generic,https://payment.api.delever.uz/payme
69ef0af60ba8aa967a862fa4,AVTO TOK,"ООО «""AVTO TOK"" MCHJ»",generic,https://api.avtotok.uz/api/payments/payme/create
69ef3aed4e4e14d09d7a1599,CULLINAN GROUP,"ООО «""CULLINAN GROUP"" MCHJ»",generic,https://1707.langame.ru/master_api/payments/payme
69ef42590b3070d366e320ae,educationcrm,"ООО «""WHITE HAT"" MCHJ»",generic,https://api.payments.educationcrm.uz/payme/callback
69ef66dbed25caae2fbd0900,DIETOLOG TURSUNBOYEVA SOBIRA,"ООО «""DIETOLOG TURSUNBOYEVA SOBIRA"" MCHJ»",generic,https://dietolog.socialprime.uz/payme
69efaa59929562865f756d78,IELTS NATION,"ООО «""IELTS NATION"" MCHJ»",generic,https://api.ieltsnation.uz/api/billing/payme/webhook
69f0692e929562865f756da3,NABIJONOV ABOBAKIR AKMALJON O‘G‘LI,ЧП «NABIJONOV ABOBAKIR»,generic,https://admin.xozmagchi.uz/payme/get-me
69f088664e4e14d09d7a35a4,KAMOLOVA VAZIRA MURODJONOVNA,ЧП «KAMOLOVA VAZIRA»,generic,https://pkyruntfmsehxnsrzrin.supabase.co/functions/v1/payme
69f09e444e4e14d09d7a397e,TRIPLE R ACADEMY,"ООО «""TRIPLE R ACADEMY"" MAS'ULIYATI CHEKLANGAN JAMIYAT»",generic,https://ay8v7l10v7.execute-api.us-east-1.amazonaws.com/dev/webhooks/payme
69f0ae384e4e14d09d7a3cbb,BELLISSIMO PIZZA,ООО «BELLISSIMO PIZZA INTERNATIONAL»,generic,https://pay.bpnet.uz/api/payment/payme
69f0ae4b4e4e14d09d7a3cc3,Bellissimo,"ООО «""TRANS TRADE OIL"" MCHJ»",generic,https://payment.api.delever.uz/payme
69f0b148929562865f756e02,BELLISSIMO PIZZA,ООО «BELLISSIMO PIZZA INTERNATIONAL»,generic,https://pay.bpnet.uz/api/payment/payme
69f0b1e84e4e14d09d7a3d2c,BELLISSIMO PIZZA,ООО «BELLISSIMO PIZZA INTERNATIONAL»,generic,https://pay.bpnet.uz/api/payment/payme
69f0b569ed25caae2fbd09a1,BELLISSIMO PIZZA,ООО «BELLISSIMO PIZZA INTERNATIONAL»,generic,https://pay.bpnet.uz/api/payment/payme
69f0b88d4e4e14d09d7a3e21,DARYO ZOOMDA,"ООО «""DARYO BY BURSA"" MCHJ»",generic,https://bursa.zoomda.uz/backend/payme/
69f0b8940ba8aa967a86307f,WOK/STREET77 Tuzel,"ООО «ООО ""SMART DORADO""»",generic,https://wok.zoomda.uz/backend/payme/
69f12415ed25caae2fbd09c4,PRAVA GO,ЧП «ABDUXALILOV AZIM»,generic,https://pravamax.uz/api/payment/payme
69f1aa18ed25caae2fbd09e5,Вендинг,ЧП «YAKUBOV DAVRON»,generic,https://b.ivend.uz/payme/api/v1/6p4MZxmtMOlnMEe13KYj/rpc
69f1b1b7ed25caae2fbd09eb,Haad TC,"ООО «""HAAD IT CENTER"" MCHJ»",generic,https://payment.haad.ai/api/payment/payme/callback
69f1e1470b3070d366e321e4,TONI'S WAY,"ООО «""TONIS WAY"" MCHJ»",generic,https://tourist-bot.ru/payment-system/payme
69f1e181929562865f756e75,Hisobchi Guvoh,"ООО «""HISOBCHI AI LAB"" MAS'ULIYATI CHEKLANGAN JAMIYAT»",generic,https://guvoh.hisobchiai.uz/api/payme
69f1e460ed25caae2fbd0a1a,KREM SLIVKI,"ООО «ООО ""KREM SLIVKI""»",generic,https://api.kremslivki.uz/api/payme/callback
69f1e97f050866cd0a35b611,TOOMAN TSHKNT,"ООО «""TOOMAN TSHKNT"" MCHJ»",arca,https://api-qr.uzcard.uz
69f1f19e4e4e14d09d7a5b2e,GLOBUSKANS,"ООО «""KANSTIK SAMARKAND"" MAS'ULIYATI CHEKLANGAN JAMIYAT»",generic,https://dalion-mobile-app-production.up.railway.app/api/payme
69f1fc1ced25caae2fbd0a34, Siervos de Mariya,"ООО «""SIERVOS DE MARIYA"" MCHJ»",arca,https://api-qr.uzcard.uz
69f21fc1050866cd0a35be07,VIBE MOBILE,"ООО «""VIBE-MOBILE"" MCHJ»",arca,https://api-qr.uzcard.uz
69f22314929562865f756e9e,Egasi.uz,"ООО «""CLASSI CONNECT"" MCHJ»",generic,https://api.egasi.uz/api/v1/pay/payme/webhook
69f244caed25caae2fbd0a51,Mano,ЧП «AXMADALIYEV AZIZ»,generic,https://mano.deltateam.uz/v2/webhook/payme
69f2eae5db2327ee51ec97f4,Printit,"ООО «""ARTDIDA AND YUKA GROUP"" MCHJ»",generic,https://chopi.uz/?wc-api=wc_payme
69f2f580e985ea943e394c4e,WAKIL AI,"ООО «""WAKIL AI"" MCHJ»",generic,https://backend.wakil.ai/api/v2/transaction/payme/
69f2fa87db2327ee51ec9809,Mehr Market,ЧП «TOSHPULATOV MAXSUD»,generic,https://mehr-market.uz/api/payments/payme/
69f327c7db2327ee51ec9838,LITTLE CHESS,"ООО «""LITTLE CHESS"" MCHJ»",generic,https://api.castinggo.uz/api/payme
69f3292a3f0858749775f758,"""E-POS PARTNERS""","ООО «""E-POS PARTNERS"" MCHJ»",generic,https://api-poster.uzpos.uz/payme
69f329bcf369853023a7e102,SUSHI-MUSHI GROUP,"ООО «""SUSHI-MUSHI GROUP"" MAS'ULIYATI CHEKLANGAN JAMIYAT»",generic,https://payment.api.delever.uz/payme
69f32a1edb2327ee51ec983d,DeepView,"ООО «""DEEPEN"" MAS'ULIYATI CHEKLANGAN JAMIYAT»",generic,https://deepwell.uz/api/v1/payments/webhook/payme/deepview/
69f33887f369853023a7e487,7 SABER,"ООО «""7 GOLD NUTRITION"" MCHJ»",generic,https://7sabernutrition.uz/api/api/webhooks/payme/
69f33adff369853023a7e503,DEFOS,"АО «""DEFOS"" AJ»",generic,https://api.exode.biz/api/v2/payment/rpc/acquiring/e77a7b57-f67e-4635-a956-43005335f5b4
69f347c9da1a2512f31ad6b5,JLPT Master,"НОУ «""JLPT MASTER"" NTM»",generic,https://jlptmaster.uz/api/payment/payme
69f35047e985ea943e394cb0,JUMANIYOZOV ASADBEK,ЧП «JUMANIYOZOV ASADBEK»,generic,https://b.ivend.uz/payme/api/v1/Rqpx9XkVOduQuy70bvpd/rpc
69f374aa050866cd0a35e41c,КОСМЕТКА Beauty shop,ЧП «TAGIROVA ELANA»,arca,https://api-qr.uzcard.uz
69f44d3ef369853023a7fff2,AILAN AI,"ООО «""AILAN AI"" MCHJ»",generic,https://api.sovchi.app/api/payments/payme/
69f48c8cdb2327ee51ec9912,"OOO ""XONDAMIR BEST FARM""","ООО «""XONDAMIR BEST FARM"" MCHJ»",arca,https://api-qr.uzcard.uz
69f4a315da1a2512f31ad76d,EUPHORIA GROUP,ООО «MCHJ EUPHORIA GROUP»,generic,https://api.e-elements.uz/payme
69f4a5ca3a13a1a43bf7fee8,ABDULLAYEV ABDUVOXID ABDULAZIZ O‘G‘LI,ЧП «ABDULLAYEV ABDUVOXID»,generic,https://b.ivend.uz/payme/api/v1/lmJ1TsklAeciH3awS7tS/rpc
69f4a635da1a2512f31ad771,SysAdminX exode,ООО «QUICK EDUCATION GROUP»,generic,https://api.exode.biz/api/v2/payment/rpc/acquiring/1e2d1507-ed42-455f-85e6-55007f503b04
69f828fff369853023a85b09,pddexamuzbot,ЧП «ZOKIROV JAVLON»,generic,https://pdd.ddmedia.uz/api/payments/payme
69f83135db2327ee51ec9a41,SAZANCHIK,"ООО «""BIG OCEAN TRADE"" MCHJ»",arca,https://api-qr.uzcard.uz
69f835e2e985ea943e394e59,RESTCONSULT AR,"ООО «""RESTCONSULT  AR"" MCHJ»",generic,https://smartcontrolhub.uz/api/v1/payments/payme
69f837d8f369853023a8612c,TWO EAGLES,"ООО «""TWO EAGLES"" MCHJ»",generic,https://umafashion.uz/version-test/api/1.1/wf/payme
69f8396b3a13a1a43bf7ffe6,IKROMOV ASILBEK O`KTAMOV O`G`LI,ЧП «IKROMOV ASILBEK»,generic,https://asilbekikromov.uz/payme
69f83c42da1a2512f31ad86e,TASHKENT METERS,"ООО «""TASHKENT METERS"" MCHJ»",generic,https://schetchiktech.uz/api/payments/payme/
69f83d76f369853023a86346,AVVO MEDIA,"ООО «""AVVO-MEDIA"" MCHJ»",generic,https://bubilet.uz/api/public/payme
69f83ea0f369853023a86385,AKCHAEV INC,"ООО «""AKCHAEV INC"" MCHJ»",generic,https://furasentr-payment.knative-fn.u-code.io/v1/payme/
69f84740e985ea943e394e67,FB DISTRIBUTORS GROUP,"ООО «""FB DISTRIBUTORS GROUP"" MCHJ»",generic,https://bahulpllprxniinytfhv.supabase.co/functions/v1/payme-merchant
69f8479de985ea943e394e68,AMERICA UZ,"ООО «""AMERICA UZ"" MCHJ»",generic,https://cs2.uz/pay/?gateway=payme
69f84bf0da1a2512f31ad8ac,EVOS,ООО «MCHJ MAK FOOD SERVIS»,generic,https://payment.api.delever.uz/payme
69f84c2adb2327ee51ec9a54,EVOS,ООО «MCHJ MAK FOOD SERVIS»,generic,https://payment.api.delever.uz/payme
69f84c74da1a2512f31ad8af,EVOS,ООО «MCHJ MAK FOOD SERVIS»,generic,https://payment.api.delever.uz/payme
69f84e5dda1a2512f31ad8b1,EVOS SAMARKAND,"ООО «""NUR CHINORI"" MCHJ»",generic,https://payment.api.delever.uz/payme
69f84ebcdb2327ee51ec9a58,EVOS SAMARKAND,"ООО «""NUR CHINORI"" MCHJ»",generic,https://payment.api.delever.uz/payme
69f8768a050866cd0a366557,IJOD CAFE,"ООО «""ECOWITA"" MCHJ»",arca,https://api-qr.uzcard.uz
69f883fd3a13a1a43bf80038,FOOTBALL CLUB TASHKENT (FCTUZ),ЧП «TO'LAGANOV SANJARBEK»,generic,https://fctuz.com/api/payme/v1/merchant
69f88461db2327ee51ec9a8c,Bellissimo,"ООО «""TRANS TRADE OIL"" MCHJ»",generic,https://pay.bpnet.uz/api/payment/payme
69f88b1bf369853023a8738b,CROBAKE,"ООО «""CROBAKE"" MCHJ»",generic,https://payment.api.delever.uz/payme
69f88f95e985ea943e394eb2,BELLISSIMO PIZZA,ООО «BELLISSIMO PIZZA INTERNATIONAL»,generic,https://pay.bpnet.uz/api/payment/payme
69f8a122da1a2512f31ad8f4,OBUNA INFO,"ООО «""OBUNA INFO"" MCHJ»",generic,https://api.maqsad.narz.uz/api/payments/webhooks/payme/
69f8c4fc3a13a1a43bf8005c,JASMIN HOUSE,"ООО «""JASKONMIR"" XK»",generic,https://jasmin-house.uz/api/payment/payme/merchant
69f8ce1a050866cd0a36763e,Mr Zayafkachi bot,ЧП «SAYFIDDINOV MUHRIDDIN»,generic,https://api-click.mr-zayafkachi.uz/payme
69f97dcfda1a2512f31ad91d,EMBASSY FOOD,"ООО «""EMBASSY FOOD"" MCHJ»",generic,https://eb.safiabakery.uz/payment/paycom?id=28
69f98adcdb2327ee51ec9ad6,Speaking Zone Premium,"ООО «""KUNZAK APPS"" MCHJ»",generic,https://api.speakingzone.ai/api/payme
69f99ec2db2327ee51ec9af8,HEARME,ЧП «TOSHKENBOYEV ABDULFATTOX»,generic,https://api.hearmeai.io/api/payme/webhook
69f9bad6db2327ee51ec9b1f,GP STATE UNION,"ООО «""GP STATE UNION"" MCHJ»",generic,https://keyspro.uz/?wc-api=wc_payme
69f9bb9fdb2327ee51ec9b20,GP Union,"ООО «""GP TECH UNION"" MCHJ»",generic,https://wallet.namo.uz/api/payments/payme/1
69f9c04cda1a2512f31ad975,AdvokatTop,"ООО «""HADLAWYER"" MCHJ»",generic,https://advokattop.uz/api/payment/payme
69f9debcb5851e7b9942e5f8,ELECTRONIC TECHNOLOGY L-TECH,"ООО «""ELECTRONIC TECHNOLOGY  L-TECH"" MCHJ»",generic,https://www.l-tech.uz/api/payments/payme
69f9def84c76ae3aeb799549,1418 Humo Taxi,"ООО «""JASMINA BAHODIR GAME CLUB"" MCHJ»",generic,https://humo1.teamwork.uz/api/v1/payme-base/payme-end-point
69fad38c8532780681487caa,ЦЕНТР ТАКСИ,"ООО «""CENTER TAXI 222"" MCHJ»",generic,https://centertaxi.uz/payments/payme/3/webhook.php
69faef3f1a50d9e4212d77d2,XitYarat,ЧП «O‘RINBAYEV G‘AYRAT»,generic,https://musicbot-worker.urinbaevg.workers.dev/payme/merchant
69fb066d82b4728d779f317b,ВИТАМИНС,ЧП «JURAYEVA SITORA»,generic,https://payme.uz.onebase.space/rpc
69fb090d8532780681487ce1,BOOK.UZ,"ООО «EL-PRESS"" MCHJ»",generic,https://dev.book.uz/api/v1/payme
69fb13770321c14948ebbec2,BUSINESS PASS PLATFORM,"ООО «""BUSINESS PASS PLATFORM"" MCHJ»",generic,https://businesspass.com/api/v1/payme/notify
69fb163f1b9afc3f6da09fba,CITYNET,"ООО «""CITYNET"" MCHJ»",city-net,https://10.0.202.229:446/KKM_PG_GATE/
69fb232a1a50d9e4212d77f9,SPHARMA,"ООО «""SPHARMA"" MCHJ»",generic,https://staging-spharma.uz/api/payme/merchant
69fb3274830ffaf900bdafd0,SERGO’SHT KO’K SAROY - DELEVER,"ООО «""SERGOSHT 1"" MCHJ»",generic,https://payment.api.delever.uz/payme
69fb32cd830ffaf900bdafd1,SERGO’SHT XALQ BANKI - DELEVER,"ООО «""SERGOSHT 1"" MCHJ»",generic,https://payment.api.delever.uz/payme
69fb33498532780681487d09,SERGO’SHT KARVON - DELEVER,"ООО «""SERGOSHT 1"" MCHJ»",generic,https://payment.api.delever.uz/payme
69fb33c91a50d9e4212d7813,SERGO’SHT 5-MIKRORAYON - DELEVER,"ООО «""SERGOSHT 1"" MCHJ»",generic,https://payment.api.delever.uz/payme
69fb34151a50d9e4212d7814,WebTech,ООО «WEBTECH»,generic,https://api.manajoy.uz/api/payment/payme/webhook
69fb341a8532780681487d0b,SERGO’SHT KRITIY - DELEVER,"ООО «""SERGOSHT 1"" MCHJ»",generic,https://payment.api.delever.uz/payme
69fb38398532780681487d0d,YATT SHARAPOV KAMRONBEK ULUGBEK O’G’LI,ЧП «SHARAPOV KAMRONBEK»,generic,https://b.ivend.uz/payme/api/v1/ORfogXgc6ecnxigx0CCo/rpc
69fb3d168532780681487d11,"""N A BAZAR""","ООО «""N A BAZAR"" MCHJ»",generic,https://payment.api.delever.uz/payme
69fb3d5f8532780681487d12,MATAPRINT HOUSE,"ООО «""MATAPRINT HOUSE"" MCHJ»",arca,https://api-qr.uzcard.uz
69fb3e870321c14948ebc885,PUBG,"ООО «""MIDASBUY"" MAS'ULIYATI CHEKLANGAN JAMIYAT»",generic,https://merchant.topit.store/api/payment/payme/
69fb3fe91a50d9e4212d7825,Free Fire,"ООО «""MIDASBUY"" MAS'ULIYATI CHEKLANGAN JAMIYAT»",generic,https://merchant.topit.store/api/payment/payme/
69fc25d082b4728d779f31e8,ХАММАСИ ОСОН,ЧП «RAHMONOV ABDULAZIZ»,generic,https://osson.syncoder.uz/api/transaction/payme
69fc312f1a50d9e4212d7854,BROJECT DYNAMICS,"ООО «""BROJECT DYNAMICS"" MCHJ»",generic,https://app.hrme.uz/api/public/payments/payme/merchant
69fc3155a8db13e20a3a2d1a,NURAFSHON AUTO ZONE,"ООО «""NURAFSHON AUTO ZONE"" MAS'ULIYATI CHEKLANGAN JAMIYAT»",generic,https://crm.carsale.uz/abozor/payme
69fc3ace1a50d9e4212d7858,IMAN ACADEMY,"ООО «""IMAN ACADEMY"" MAS'ULIYATI CHEKLANGAN JAMIYAT»",generic,https://app.webinar-payment.uz/payme/pay?id=6
69fc3d728532780681487d59,USAROV MAKTABI,"НОУ «""USAROV MAKTABI"" NTM»",generic,https://worker-production-8aed.up.railway.app/payme
69fc60336ca26f82cb9d5bef,PORTENKO BOGDAN BORISOVICH,ЧП «PORTENKO BOGDAN»,generic,https://abersell.uz/api/v1/payme
69fc6dff3cce72a1bef71d12,Регистрация поставщика Samarqand tillar maktabi,"ННО «""SAMARQAND TILLAR MAKTABI"" NTM»",generic,https://cdn-esse.stmonlayn.uz/api/payments/payme
69fc706e3cce72a1bef71d14,SEREBRYAKOV YURIY VLADIMIROVICH,ЧП «SEREBRYAKOV YURIY»,generic,https://b.ivend.uz/payme/api/v1/8OgDNkhx7vuqtc7LWcvJ/rpc
69fc70f13cce72a1bef71d16,MAX AI,ЧП «MAMADJANOVA ANNA»,generic,https://worker-production-0857.up.railway.app/payme
69fc829800fb4ccf776c340a,Flowers Garden Pаrk,"ООО «""UMAR SMART"" MCHJ»",park,87.192.240.173
69fc8bdf8563616f9b296a8f,UBAY GLOBAL,"ООО «""UBAY GLOBAL"" MCHJ»",generic,https://p.megatools.uz/payme/confirm-payment
69fc9d508563616f9b296a9f,Kitob AI,ООО «MOHIRDEV MCHJ»,generic,https://api.kitob.ai/v1/payments/payme
69fda0dc6db6eb2d61f574f0,MYFX,"ООО «""MYFX"" MAS'ULIYATI CHEKLANGAN JAMIYAT»",generic,https://api.exode.biz/api/v2/payment/rpc/acquiring/d0caee80-2574-4c24-b953-a47245b7ab22
69fda16f8563616f9b296b0f,BAYRAM,"ООО «""EAST WAY CONCEPT"" MCHJ»",generic,https://tma-asia.uz/api/payments/payme
69fda19f6db6eb2d61f574f1,O‘RAZMETOVA ADOLAT,ЧП «O‘RAZMETOVA ADOLAT»,generic,https://api.exode.biz/api/v2/payment/rpc/acquiring/6d5b11a1-b43c-4119-97db-cd67735f67f2
69fda2695db8ea28f871e745,EXODE,ЧП «TOSHPO‘LATOV MOHIRJON»,generic,https://api.exode.biz/api/v2/payment/rpc/acquiring/10b5f7dd-c8bd-4bfe-be36-db3f2c33f104
69fdaa616db6eb2d61f5750c,Elyor Savdo,"ООО «""ELYORBEK SAVDO"" MAS'ULIYATI CHEKLANGAN JAMIYAT»",arca,https://api-qr.uzcard.uz
69fdb9915db8ea28f871e781,ABMAX,"ООО «""ABMAX"" MAS'ULIYATI CHEKLANGAN JAMIYAT»",arca,https://api-qr.uzcard.uz
69fdb9adec6c813654bea815,ABMAX,"ООО «""ABMAX"" MAS'ULIYATI CHEKLANGAN JAMIYAT»",arca,https://api-qr.uzcard.uz
69fdb9d08563616f9b296b4d,ABMAX,"ООО «""ABMAX"" MAS'ULIYATI CHEKLANGAN JAMIYAT»",arca,https://api-qr.uzcard.uz
69fdbe415db8ea28f871e789,OIL STREET,"ООО «""OIL STREET"" MAS'ULIYATI CHEKLANGAN JAMIYAT»",arca,https://api-qr.uzcard.uz
69fdbeefec6c813654bea825,OIL STREET,"ООО «""OIL STREET"" MAS'ULIYATI CHEKLANGAN JAMIYAT»",arca,https://api-qr.uzcard.uz
69fdc7478563616f9b296b68,Norma PRM,"НОУ «""NORMA PROFESSIONAL RIVOJLANISH MARKAZI"" NTM»",generic,https://islamicfinance.academy/scripts/pay/payme
69fdc9b0ec6c813654bea852,AKALA,"ООО «""AKALA"" MAS'ULIYATI CHEKLANGAN JAMIYAT»",arca,https://api-qr.uzcard.uz
69fdc9de6db6eb2d61f57573,AKALA,"ООО «""AKALA"" MAS'ULIYATI CHEKLANGAN JAMIYAT»",arca,https://api-qr.uzcard.uz
69fdcf0bec6c813654bea870,МУХАМАДАЛИ,ЧП «MADAMINOV MUHAMMADALI»,generic,https://api.planr.uz/api/v1/payments/payme/callback
69fdd5a76db6eb2d61f57590,Munisa restaurant,"ООО «""SADOQAT-NURI"" MCHJ»",generic,https://mun.zoomda.uz/backend/payme/
69fde18eec6c813654bea886,Sifatly,ЧП «JALILOV IBROHIMJON»,generic,https://api.sifatly.com/api/payme
69fde7f7ec6c813654bea889,Munisa restaurant,"ООО «""MMM MUNISA TAOM"" MCHJ»",generic,https://mun.zoomda.uz/backend/payme/
69fde85d5db8ea28f871e7ed,MMM DILBAR,"ООО «""MMM DILBAR"" MCHJ»",generic,https://mun.zoomda.uz/backend/payme/
69fdea288563616f9b296ba7,ABCO EXODE,НОУ «ABCO INERNATIONAL ACCOUNTING AND FINANCE ACADEMY»,generic,https://api.exode.biz/api/v2/payment/rpc/acquiring/92ea2673-a089-43e9-b52a-d514d7f465c7
69fdeb8d5db8ea28f871e7f1,Abdurahmonov Anvar,ЧП «ABDURAHMONOV ANVAR»,generic,https://b.ivend.uz/payme/api/v1/i1jlLvFFl6d0ocr43eY5/rpc
69fe02555db8ea28f871e7fa,MagicSafari.uz,"ООО «""CARSTONE AMUSEMENT"" MCHJ»",generic,https://magicsafari.uz/payme/callback
69fe4ca25db8ea28f871e80c,SMM xakerzo,ЧП «YULDASHEVA DILNOZA»,generic,https://smmxakerzo-production.up.railway.app/payme/api
69feeba38563616f9b296be3,Avtolider TG,"ООО «""AVTOLIDER AUTOSCHOOL"" MAS'ULIYATI CHEKLANGAN JAMIYAT»",generic,https://api.avtolider.uz/api/v1/payments/payme/webhook
69ff1417ec6c813654bea8e0,BOBS MCHJ,"ООО «""BOBS"" MAS'ULIYATI CHEKLANGAN JAMIYAT»",generic,https://bobspremiummarket.uz/api/payment/payme
6a00ada28563616f9b296c93,Edufuse,"ООО «""OCEAN AI TECH SERVICES"" MAS'ULIYATI CHEKLANGAN JAMIYAT»",generic,https://edufuse.org/api/payme
6a011c38ec6c813654bea96f,KINONI IZLA,ЧП «YULDASHEVA DILNOZA»,generic,https://kinoizlabot-production.up.railway.app/payme/api
6a019f9e8563616f9b296cdc,wepos,"ООО «""WE IT GROUP"" MAS'ULIYATI CHEKLANGAN JAMIYAT»",generic,http://185.217.131.134:8090/api/payme/merchant
6a01dbb95db8ea28f871e934,ALEEM LABS,"ООО «""ALEEM LABS"" MCHJ»",generic,https://ielts.gg/api/payme
6a01e03cec6c813654bea9ea,Tamkin,"ООО «""STEPPE VENTURE BUILDERS"" MAS'ULIYATI CHEKLANGAN JAMIYAT»",generic,https://api.nerman.uz/api/v1/subscriptions/payme/
6a02b99de10460af51401f05,Scropus Mall Parking,"ООО «""PARQOUR"" MCHJ»",parqour,https://api.parqour.app
6a02c86f8563616f9b296d2b,DO‘SBOYEV NOMOZ MAMANAZAR O‘G‘LI,ЧП «DO‘SBOYEV NOMOZ»,generic,https://78.47.53.241/payme/
6a02ca78e10460af51401f64,"""GAZ NEFT - AVTO BENZIN"" MCHJ","ООО «""GAZ NEFT - AVTO BENZIN"" MCHJ»",parqour,https://api.parqour.app
6a02d4e48563616f9b296d37,IMOM BUXORIY XALQARO JAMOAT FONDI,ННО «IMOM BUXORIY XALQARO JAMOAT FONDI»,generic,https://imamalbukhari.uz/api/payme
6a02e0146db6eb2d61f57735,SMART CHOICE KANS,"ООО «""SMART CHOICE KANS"" MCHJ»",arca,https://api-qr.uzcard.uz
6a02f522e10460af5140201c,ViRent,"ИП ООО «""VV-LAND"" MCHJ XK»",generic,https://uz.virent.uz/api/payme/merchant
6a02f5af5db8ea28f871e99c,NOSIROV NURIDDIN OLOVIDDIN O‘G‘LI,ЧП «NOSIROV NURIDDIN»,generic,https://gfstcfvckofleuzlbogv.supabase.co/functions/v1/payme-merchant
6a030251ec6c813654beaa6b,Speto,ЧП «undefined undefined»,generic,https://spetoai.ru/payme_webhook
6a03103b5db8ea28f871e9d1,Uz Arena Scout,"ООО «""FULL LEVEL PRODUCTION"" MCHJ»",generic,https://api.uzarena-scout.uz/payme/
6a0324598563616f9b296dad,ARTATEX ООО,"ООО «""ARTATEX"" MCHJ»",generic,https://textile.okach-admin.uz/api/payme
6a032d64e27f14986d87d6a3,NRG BI Bayterak,"ООО «""NRG-BI TOSHKENT-OSTONA"" MCHJ»",generic,https://pay.bi-group.org/api/v1/jsonrpc/PayMeExternal/PayMeExternal
6a037ab05db8ea28f871ea16,MyBron,ЧП «USMONOV UMIDBEK»,generic,https://umidbeku.jprq.live/api/v1/subscriptions/webhook/payme/
6a0388db6db6eb2d61f577b0,band24,ЧП «AL-AKXALI XAMID»,generic,https://band24.uz/api/billing/payme
6a03b79c5db8ea28f871ea1b,westep,"ООО «""WE IT GROUP"" MAS'ULIYATI CHEKLANGAN JAMIYAT»",generic,http://185.217.131.134:8080/api/payme/merchant
6a0413298563616f9b296df3,LIDERLIK ZAMONI,"ООО «""LIDERLIK ZAMONI"" MAS'ULIYATI CHEKLANGAN JAMIYAT»",generic,https://described-poet-index-benz.trycloudflare.com/payme
6a043fe5ec6c813654beab31,ROBOTRONIX,"ООО «""ROBOTRONIX"" MCHJ»",generic,https://robotronix.uz/api/payment/payme
6a044c3475b1315d48796c00,SHUKUROVA SAIDA SABIRNAZAROVNA ,ЧП «SHUKUROVA SAIDA»,arca,https://api-qr.uzcard.uz
6a04557b5db8ea28f871eaab,«ВАҚФ» хайрия жамоат фонди,ООО ««ВАҚФ» хайрия жамоат фонди»,generic,https://qurbonlik.vaqf.uz/paycom
6a045be95db8ea28f871eab0,DORITEZ ООО,"ООО «""DORITEZ"" MCHJ»",generic,https://admin.doritez.uz/api/v1/payme/webhook
6a045dc65db8ea28f871eab5,Yashil Energiya,"ООО «""YASHIL ENERGIYA"" MCHJ»",generic,https://app.yashil-energiya.uz/api/v1/payment/payme-new/
6a046310ec6c813654beab5f,Sarala,ЧП «G‘ANIYEV AZIMJON»,generic,https://saralachat-next.vercel.app/api/paycom/merchant
6a046b166db6eb2d61f57856,Femmy,"ООО «""BLOOMY"" MAS'ULIYATI CHEKLANGAN JAMIYAT»",generic,https://srvr.femmy.uz/api/v1/payment/payme
6a046bff6db6eb2d61f57857, SMART FARM 2020,"ООО «""SMART FARM 2020"" MCHJ»",arca,https://api-qr.uzcard.uz
6a046dbb5db8ea28f871eac7,IELTSphere,ЧП «G‘OZIBOYEV MURODJON»,generic,https://api.ieltsphere.uz/payme
6a0471de5db8ea28f871eacd,MARINO,"ООО «""MARINNO"" MAS'ULIYATI CHEKLANGAN JAMIYAT»",generic,https://back.uzpay.yurtal.tech/api/v1/payment/payme/callback
6a0472cc5db8ea28f871ead0,LITEZ GROUP,"ООО «""LITEZ GROUP"" MCHJ»",generic,https://api.litez-express.uz/api/payme/merchant
6a0481db6db6eb2d61f57874,XIDOYATOVA MADINA DAVRONOVNA,ЧП «XIDOYATOVA MADINA»,generic,https://api.coffeebox.uz/api/payments/payme/
6a04be1a5db8ea28f871eaf0,E-Code ERP,"ООО «""PRINT LINE"" MCHJ»",generic,https://savdo.e-code.uz/api/payme/webhook
6a04cba6ec6c813654beab8c,Kalo kompas | Kaloriya kalkulyator,ЧП «SATTOROV SODIQMIRZO»,generic,https://api.kalokompas.ittech.uz/webhooks/payme
6a056709170c3119b823b00e,DEUTSCH ZENTRUM,"ООО «""DEUTSCH ZENTRUM"" MCHJ»",generic,https://back.blitz.yurtal.tech/api/v1/payments/payme/callback
6a0599ada44b179f504bb094,SAIDXONOV SAIDMUROD SAIDAMIN O‘G‘LI,ЧП «SAIDXONOV SAIDMUROD»,generic,https://api.coffeebox.uz/api/payments/payme/
6a059aa9987366aa94698db8,PROTO,"ООО «""PROTO"" MCHJ»",generic,https://api.ezparking.uz/api/webhooks/payme
6a05a0b7a44b179f504bb0ab,MR. DONIYOR,"ООО «""THE BOTIROFF"" MAS'ULIYATI CHEKLANGAN JAMIYAT»",generic,https://thecrm.uz/api/webhooks/payme
6a05a378987366aa94698dd5,TURDIYEVA KAMOLA MAMASIDIQ QIZI,ЧП «TURDIYEVA KAMOLA»,generic,https://b.ivend.uz/payme/api/v1/cbmM8O7FSC8mzmCLIB6Y/rpc
6a05b60ef9331777ae86b108,MAR MAR IVLEVA,"ООО «""MAR MAR IVLEVA"" MCHJ»",generic,https://payment.api.delever.uz/payme
6a05b64d987366aa94698dec, SMART FARM 2020,"ООО «""SMART FARM 2020"" MCHJ»",arca,https://api-qr.uzcard.uz
6a05b706987366aa94698def,MAR MAR IVLEVA,"ООО «""MAR MAR IVLEVA"" MCHJ»",generic,https://payment.api.delever.uz/payme
6a05b76fa44b179f504bb0c4,MAR MAR IVLEVA,"ООО «""MAR MAR IVLEVA"" MCHJ»",generic,https://payment.api.delever.uz/payme
6a05b962987366aa94698df1,BRAIN CITY,ЧП «ERKINOV SHOXJAHON»,generic,https://web-production-8022e.up.railway.app/payme
6a05ba0ea44b179f504bb0cc,LACREMA,"ООО «""LACREMA"" MCHJ»",generic,https://payment.api.delever.uz/payme
6a05baeca44b179f504bb0cf,LACREMA,"ООО «""LACREMA"" MCHJ»",generic,https://payment.api.delever.uz/payme
6a05bb57f9331777ae86b111,LACREMA,"ООО «""LACREMA"" MCHJ»",generic,https://payment.api.delever.uz/payme
6a05c8dfd24a1b9df8a46813,GREEN POWER CHARGER,"ООО «""GREEN POWER CHARGER"" MCHJ»",generic,https://api.green-power.uz/payme
6a05c8e086b8eb0eb678810d,SARBON UNIVERSITETI,"ООО «""SARBON UNIVERSITETI"" MCHJ»",generic,https://payme.makeroi.tech/api/v0/payme
6a05cf98e30e6bfe86db57cf,ZAR LIVE TEXNOSTARS,"ООО «""ZAR LIVE TEXNOSTARS"" MCHJ»",generic,https://go.texnocrm.uz/billing/paycom/merchant/
6a05cfdd1458053f09dd3ace,EMBASSY FOOD,"ООО «""EMBASSY FOOD"" MCHJ»",generic,https://eb.safiabakery.uz/payment/paycom?id=29
6a05ed32129576283f37582c,Derio Technologies,"ООО «""DERIO TECHNOLOGIES"" MCHJ»",generic,https://taklifla.uz/api/v1/payments/payme
6a06b1b4265437cea4f3fb0b,BARAKA EDU,"НОУ «""BARAKA EDU"" NTM»",generic,https://api.exode.biz/api/v2/payment/rpc/acquiring/59b2eb3c-9973-4bbb-90b5-5fb6d6c4a075
6a06b4a21458053f09dd3afe,WKF,ООО «O'zbekiston Milliy Karate Federatsiyasi»,generic,https://api.myliga.uz/api/v1/payment/
6a06c0812564aee96c663966,LITTLE CHESS,"ООО «""LITTLE CHESS"" MCHJ»",generic,https://mvpacademy.cloud/api/payme
6a06cd338347867d10510cc2,Yoshlar bog'i,"ООО «ЧП ""O`ZGA OLAM""»",generic,https://s1.mypark.uz/payme/callback/1
6a06eb929cb886072efb8b33,MIR TELECOM телевидение,"ООО «""MIR NB"" MAS'ULIYATI CHEKLANGAN JAMIYAT»",generic,https://bill.mirnb.uz:9443/paysys/payme/index.php
6a06f27e36db2514cbe74d8e,YOL HARAKATI QOIDALARI,"ООО «""YOL HARAKATI QOIDALARI"" MCHJ»",generic,https://yolharakatiqoidalari.uz/api/payme/merchant
6a070a3a2fc648cc20bffda7,TOJIBOYEVA MUNISABEGIM IKROMJON QIZI,ЧП «TOJIBOYEVA MUNISABEGIM»,generic,https://coffee.loyalsuns.com:56387/api/app/v1/payme/pay/query
6a070ce7f424d415a5bc17f7,Lumira Edu,ЧП «KOSTYUCHENKO ANASTASIYA»,generic,https://bot-production-2980.up.railway.app/payme
6a070f582fc648cc20bffdac,""" KOFFEBOX FERGANA""","ООО «""KOFFEBOX FERGANA"" MCHJ»",generic,https://api.coffeebox.uz/api/payments/payme/
6a0716a99cb886072efb8b6d,A BAZAR CAR WASH,"ООО «""A BAZAR CAR WASH"" MChJ»",generic,https://api.abozor.gr/api/v1/carwash/payments/payme/callback
6a0739519cb886072efb8b85,Progress,"ООО «""PROGRESS UNIVERSITY"" MCHJ»",generic,https://95-179-158-167.sslip.io/payme
6a08348d2fc648cc20bffde4,NotAnotherCase,ЧП «OLIMJONOV JAXONGIR BAXTIYOR O‘G‘LI»,generic,https://notanothercase.com/?wc-api=wc_payme
6a0aa667f424d415a5bc18da,MILLIY TIKLANISH,"ООО «""MILLIY TIKLANISH GAZETASI TAHRIRIYATI"" MChJ»",generic,https://mtgazeta.uz/api/payme/merchant
6a0aac439cb886072efb8c22,ZAHRATUN fast food,"ООО «""KRITIE FOOD"" MCHJ»",generic,https://payment.api.delever.uz/payme
6a0ab3acf424d415a5bc18f8,Eskrou.uz,ЧП «O‘KTAMOV MUHAMMADRAJAB»,generic,https://api.eskrou.uz/api/v1/webhook/payme
6a0acf101388e28962d7ec39,"""NAVOIY SOLIQ SERVIS ETM"" MCHJ","ООО «""NAVOIY SOLIQ SERVIS ETM"" MCHJ»",generic,https://crm.navkassa.uz/api/payme
6a0b108d269df6082e44c8aa,"""LORETTO BRANDSHOP"" MCHJ","ООО «""LORETTO BRANDSHOP"" MCHJ»",arca,https://api-qr.uzcard.uz
6a0b110e89956409d207f4c6,AIR WAFFLE,"ООО «ЧП ""AIR WAFFLE""»",generic,https://eatly.uz/api/v1/payme/merchant/21
6a0b3f992aaf5e3db0dc62b7,UybozorTV,"ООО «""UY BOZOR TV"" MCHJ»",generic,https://api.uybozortv.uz/payment/payme
6a0b5ca7269df6082e44c8c1,Safarly,"ООО «""VERO TECH"" MCHJ»",generic,https://safarly.uz/api/payme
6a0b640d33d1654b963085ed,YorYorBot,"ООО «""VERO TECH"" MCHJ»",generic,https://yoryorbot.uz/api/payments/payme/webhook
6a0bfb8789956409d207f4e5,ASHUROVA GULBAXOR RADJABOVNA,ЧП «ASHUROVA GULBAXOR»,generic,https://api.coffeebox.uz/api/payments/payme/
6a0c1f7d4790a78ea334ea76,CalFit,"ООО «""ELEVEN THREE"" MCHJ»",generic,https://lusuumzjaoetyvtramzh.supabase.co/functions/v1/payme-webhook
6a0c26594790a78ea334ea7a,Growen,"ООО «""AGROMIND AL"" MAS'ULIYATI CHEKLANGAN JAMIYAT»",generic,https://api.growen.uz/api/payme/pay
6a0c2b252aaf5e3db0dc7407,Haad TC,"ООО «""HAAD IT CENTER"" MCHJ»",generic,https://payment.operatora.xyz/api/payment/payme/callback
6a0c45562aaf5e3db0dc799e,AMEGA ITS,"ООО «""AMEGA ITS"" MCHJ»",generic,https://stgapi.avtozor.uz/transaction/payme/merchant
6a0c4a3c33d1654b96308650,KLINIK-LAB.UZ,ЧП «ABDURAYIMOV FURQATJON»,generic,https://mrvtbwdwbinxuffkmnvu.supabase.co/functions/v1/payme-webhook
6a0c56d32aaf5e3db0dc7d85,QUASAR79,"ООО «""QUASAR79"" MCHJ»",generic,https://api.savdo.app/webhooks/payme
6a0c75912aaf5e3db0dc817e,IdeaLab,АО «Tadbirkorlikni rivojlantirish kompaniyasi AJ»,generic,https://idealab.trk.uz/api/v1/payments/payme/webhook
6a0c7c37269df6082e44c93b,RIEKER,"ООО «""EURO-SHOES GROUP"" MCHJ»",generic,https://rieker-shop.uz/?wc-api=wc_payme
6a0d51ba2aaf5e3db0dc8c28,topstudent.uz,ЧП «Qandimov Sulaymon»,generic,https://invito.uz/api/payments/webhook/payme
6a0d520364d953a09bfc4a2c,BI GROUP SADO,"ООО «""AMIR ESTATES"" MCHJ XK»",generic,https://pay.bi-group.org/api/v1/jsonrpc/PayMeExternal/PayMeExternal
6a0d5db864d953a09bfc4b69, LiveMedLink,"ООО «""LIVEMEDLINK"" MCHJ»",generic,https://payment-gw.umrahsales.uz/api/payme
6a0d625a89956409d207f583,ERGASH MEAT HOUSE,"ООО «""TOSHKENT FAYZ SAVDO"" MAS'ULIYATI CHEKLANGAN JAMIYAT»",generic,https://payment.api.delever.uz/payme
6a0d73b34790a78ea334eb21,Alif Taxi,ЧП «XIKMATOVA DILDORA»,generic,https://aliftaxi.uz/admin/pay-ment/payme-end-point
6a0d83e789956409d207f59b,KIN,ЧП «HAMDAMOV ASLIDDIN»,generic,https://kintech.uz/?wc-api=wc_payme
6a0d8778269df6082e44c994,Fast Go TAXI,ЧП «OCHILOV ZOKIR»,generic,https://fastgo.lidertaxi.uz/admin/pay-ment/payme-end-point
6a0d8786269df6082e44c996,Coffee Center,ЧП «MIRZAYEV TEMURBEK»,generic,https://vending-payment-gateway.ittech.uz/payment/payme
6a0d8dda89956409d207f5a1,IXLOS NURI,"ООО «""IXLOS NURI"" JAMOAT FONDI»",generic,https://ixlos-nuri.uz/api/v1/payment/callbacks/payme-inson
6a0da51b269df6082e44c9ba,BESTLAB,"ООО «""BESTLAB"" MCHJ»",generic,https://banisa.uz/api/payme/callback/19354dbf-e979-48bc-870d-d1aa9000da8a
6a0da6612aaf5e3db0dc99e7,KELAJAK UMID UCHQUNI,"НОУ «""KELAJAK UMID UCHQUNI"" NTM»",generic,https://shukrona.academy/api/v1/webhooks/payme
6a0da94589956409d207f5bd,G‘AYRATOV MURODJON SHUKURJON O‘G‘LI,ЧП «G‘AYRATOV MURODJON»,generic,https://payme.makeroi.tech/api/v0/payme
6a0db14e2aaf5e3db0dc9bb1,ENGLIFY,"ООО «""ENGLIFY"" MAS'ULIYATI CHEKLANGAN JAMIYAT»",generic,https://api-4x8j6pk.rustos.uz/external/v1/payment/payme-merchant/handle?api-token=payme-Dz8z_YSISu8wyBKjmx-81btk3PqwCOnIDJsfIfX7vy_ZbvMCrSwYNjeQD
6a0db7d989956409d207f5c6,JO‘RABOYEV ISFANDIYOR ODIL O‘G‘LI,ЧП «JO‘RABOYEV ISFANDIYOR»,generic,https://api.promptx.uz/api/v1/payme/merchant
6a0dc20189956409d207f5c8,FC Alpha Kids,"ООО «""FC AKHUN KIDS"" MCHJ»",generic,https://api.alpha.cognilabs.org/payme/payment
6a0dfbb189956409d207f5d4,IELTS Acer,ЧП «RASHIDOV MIRZOYOQUB»,generic,https://ielts-acer.com/api/payments/payme
6a0e8ed0269df6082e44c9e4,WISDOM,"ЧП «""WISDOM SMART""»",generic,https://new-api.wisdomedu.uz/api/v1/payment/payme
6a0ea4bf33d1654b96308729,UTEL,"ООО «""AIZAR AI GROUP"" MCHJ»",generic,https://control.utel.uz/api/v1/payment/payme
6a0eb3bd33d1654b96308734,UGAM RIVER,"ООО «""UGAM RIVER"" MAS'ULIYATI CHEKLANGAN JAMIYAT»",generic,https://ugamriverbsk.uz/api/payments/payme/merchant
6a0ed98789956409d207f636,AKADEMTECH ООО,"ООО «""AKADEMTECH"" MCHJ»",generic,https://aslmatn.uz/api/webhooks/payme/callback
6a0edd524790a78ea334ebc3,NOVATIO PHARMA GROUP,"ООО «""NOVATIO PHARMA GROUP"" MCHJ»",generic,https://sakinat.novatio.uz/handle/payme
6a0ee37f269df6082e44ca31,MOGO&GO,"ООО «""MOGOANDGO"" MAS'ULIYATI CHEKLANGAN JAMIYAT»",generic,https://payment.api.delever.uz/payme
6a0ef7f7269df6082e44ca45,"""SAMARKAND ELITE-TAXI GROUP""","ООО «""SAMARKAND ELITE-TAXI GROUP"" MCHJ»",generic,https://futhafeekoo.beget.app/gruzgo/fleet/paycom/
6a0ef90289956409d207f647,TAKUMI,"ООО «""WORTHY"" MCHJ»",generic,https://payment.api.delever.uz/payme
6a0efdcd2aaf5e3db0dcbbc2,Yest,"ООО «""WORLD AVIA TRAVEL 2022"" MCHJ»",generic,https://loy.yest.uz/payme
6a0f03d62aaf5e3db0dcbcb8,SmartOmbor,"ООО «""DERIO TECHNOLOGIES"" MCHJ»",generic,https://api.smartombor.app/payme
6a0f0b3733d1654b96308782,Xan Kokand,"ООО «""ABDULAZIZXON USMANOV"" MAS'ULIYATI CHEKLANGAN JAMIYAT»",generic,https://delivery.xankokand.uz/api/payme
6a0f1855269df6082e44ca57,FaceControl,"ООО «""DATA BIZNES CONTROL"" MCHJ»",generic,https://facecontrol.dbc24.uz/api/payment/payme
6a0fe66933d1654b963087dc,AKALA,"ООО «""AKALA"" MAS'ULIYATI CHEKLANGAN JAMIYAT»",generic,https://wasabi.kostya.co/api/payments/payme/callback
6a0fed7089956409d207f6bd,Молочная радость,"ООО «""M-R EXCLUSIVE FOODS"" MCHJ»",generic,https://24myserver.ru/payme/billing
6a0ff1a589956409d207f6c4,RAVNAQ TALIM AKADEMIYA,"ООО «""RAVNAQ TALIM AKADEMIYA"" MCHJ»",generic,https://mctcstvjdpcnzypfjhka.supabase.co/functions/v1/payme-webhook
6a0ff55d269df6082e44cacd,Mobile Legends (MLBB),"ООО «""MIDASBUY"" MAS'ULIYATI CHEKLANGAN JAMIYAT»",generic,https://merchant.topit.store/api/payment/payme/
6a0ff56e89956409d207f6c9,KRITIE FOOD,"ООО «""KRITIE FOOD"" MCHJ»",generic,https://payment.api.delever.uz/payme
6a0ffc96269df6082e44cad4,ANORX,ЧП «NOMONOV IKROMJON»,generic,https://api.anorx.uz/api/v1/payments/payme/webhook
6a10206a59ddcbe7f4b62e52,Doctor Feruz,"ООО «""BANAZIR-ONLINE TA‘LIM"" MCHJ»",generic,https://formula-payment-gateway.knative-fn.u-code.io/api/v1/payme
6a1039a7fe589eb26ceb59e7,EasyStay,ЧП «TURSUNOV MUZAFFAR»,generic,https://easystay.uz/api/payme/merchant
6a1044c0466f4811cbc22157,BELLISSIMO PIZZA,ООО «BELLISSIMO PIZZA INTERNATIONAL»,generic,https://pay.bpnet.uz/api/payment/payme
6a1045ddc6a9083e5f00bd3c,BELLISSIMO PIZZA,ООО «BELLISSIMO PIZZA INTERNATIONAL»,generic,https://pay.bpnet.uz/api/payment/payme%22
6a104e13fe589eb26ceb5a01,TIYN ZAYTUN,"ООО «""TIYN ZAYTUN"" MCHJ»",generic,https://api.navbat-ol.uz/api/v1/paylinker/webhooks/payme/
6a115cedc6a9083e5f00bd86,My Pet,ЧП «XALILOV MIRODIL»,generic,https://fijufpzlyqrswgjcluce.supabase.co/functions/v1/payme-callback
6a13e102c6a9083e5f00be35,Alter,"ООО «ООО ""WEB THEMES DEVELOPMENT""»",generic,https://api.alter.uz/api/payments/paycom/webhook
6a13f23565bef5dc2befc9d5,AUTOMATIC TECHNOLOGY SOLUTIONS,"ООО «""AUTOMATIC TECHNOLOGY SOLUTIONS"" MCHJ»",generic,https://api.uybos.uz/payme/webhook
6a13f47c65bef5dc2befc9d8,YTT XOLMOMINOV A.A.,ЧП «XOLMO‘MINOV AZIM»,generic,https://69e61744df010.myxvest1.ru/webhook/payme.php
6a1421e3fe589eb26ceb5b0e,AshKids,ЧП «LEGAY ALINA»,generic,https://ashkids.uz/payme
6a144860466f4811cbc222a0,EXPERT TAXI,"ООО «""YAYPAN GO TAXI"" MCHJ»",generic,https://expert-payme.linetaxi77.uz/webhook.php
6a144a1e466f4811cbc222a1,ЯТТ КИРГИЗОВА,ЧП «Киргизова Мамнунахон»,generic,https://176.101.56.233.nip.io/payments/webhook/payme
6a144d7c65bef5dc2befca1e,ATWELL VITAMIN SHOP,"ООО «""BUUM"" MCHJ»",generic,https://buum.uz/paycom
6a14501165bef5dc2befca21,Logistik.uz,"ООО «""LOGISTIK TEAM"" MCHJ»",generic,https://api.logistik.uz/api/payments/payme
6a14552d65bef5dc2befca27,RIXSIBOYEV DOSTON ARTIKOVICH,ЧП «RIXSIBOYEV DOSTON»,generic,https://constructions.zapusk.uz/api/v1/payments/payme/
6a14a8cb65bef5dc2befca3e,BilliardPass,ЧП «BERDIBEKOV NUR»,generic,https://billiard-bot-392875278039.asia-northeast1.run.app/api/payme/callback
6a155794b8a3e84d6caa85c5, LUX MARKET 7777,"ООО «""LUX MARKET 7777"" MCHJ»",arca,https://api-qr.uzcard.uz
6a1567f3c6a9083e5f00befb,Hardees (GLOBAL BURGER),"ООО «""GLOBAL BURGER"" MCHJ»",generic,https://payment.api.delever.uz/payme
6a156a3c466f4811cbc22317,SAODATLI XONIMLAR KLUBI,"ООО «""SAODATLI XONIMLAR KLUBI"" MCHJ»",generic,https://api.subscription-bot.uz/api/payme/transaction
6a1582c065bef5dc2befca9c,MEDIHUB,"ООО «""MEDIHUB"" MAS'ULIYATI CHEKLANGAN JAMIYAT»",generic,https://worldmed.uz/webhooks/payme
6a15872a466f4811cbc22346,INNASOFT,"ООО «""INNASOFT"" MCHJ»",generic,https://diydorapp.uz/api/payments/payme
6a158db09447d91a2ab3e47b,ONA ,ННО «ОNА»,generic,https://onasystem.uz/api/v1/payment/payme/process
6a169a38b8a3e84d6caa9b13,HUTTA,ЧП «undefined undefined»,generic,https://hutta.uz/payment/update/
6a16dc17c6a9083e5f00bf7f,cravable.studio,ЧП «POLUKAROV ANDREY»,generic,https://yufdnnkmgbqcemxhchpb.supabase.co/functions/v1/payme-webhook
6a176eb9c6a9083e5f00bf92,Test brand,ЧП «ERKINOV MIRZAAHMAD»,generic,https://europe-central2-haydovchipro-dev.cloudfunctions.net/paymeMerchantApi
6a17a994c6a9083e5f00bf94,halos,"ООО «""VIJDON"" MAS'ULIYATI CHEKLANGAN JAMIYAT»",generic,https://halos.uz/webhook/payme
6a1980cd466f4811cbc22413,leadbase,"ООО «ООО ""WEB THEMES DEVELOPMENT""»",generic,https://app.leadbase.uz/api/payments/paycom/webhook
6a1ab016b8a3e84d6caaccd0,Gonzo Gaming,"ООО «""BUFET17"" MAS'ULIYATI CHEKLANGAN JAMIYAT»",generic,https://gonzogaming.uz/api/payments/payme
6a1d1a20b8a3e84d6caaef23,EDU LICENSE,"ООО «""EDU LICENSE"" MCHJ»",generic,https://satexam.uz/api/payments/payme
6a1d21d5466f4811cbc224c2,Milliy tibbiyot markazi,"У «""MILLIY TIBBIYOT MARKAZI"" DM»",generic,https://mtm-api.medcontrol.uz/payment/payment/payme-endpoint
6a1d315a466f4811cbc224e4,Shohmot,"ООО «""KUNZAK APPS"" MCHJ»",generic,https://api.shohmot.uz/api/payme
6a1d565a7fd7154d36099f9a,EZOZ.UZ | Онлайн магазин,ООО «HASAN HUSEN BROTHERS»,generic,https://ezoz.uz/payme
6a1d603ae2c3146a691da512,Vend Master,"ООО «""UNLIMITED SOLUTIONS"" MCHJ»",generic,https://b.ivend.uz/payme/api/v1/3FNcoPYVzt0mUuuzxi0P/rpc
6a1d61bd797960dfd775dff0,EVOS,ООО «MCHJ MAK FOOD SERVIS»,generic,https://qr.evos.uz/api/payme/callback
6a1d622ae2c3146a691da515,EVOS,ООО «MCHJ MAK FOOD SERVIS»,generic,https://qr.evos.uz/api/payme/callback
6a1d62807fd7154d36099fa9,EVOS,ООО «MCHJ MAK FOOD SERVIS»,generic,https://qr.evos.uz/api/payme/callback
6a1d6324f0a608d9a6acaf2b,EVOS,ООО «MCHJ MAK FOOD SERVIS»,generic,https://qr.evos.uz/api/payme/callback
6a1d6349e2c3146a691da518,U-ZIT GROUP MCHJ,"ООО «""U-ZIT GROUP"" MCHJ»",generic,https://osonqarz.uz/api/payme
6a1d64bb904cbc6ca8a2d11f,EVOS,ООО «MCHJ MAK FOOD SERVIS»,generic,https://qr.evos.uz/api/payme/callback
6a1d659e797960dfd775e0c0,EVOS,ООО «MCHJ MAK FOOD SERVIS»,generic,https://qr.evos.uz/api/payme/callback
6a1d6866f0a608d9a6acaf38,EVOS,ООО «MCHJ MAK FOOD SERVIS»,generic,https://qr.evos.uz/api/payme/callback
6a1d6a83904cbc6ca8a2d121,DINUR PRO,"ООО «""DINUR PRO"" MCHJ»",generic,https://aibek-gateway.knative-fn.u-code.io/
6a1d6e52904cbc6ca8a2d125,DOSTAN (Mega),"ООО «""DOSTAN"" MCHJ»",generic,https://api.2pay.uz/api/payments/payme/
6a1d7aba904cbc6ca8a2d132,Bukhara Munis Hotel,"ООО «""BUKHARA MUNIS HOTEL"" MCHJ»",generic,https://default.uz/
6a1d7f037fd7154d36099fc5,TAXI YELLOW CAB,"ООО «""TAXI YELLOW CAB"" MCHJ»",generic,https://yellow-payme.linetaxi77.uz/webhook.php
6a1d86d3797960dfd775e6fc,ROXFAR LUXURY,"ООО «""ROXFAR LUXURY"" MCHJ»",generic,https://roxfar.magicstore.ai/handle/payme/754bf92b-dd4e-44b5-97f9-a05cdf6384e2
6a1da03f7fd7154d36099fe4,Vibecoding,"ООО «ООО ""INTEGER""»",generic,https://vibecoding.uz/api/webhooks/payme
6a1e5350797960dfd775f28e,YUKCENTER,ЧП «ABDIYEV SHAVKAT»,generic,https://api.yukcenter.uz/webhooks/payme
6a1e80c67fd7154d3609a01a,NotAnotherCase,ЧП «OLIMJONOVA MUXLISA UMAROVNA»,generic,https://notanothercase.com/?wc-api=wc_payme
6a1e83ea797960dfd775fccc,NOZIMBEK 88888,"ООО «""NOZIMBEK 88888"" MCHJ»",generic,https://b.ivend.uz/payme/api/v1/Q57NNB4E2ntV1hRea4wP/rpc
6a1e8424797960dfd775fce1,OFFEX,ЧП «MINEBAYEV DANIIL»,generic,https://offex.financer.report/api/v1/payments/paycom
6a1e992c904cbc6ca8a2d19a,XALQARO NORDIK UNIVERSITETI,"ООО «""XALQARO NORDIK UNIVERSITETI"" MCHJ»",generic,https://cabinet-api.nordicuniversity.org/api/v1/webhooks/payme
6a1eab54797960dfd776042f,SHAWARMA FAROUJ,"ООО «""LAFAYETTE GROUP"" MAS`ULIYATI CHEKLANGAN JAMIYAT»",generic,https://payment.api.delever.uz/payme
6a1eb58ce2c3146a691da5aa,MUXAMMADJONOV DAVRONJON DAVLAT O‘G‘LI,ЧП «MUXAMMADJONOV DAVRONJON»,generic,https://api-eco.web-sayt.com/api/v1/payments/webhook/payme
6a1ed445e2c3146a691da5cb,snack,"ООО «""UNLIMITED SOLUTIONS"" MCHJ»",generic,https://b.ivend.uz/payme/api/v1/usFaFSJT8j7eyQfSiGZ9/rpc
6a1efb34f0a608d9a6acb00d,BESTWASH,"ООО «""AVTOMOYKA BESTWASH"" MCHJ»",generic,https://api.bestwash.yumasoft.uz/callbacks/payments/payme
6a1fbc03904cbc6ca8a2d215,BREVAN,"ООО «""BREVAN"" MCHJ»",generic,https://api.brevan.uz/payme/webhook
6a1fbda2904cbc6ca8a2d219,SAVRI SAFAR SALOHIDDIN,"СП «""SAVRI SAFAR SALOHIDDIN"" OILAVIY KORXONA»",generic,https://stpoint-production.up.railway.app/api/payments/payme/callback/
6a1fec24797960dfd7762181,MOHIRDEV,ООО «MOHIRDEV MCHJ»,generic,https://api-production-ea93.up.railway.app/api/payme
6a1ff489797960dfd77622f4,MilliyPrep,ЧП «ASHUROV DOSTON»,generic,https://identifies-calm-yourself-onion.trycloudflare.com/api/webhooks/payme/
6a2002b6904cbc6ca8a2d25f,WOK/STREET77,"ООО «""MEGACAPITAL"" MCHJ»",generic,https://wok.zoomda.uz/backend/payme/
6a2002dcf0a608d9a6acb055,WOK/STREET77,"ООО «""MEGACAPITAL"" MCHJ»",generic,https://wok.zoomda.uz/backend/payme/
6a20189fe2c3146a691da663,ZAHRATUN FOOD 1,"ООО «""ZAHRATUN FOOD 1"" MCHJ»",generic,https://payment.api.delever.uz/payme
6a20191ae2c3146a691da664,Mehrli qo'llar,ННО «IMKON.CHEK.YOSH.VA.BOLA.MARKAZ»,generic,https://api.mehrli.uz/v1/paycom
6a201c55f0a608d9a6acb074,MOCK LAB,ЧП «MAXKAMXO‘JAYEV ASILBEK»,generic,https://ieltslab-e049d.web.app/api/payme
6a202812904cbc6ca8a2d282,MARGA MANAGER,ЧП «RASULOV AZIMJON»,generic,https://marga.fullfocus.dev/api/payments/payme/
6a20c84ff0a608d9a6acb09f,FlyBox,"ООО «""HY ZEROMAX"" MCHJ»",generic,https://flybox.uz/api/v1/payments/payme
6a211123f0a608d9a6acb0b8,ESHON DUBBING AND LOCALIZATION,"ООО «""ESHON DUBBING AND LOCALIZATION"" MCHJ»",generic,https://dramacha.uz/webhooks/payme
6a212a9fe2c3146a691da6c4,Gano Shifo,"ООО «""GANO SHIFO"" MCHJ»",generic,https://api.gano.uz/payme
6a213bc8797960dfd7764389,"""IP AVATARIYA"" MCHJ XK","ООО «""IP AVATARIYA"" MCHJ XK»",generic,https://pay-api.avatariya.uz/api/v1/webhooks/payme
6a214728f0a608d9a6acb0e0,getstars,ЧП «RASULOV JAHONGIR»,generic,https://getstars.uz/getstars_ubot/payme.php
6a2148157fd7154d3609a182,AYDMAXX,"ООО «""AYDMAXX GROUP"" MCHJ»",generic,https://aydmaxx.uz/api/payme
6a214842f0a608d9a6acb0e2,MAXXSKILL,"ООО «""AYDMAXX GROUP"" MCHJ»",generic,https://maxxskill.uz/api/payments/payme/webhook
6a2149f7e2c3146a691da6dd,YAKUBOV TOXIR KADIROVICH,ЧП «YAKUBOV TOXIR»,generic,https://api.coffeebox.uz/api/payments/payme/
6a2156797fd7154d3609a18d,TURKIYANING IQTISODIYOT VA TEXNOLOGIYALAR,"НОУ «""TURKIYANING IQTISODIYOT VA TEXNOLOGIYALAR UNIVERSITETINING TOSHKENT SHAHRIDAGI FILIALI"" NTM»",generic,https://apply.tobbetu.uz/api/payme
6a215adb155c8e168e2ac953,SHUXRAT GRAND VERO,"ООО «""SHUXRAT GRAND VERO"" MCHJ»",arca,https://api-qr.uzcard.uz
6a2165787fd7154d3609a1b4,BOOKUP,ЧП «BOZORBOYEVA SEVINCHOY»,generic,https://bookup-api.automations.uz/payments/payme
6a2167947fd7154d3609a1ba,TashDate,ЧП «SULTANMAXMUDOV ASADBEK»,generic,https://courteous-imagination-production-c2bc.up.railway.app/api/payments/payme
6a217cb4904cbc6ca8a2d335,kotib calls,"ООО «""KOTIB ANALYTICS"" MAS'ULIYATI CHEKLANGAN JAMIYAT»",generic,https://calls.kotib.ai/api/v1/billing/webhooks/payme/
6a21b3ace2c3146a691da759,Englingo,"ООО «""APERON"" MCHJ»",generic,https://api.englingo.uz/api/payments/payme
6a225a13797960dfd77663dc,EXPERT CONSULT PRO,"ООО «""EXPERT CONSULT PRO"" MCHJ»",generic,https://api.3dkadastr.uz/api/v1/payments/webhook/payme
6a22636e797960dfd776654b,OneGo Post,"ООО «""LIANZHIYA SUPPLY CHAIN"" MAS'ULIYATI CHEKLANGAN JAMIYAT»",generic,https://vop.onegopost.com/api/payment/PaycomCallback
6a22a49a797960dfd7766f38,O'zbekiston Milliy Pedagogika Universiteti,"У «""NIZOMIY NOMIDAGI O‘ZBEKISTON MILLIY PEDAGOGIKA UNIVERSITETI"" DAVLAT MUASSASASI»",generic,https://himoya.npuu.uz/payme/merchant
6a22a7d4e2c3146a691da7bf,Aqlly AI,ЧП «ERMAMATOV DIYORBEK»,generic,https://bot.aqlly.net/api/payment/payme
6a22ae35e2c3146a691da7ce,ISKANDAROV ISLOMJON,ЧП «ISKANDAROV ISLOMJON»,generic,https://api.imtihonplus.uz/api/payments/callback/payme
6a22b65d904cbc6ca8a2d3a4,ZAXAROVA YANA VLADIMIROVNA,ЧП «ZAXAROVA YANA»,generic,https://www.artlavka.uz/api/payme/callback
6a22bdb7797960dfd7767360,"""Xamroyeva Raʼno Axmatovna""",ЧП «XAMROYEVA RA’NO»,generic,https://n8n.aiprojects.uz/webhook/payme-merchant-api
6a22be48e2c3146a691da7db,TASHLOGIC ООО,"ООО «""TASHLOGIC"" MAS'ULIYATI CHEKLANGAN JAMIYAT»",generic,https://sponsorship-charging-printed-providing.trycloudflare.com/payme
6a22d642e2c3146a691da7e9,FENIX TRADE EXPRESS,"ООО «""FENIX TRADE EXPRESS"" MCHJ»",generic,https://api.goodwall.uz/payments/payme
6a232326797960dfd7767f70,Gfpc,ЧП «undefined undefined»,generic,https://gfpc.uz/api/payme.php
6a23fa1ae2c3146a691da845,Booktopia nashriyoti,"ООО «""BOOKTOPIA"" MCHJ»",generic,https://booktopia-miniapp.vercel.app/api/payme
6a243b53904cbc6ca8a2d415,DTM-Turbo,ЧП «undefined undefined»,generic,https://vocabai.study/api/payme
6a2650afe2c3146a691da8c9,AQL PLYUS,"ООО «""AQVALON PLUS"" MCHJ»",arca,https://api-qr.uzcard.uz
6a2650f97fd7154d3609a342,AQL PLYUS,"ООО «""AQVALON PLUS"" MCHJ»",arca,https://api-qr.uzcard.uz
6a2658bb797960dfd776a8dc,SEENSMS,ЧП «TOIROV RUSTAMBEK»,generic,https://seensms.uz/api/payment/payme/handle
6a266ecc904cbc6ca8a2d565,INOMJONOV JAHONGIR MURODJOKN O'G'LI,ЧП «INOMJONOV JAHONGIR»,generic,https://kb.zoomda.uz/backend/payme/
6a2688d8797960dfd776b0ec,AIJE,"ООО «""AIJE"" MCHJ»",generic,https://payment-api-vert.vercel.app/api/payme
6a2690ccf0a608d9a6acb2d0,INVIVO,ООО «INVIVO»,generic,https://cochlear.uz/api/payme
6a269be6797960dfd776b43c,GLOWLEDGE,"ООО «""GLOWLEDGE"" MCHJ»",generic,https://api.osonify.ai/api/v1/payments/payme/callback
6a26a1ede2c3146a691da916,ООО RAHMAT BNPL,"ОО «""NAVO BNPL"" MCHJ»",generic,https://payme-nasiya-rhmt.multifinance.uz/Auto
6a26aa2df0a608d9a6acb2e3,Bushro,ЧП «KADIROV OLIMXON»,generic,https://bushro.uz/api/payme
6a26b7d2904cbc6ca8a2d597,RZB TECH,"ООО «""RZB TECH"" MCHJ»",generic,https://app.qubnix.uz/api/v1/payments/payme/callback
6a26c3757fd7154d3609a3b1,Safia,"ООО «""MADINA-QANDOLAT"" MCHJ»",generic,https://api.safia-web.safiabakery.uz/api/v1/payme/28822db5-14f7-48dd-8b5b-450a72ac1a29/pay
6a26c3d37fd7154d3609a3b2,Mobile Testers,"ООО «""MYSTAR"" MCHJ»",generic,https://tester.mystar.uz/api/webhooks/payme
6a27c48ebd6d50dc0d518b71,Ozwell,"ООО «""NUMA-FAMILY"" MCHJ»",generic,https://payment.ozwell.uz/v1/billing/payme
6a27ca557fd7154d3609a405,Zakirov OKil Abidovich,ЧП «ZAKIROV OKIL»,generic,https://b.ivend.uz/payme/api/v1/MohQHt7tHWlzSaMlCa8X/rpc
6a27debd7d65b0f67c2cb989,CHISTO LYUKS,"ООО «""XORAZM CHISTO LYUKS SAVDO"" MAS'ULIYATI CHEKLANGAN JAMIYAT»",generic,https://sirius-stoma.uz/webhooks/payme/
6a27e0f35d3bc84273ec75dd,кофе на вынос,ЧП «KIM GALINA»,generic,https://dyuk-coffeebot-production.up.railway.app/payme
6a27e1587d65b0f67c2cb9ff,AVETISYAN MADINA,"ООО «""AVETISYAN MADINA"" MCHJ»",generic,https://b.ivend.uz/payme/api/v1/gGnE55APzvOceqjPsAeF/rpc
6a27ea78ca7f03e092206e8c,MAHMOOD KABOB СЕБЗОР,"ООО «""MAHMOOD GLOBAL"" MCHJ»",generic,https://mk.zoomda.uz/backend/payme/
6a27ece86f5275daed64e72e,ACADEMIC BOOK,"ООО «""ACADEMIC BOOK"" MCHJ»",generic,https://monografiya.com/api/v1/payments/payme/callback
6a280000e0fedf6c87b92af9,FitBite,ЧП «JOVLIYEV SAID»,generic,https://crm.sjavliyev.uz/payme/webhook
6a28021d026d70bddbcbc7ad,ALFA CONNECT,"ООО «""ALFA CONNECT"" MAS'ULIYATI CHEKLANGAN JAMIYAT»",alfa-connect,https://10.0.202.229:446/KKM_PG_GATE/
6a28046787dacfd0286240c0,YATT NAYIMOVA MUXLISA VALI QIZI,ЧП «NAYIMOVA MUXLISA»,generic,http://185.8.212.114:8721/api/paycom/billing
6a2805227a9563152c1dc4e9,EMBASSY FOOD,"ООО «""EMBASSY FOOD"" MCHJ»",generic,https://eb.safiabakery.uz/payment/paycom?id=30
6a28151a6dce439daca6b4a1,Universal Legal Protection AB,"АФ «""UNIVERSAL LEGAL PROTECTION"" AB»",generic,https://api.legalprotection.uz/payments/payme/
6a2818e0a69205b24ef91dc5,VELTRO TOUR,"ООО «""VELTRO TOUR"" MCHJ»",generic,https://api.veltro.uz/payment/handle/payme
6a28f4ba878773ff244baa7e,ROLLING SUSHI,"ООО «""ROLLING WORLD"" MCHJ»",generic,https://api.joincentro.uz/api/v1/payments/payme/rollingworld
6a28fc0f878773ff244baa85,ASI PHARM,"ООО «""ASI PHARM"" MCHJ»",generic,https://asipharmbot.uz/payment/payme
6a290c46878773ff244baa9c,PULATOV XUSANXON A’LOXONOVICH,ЧП «PULATOV XUSANXON»,generic,https://api.coffeebox.uz/api/payments/payme/
6a292fdd79c9125a551af01c,PROFMED LOR,"ООО «""PROFMED LOR"" MCHJ»",arca,https://api-qr.uzcard.uz
6a29301502b27df7f49569dd,Онлайн телевидение,ЧП «XAYRIDDINOV IBODULLO»,generic,https://api.animedia-tv.uz/api/payments/payme
6a2934109fb6f913c4c43114,Acely,ЧП «ROJIBOYOVA MADINABONU»,generic,https://backend-production-00d7f.up.railway.app/payme
6a2949a1878773ff244baadc,El-taxi,"ООО «""XO‘JA TAKSI"" MCHJ»",generic,https://eltaxi-payme.linetaxi77.uz/webhook.php
6a294ae140f1c1004187a79f,Xasanova D. Y,ЧП «XASANOVA DILAFRO‘Z»,generic,https://ratsion.uz/api/payments/payme/webhook
6a2958f140f1c1004187a7b0,Dacha Goo,"ООО «""TRAVEL ASSISTANT"" MCHJ»",generic,https://adifehunvktopchwfshz.supabase.co/functions/v1/payme-webhook
6a2959d302b27df7f4956a0a,BABY PRO,"ООО «""BABY PRO"" MCHJ»",generic,https://kimkimmy.magicstore.ai/handle/payme/aa5f7bbe-c4f2-4f8b-8102-df08489a26ea
6a295db99fb6f913c4c43854,Safia,"ООО «""MADINA-QANDOLAT"" MCHJ»",generic,https://api.safia-web.safiabakery.uz/api/v1/payme/28822db5-14f7-48dd-8b5b-450a72ac1a29/pay
6a2961619fb6f913c4c438df,GENERATOR HOTEL PayConnectBE,ЧП «TASHTANOVA NILUFAR»,generic,https://cb-pay.exely.com/Payme/generic/terminals/f915f7cf-5366-4d38-8e53-5c1b56c76d34
6a296994878773ff244bab01,PetZoo №1,ЧП «GARIFOV ILYA»,generic,https://api.pet-zoo.uz/payments/payme
6a296a5840f1c1004187a7c5,GUNESH shop,ЧП «URUNOV JAMSHIDXON»,generic,https://gunesh.magicstore.ai/handle/payme/9fbb8ff0-8668-4e74-a9f0-1e2394498aab
6a296bb89fb6f913c4c43a7b,MXMEDIA,"ООО «""MXMEDIA"" MAS'ULIYATI CHEKLANGAN JAMIYAT»",generic,https://dukkan.uz/platform/payme/callback
6a296db602b27df7f4956a18,THE SECRET,"ООО «""THE SECRET"" MCHJ»",generic,https://c1931.coresuz1.ru/payme.php
6a2a43a6878773ff244bab26,IT ALLIANCE SWS,"ОО «""IT ALLIANCE SWS"" YSHB (UYUSHMA)»",generic,https://pay.4u.uz/
6a2a535e9fb6f913c4c44796,HORIZON HOTEL 1 PayConnectBE,"ООО «""HORIZON HOTEL 1"" MCHJ»",generic,https://cb-pay.exely.com/Payme/generic/terminals/0e33cd65-90ff-4dea-9aff-c39c808c0c99
6a2a5a8e9fb6f913c4c44a07,ASMALD HOTEL PayConnectBE,"ООО «""ASMALD HOTEL"" MCHJ»",generic,https://test.uz/
6a2a641d878773ff244bab40,Anisa Plus,"ООО «""KINOKAM"" MCHJ»",generic,https://api.femly.uz/api/payments/payme
6a2a64f302b27df7f4956a51,XASANOV SHOXZOD,ЧП «XASANOV SHOXZOD»,generic,https://husnly.uz/api/payments/webhook/payme
6a2a7edd02b27df7f4956a60,Sherik Top,ЧП «MAXAMMADJONOV YOQUBJON»,generic,https://sherik.top/payme
6a2a91264c9424cb3b955f26,MOROBOLSIN,ЧП «ABDUVOHOBOV ABDULLOX»,generic,https://backend.morobolsin.uz/api/payme-webhook
6a2a921491df8e2d95776076,MATEMATIKA KURSI,ЧП «URFONXONOV SARDORXON»,generic,https://urfonxonov.uz/payment/payme
6a2a9dae18fb18d6ac514cce,Waffly Production,ЧП «ASHIRMUXAMEDOV SANJARBEK»,generic,https://crm.wafflybysanny.uz/api/v1/payment/paycom?id=cd2ec389-f072-47c3-8e68-433974ffe457
6a2ab4bd2fa91726319377b0,Safia,"ООО «""JUGER REGION"" MCHJ»",generic,https://payme.safiadelivery.com/?resid=ddf5fcf7-622d-4273-99bf-b351f57e28a1
6a2ab61b2fa91726319377b1,O'ZBEGIM MILLIY TAOMLARI,"ООО «""EAST FOOD BUSINESS GROUP"" MCHJ»",generic,https://payment.api.delever.uz/payme
6a2ab63aaa22991ae6ba03bb,O'ZBEGIM MILLIY TAOMLARI,"ООО «""EAST FOOD BUSINESS GROUP"" MCHJ»",generic,https://payment.api.delever.uz/payme
6a2ab66418fb18d6ac514ce2,O'ZBEGIM MILLIY TAOMLARI,"ООО «""EAST FOOD BUSINESS GROUP"" MCHJ»",generic,https://payment.api.delever.uz/payme
6a2af73c2242aceffa311c65,sinovtest.uz,ЧП «HAQQIYEVA MALIKA»,generic,https://api.sinovtest.uz/api/payments/payme/webhook
6a2b2ad2aa22991ae6ba0a1c,ishjoy,"ООО «""ISHJOY GROUP"" MCHJ»",generic,https://api.ishjoy.uz/payments/payme
6a2baa6d18fb18d6ac514d21,RAVNAQ TALIM AKADEMIYA,"ООО «""RAVNAQ TALIM AKADEMIYA"" MCHJ»",generic,https://www.ieltslevel.uz/api/payme-webhook
6a2baebe0c148a82e3015090,KUBRO,ЧП «QAXXAROV SHUKRULLO»,generic,https://rffzxbsalafnknjxhokl.supabase.co/functions/v1/payme-payment
6a2bc4d6e4883581326b1949,TAXI 111,"ООО «""TAXI 111"" MCHJ»",generic,https://futhafeekoo.beget.app/taxi111/fleet/paycom/
6a2be4c9131c4ffc2d6f577b,KAFE KARVON,"СП «""KAFE KARVON"" OK»",generic,https://food-delivery.uz/
6a2be58a131c4ffc2d6f5780,YOYO24,ЧП «YULDASHEVA NADEJDA»,generic,https://api.yoyo24.uz/api/v1/payments/payme
6a2be611dfd8f850d83aef9f,UCHQO’RG’ONICHIMLIKSUVSERVIS,"ООО «""UCHQO’RG’ONICHIMLIKSUVSERVIS"" MCHJ»",generic,https://api.onlinecontrol.uz/api/v1/organizations/pay-paycom/
6a2bea680c4fdec03fa750c0,UzTea,ННО «O'zbekiston ingliz tili muallimlari uyushmasi»,generic,https://membership.uztea.uz/payments/payme/webhook/
6a2beea3131c4ffc2d6f578d,ZAHRATUN FOOD 1,"ООО «""ZAHRATUN FOOD 1"" MCHJ»",generic,https://payment.api.delever.uz/payme
6a2bf8f3dfd8f850d83aefc2,BELLISSIMO PIZZA,ООО «BELLISSIMO PIZZA INTERNATIONAL»,generic,https://payment.api.delever.uz/payme
6a2bf90c16f7e4aedc9d9310,Jabs projekt,"ООО «""JABS PROJECT"" MCHJ»",generic,https://yuvgo.uz/api/payment/webhook/payme
6a2bf9fa131c4ffc2d6f5797,ARAL SEA DISCOVERY,"СП «""ARAL SEA DISCOVERY"" OK»",generic,https://b.ivend.uz/payme/api/v1/zZUfg1yYQ3wbAC2poq7f/rpc
6a2bfa75131c4ffc2d6f5798,ORDA GROUP,"ООО «""ORDA GROUP"" MCHJ»",generic,https://gateway.ordex.uz/api/billing/payme-callback
6a2bfb5a131c4ffc2d6f579a,ODILJONOV MUHAMMADALI MUHAMMADJON O‘G‘LI,ЧП «ODILJONOV MUHAMMADALI»,generic,http://167.233.42.72/payme
6a2f918f75525fd442c4dcc2,ASUMO-TRADE,"ООО «""ASUMO-TRADE"" MAS`ULIYATI CHEKLANGAN JAMIYAT»",generic,https://joma.uz/api/payments/payme
6a2fa481c735dbe81952e358,bozorlik,ЧП «ADOSHBOYEV BOTIR»,generic,https://app.nomzod.ai/api/v1/payment/payme
6a2fade672a206ad5de88d08,Dots chicken — ZOOMDA,"ООО «""DOTS ELEGANT FOOD TRADE"" MCHJ»",generic,https://dots.zoomda.uz/backend/payme/
6a2fae0675525fd442c4dced,Dots chicken express — ZOOMDA,"ООО «""DOTS ELEGANT FOOD TRADE"" MCHJ»",generic,https://dots.zoomda.uz/backend/payme/
6a2fae27c09b3aaf8cb8cbb6,Dots Chicken Foodtruck — ZOOMDA,"ООО «""DOTS ELEGANT FOOD TRADE"" MCHJ»",generic,https://dots.zoomda.uz/backend/payme/
6a2fc7776b42a31a26a40829,BOBOY,"ООО «""HAPPY BOBOY FOODS"" MCHJ»",generic,https://sas.zoomda.uz/backend/payme/
6a2fe5d0c09b3aaf8cb8db43,TRK AI Assistant,АО «Tadbirkorlikni rivojlantirish kompaniyasi AJ»,generic,https://rag-api.edcom.uz/payments/payme/webhook
6a2feae6c735dbe81952e3c2,ORDAMAT PROJECT,"ООО «""ORDAMAT PROJECT"" MCHJ XK»",generic,https://payment.api.delever.uz/payme
6a2ff4c6c09b3aaf8cb8de2b,HAYDAROV ABDULATIF,ЧП «HAYDAROV ABDULATIF»,generic,https://billing.nxset.uz/payme
6a2ff51c75525fd442c4dd4a,PIRIMQULOV BOBURBEK QODIR O‘G‘LI,ЧП «PIRIMQULOV BOBURBEK»,generic,https://backend.payx.uz/api/payments/payme
6a2ff942c09b3aaf8cb8def6,Jahon Sports,"ООО «""IMANIX"" MCHJ»",generic,https://jahonsports.com/api/payme
6a30fedb9cad9542d020e6b3,YOLI ,"ООО «""YOLI"" MCHJ»",generic,https://nqghdjhtwwyzrouxpadw.supabase.co/functions/v1/payme
6a311e296b42a31a26a408fc,MIROBOD CTR CHICKEN,"ООО «""MIROBOD CTR CHICKEN"" MCHJ»",generic,https://ctr.zoomda.uz/backend/payme/
6a313a1cc735dbe81952e469,DTM 189 MCHJ,"ООО «""DTM 189"" MCHJ»",generic,https://api.dtm189.uz/api/billing/payme
6a313e44c735dbe81952e46c,SEHRIYO-PLUS,"ООО «""SEHRIYO-PLUS"" MAS'ULIYATI CHEKLANGAN JAMIYAT»",generic,https://sehriyoeducation.uz/api/payments/payme/webhook
6a3156747cecbb47cf782736,SHIRINS SWEETS BAKERY,"ООО «""SHIRINSWEETS BAKERY"" MCHJ»",generic,https://api.shirinsweets.com/payme/
6a322f44e200341aab64b406,ASADOVA NASIBA QOBIL QIZI,ЧП «ASADOVA NASIBA»,generic,https://api.exode.biz/api/v2/payment/rpc/acquiring/5ba940ba-9bfb-4eee-a5d2-9bd6427261d6
6a3236dc685cd618da0c66eb,OBIKON,"ООО «""OBIKON"" MCHJ»",generic,https://api.obikon.innosoft-systems.uz/payments/payme/pay
6a323c8b9cad9542d020f227,Aksu,ООО «MUHARRAM BIZNES»,generic,https://chustiy.zoomda.uz/backend/payme/
6a323c9b9cad9542d020f24e,Aksu,ООО «MUHARRAM BIZNES»,generic,https://aksu.zoomda.uz/backend/payme/
6a325f1e7cecbb47cf78278c,MSY,"ООО «""MSY DIGITAL"" MCHJ»",generic,https://api.msy.it.com/api/v1/payments/payme/merchant
6a32665c16e74b71bec6a916,SOXIBOYEV AXMADJON,ЧП «SOXIBOYEV AXMADJON»,generic,https://webappdastur.uz/api/payme
6a326fdb7cecbb47cf782799,CAFFELITO COFFEE,"ООО «""CAFFELITO COFFEE"" MCHJ»",generic,https://back.directpay.uz/api/v1/payment/payme/webhook
6a327122937935d191363927,CAFFELITO COFFEE,"ООО «""CAFFELITO COFFEE"" MCHJ»",generic,https://back.directpay.uz/api/v1/payment/payme/webhook
6a32715a685cd618da0c671c,CAFFELITO COFFEE,"ООО «""CAFFELITO COFFEE"" MCHJ»",generic,https://back.directpay.uz/api/v1/payment/payme/webhook
6a3271917cecbb47cf78279a,CAFFELITO COFFEE,"ООО «""CAFFELITO COFFEE"" MCHJ»",generic,https://back.directpay.uz/api/v1/payment/payme/webhook
6a3271a116e74b71bec6a91f,KOFTE GROUP,"ООО «""KOFTE GROUP"" MCHJ»",generic,https://payment.api.delever.uz/payme
6a329e8bfef609220418eefc,Deepen AI Trainer,"ООО «""DEEPEN"" MAS'ULIYATI CHEKLANGAN JAMIYAT»",generic,https://deepwell.uz/api/v1/payments/webhook/payme/kinestex/
6a32a3e8e1a0d3d02f6ad360,THE LOKMACO,"ООО «""RAMZIDDIN ATXAM BIZNES"" MCHJ»",generic,https://payment.api.delever.uz/payme
6a32a4741b286d808fd2add8,THE LOKMACO,"ООО «""RAMZIDDIN ATXAM BIZNES"" MCHJ»",generic,https://payment.api.delever.uz/payme
6a32a4f8e53f7ce37b524f7f,THE LOKMACO,"ООО «""RAMZIDDIN ATXAM BIZNES"" MCHJ»",generic,https://payment.api.delever.uz/payme
6a32a654fef609220418ef02,БИ ПЭЙ,"ООО «""B-PAY"" MCHJ»",generic,https://alexmorrowind-github-io.onrender.com/api/payme/
6a32b36499648979410663de,AVTORITET,"ООО «ООО ""PIT STOP MOTORS""»",generic,https://api.abozor.gr/api/v1/payments/service/payme/callback
6a32b36de1a0d3d02f6ad368,TEZ KOD,"ООО «""TEZ KOD"" MCHJ»",generic,https://api-production-7756.up.railway.app/v1/billing/webhooks/payme
6a3386c8996489794106705e,Moziydan sado,"ООО «""``MOZIYDAN SADO`` JURNALI TAHRIRIYATI""»",generic,https://erp-api.madaniymeros.uz/api/stats/moziydansado/payme/merchant-api/
6a338b71e1a0d3d02f6ad38c,Услуги IT,"ООО «""MOVI MEDIA"" MCHJ»",generic,https://gateway.dodaplay.uz/billingservice/payments/hook/payme/
6a339c05fef609220418ef36,НОА АРК,"ООО «""NOA ARK"" MAS'ULIYATI CHEKLANGAN JAMIYAT»",generic,https://buyer.afandi.cn/buyer/payment/callback/paymePayPlugin
6a339d41e53f7ce37b524fbc,ISABEKOV MUSABEK RUSTAM O‘G‘LI,ЧП «ISABEKOV MUSABEK»,generic,https://pay.conect.uz/webhook/payme
6a339d97e1a0d3d02f6ad3a0,THE LOKMACO,"ООО «""ISMOGIL OTAXON BUSINESS"" MCHJ»",generic,https://payment.api.delever.uz/payme
6a339dd6e1a0d3d02f6ad3a1,THE LOKMACO,"ООО «""ISMOGIL OTAXON BUSINESS"" MCHJ»",generic,https://payment.api.delever.uz/payme
6a33bccb3ff4b222ca6f071a,"""ATB RECRUITING"" MAS'ULIYATI CHEKLANGAN JAMIYAT XUSUSIY BANDLIK AGENTLIGI","ООО «""ATB RECRUITING"" MCHJ XBA»",generic,https://nxtop.uz/api/payme
6a33be223ff4b222ca6f074e,UMAROVA VIOLETTA RAVSHANOVNA,ЧП «undefined undefined»,generic,https://koreansalads.uz/api/v1/webhooks/payme
6a33c3d0a7f3234a3da55738,Burger Lab,"ООО «""PEGODYA"" MCHJ»",generic,https://6922920890cee.xvest2.ru/bott/payme.php
6a33d5bd0df501d3ba432ece,ΜΛΚΙ SUSHI,ЧП «ALIMOV SARDOR»,generic,https://payment.api.delever.uz/payme
6a33e8f061a551dd530a08c2,NOON ACADEMY,"ООО «""NOON"" MCHJ»",generic,https://api.noonacademy.uz/api/v1/integrations/payme
6a33ec91f6867dad8ca851f2,Saraf,ООО «MIRICO SYSTEMS»,generic,https://license.saraf.uz/webhook/payme
6a33ee95f6867dad8ca85261,AI MATRIX FUTURE,"ООО «""AI MATRIX FUTURE"" MCHJ»",generic,https://aimatrixfuture1.com/shox/api/payments/payme/
6a33f26b61a551dd530a08cc,SAYA HEALTH TRADE,"ООО «""SAYA HEALTH TRADE"" MCHJ»",generic,https://saya.mixin.uz/api/payme/callback
6a3435caf6867dad8ca85a7c,osonavtotest,ЧП «JUMANAZAROV SHERZOD»,generic,https://api.osonavtotest.uz/api/payme/callback
6a343e8a61a551dd530a08e1,KidiSafe,"ООО «""SAFEDATA"" MCHJ»",generic,https://kidisafe.uz/api/v1/pay/payme
6a34d45da5e9e88c3e6503ce,ТУТОРУЗБОТ,"ООО «""TUTOVCHILIK"" MCHJ»",generic,https://payment.tutoruz.com/api/v1/payments/payme/callback
6a34d815a5e9e88c3e6503d3,SUSHI-MUSHI GROUP,"ООО «""SUSHI-MUSHI GROUP"" MAS'ULIYATI CHEKLANGAN JAMIYAT»",generic,https://payment.api.delever.uz/payme
6a350fa3d0614ae833199698,Juftim,ЧП «MAXAMMADJONOV YOQUBJON»,generic,https://bot.juftim.app/payme
6a352c186c2dd3d893e39ae5,YOVQOCHEVA DINORA HUSNIDDIN QIZI,ЧП «YOVQOCHEVA DINORA»,generic,https://payment2.azbicoffee.uz/api/partner/webhook/payme/aifu
6a353561395419e77320e0dd,MEROS INTERNATIONAL INSTITUTE,"ООО «""MEROS INTERNATIONAL INSTITUTE"" MCHJ»",generic,https://merosedu.uz/en/payme/webhook
6a3538f6bc96893014bbb6ac,HORIZON LABS,"ООО «""HORIZON LABS"" MCHJ»",generic,https://api.evopos.uz/api/webhooks/payme
6a3542c06d6de05b31383278,Lunaflowers,"ООО «""LUNAGROUP A"" MCHJ»",generic,https://lunaflowers.uz/payme/merchant
6a367e7f6d6de05b313845de,Business Robots AI,"ООО «""BUSINESS ROBOTS AI"" MCHJ»",generic,https://app.businessrobotsai.org/api/v1/payme/platform-callback
6a38d32fa922d40c379a961c,ASOTIR,"ООО «""ASOTIR"" MCHJ»",generic,https://asotir.uz/api/payme/merchant
6a38d3db395419e77320e19f,ACCORD,"ООО «""HASANA PERFUME"" MCHJ»",generic,https://huvaydo.com/payment/payme
6a38d653395419e77320e1a1,A'LO KOZ PLUS,"ООО «""A`LO KOZ PLUS"" MCHJ»",generic,https://banisa.uz/api/payme/callback/1f666d27-873d-40ec-a1eb-c8a0a7347f3e
6a38d6876d6de05b31385fe3,Infinity Inter Trade,"ИП ООО «""INFINITY INTERTRADE"" MCHJ XK»",generic,https://worker-production-4686.up.railway.app/payme
6a38dab36d6de05b3138609e,Sahovat Pharmacy,"ООО «""SAHOVAT PHARMACY"" MCHJ»",generic,https://api.saxovatpharm.uz/v1/payments/payme/merchant
6a38e204f85f5f41500d5aa4,SADO TRAVEL,"ООО «""SADO TRAVEL"" MCHJ»",arca,https://api-qr.uzcard.uz
6a38e5a5ed6948ca5025cae0,EZZY,ЧП «GRIGORYAN DMITRIY»,generic,https://tel.ezzy.uz/billing/payments/payme
6a38e7c3ed6948ca5025cb1b,EZZY,ЧП «GRIGORYAN DMITRIY»,generic,https://bzr.one/api/payments/payme/webhook
6a38eba27b97d1e676342115,SITELAB.uz,ЧП «KAZAKOV TEMURBEK»,generic,https://sitelab.uz/api/topup/payme/callback
6a390064ed6948ca5025ceae,WOK/STREET77,"ООО «""MEGACAPITAL"" MCHJ»",generic,https://wok.zoomda.uz/backend/payme/
6a390ebfbc96893014bbb79f,Онлайн курс,ЧП «XALILOVA SEVARA»,generic,https://sevarahalilova.uz/webhook/payme
6a3910116d6de05b3138699d,SARBON UNIVERSITETI,"ООО «""SARBON UNIVERSITETI"" MCHJ»",generic,https://qabul.sarbon.university/payme/payme/payme-hook
6a3913606d6de05b31386a50,YUSUPOV ZIYODBEK,ЧП «YUSUPOV ZIYODBEK»,generic,https://dev.foundersspeaking.uz/payments/payme
6a391be5395419e77320e1e6,ZAHRATUN FOOD 1,"ООО «""ZAHRATUN FOOD 1"" MCHJ»",generic,https://payment.api.delever.uz/payme
6a3920887b97d1e676342152,CHANCE FOR EVERYONE,"ООО «""CHANCE FOR EVERYONE"" MCHJ»",generic,https://nizo.uz/payment/payme
6a3925126d6de05b31386e54,ЯТТ ШАВКАТОВ,ЧП «SHAVKATOV UMAR»,generic,https://worker-production-5658.up.railway.app/payme
6a3927ea6d6de05b31386eb9,iPost,"ООО «""IPOST"" MCHJ»",generic,https://staging-pochtabor.yiwuas.com/api/pay/payme
6a3928a5a922d40c379a9674,Tao Baraka,ООО «Baraka Holding»,generic,https://pochtabor.yiwuas.com/api/pay/payme
6a3936f27b97d1e676342162,KOER,"ИП ООО «""KOER"" MAS'ULIYATI CHEKLANGAN JAMIYAT XORIJIY KORXONA»",arca,https://api-qr.uzcard.uz
6a3939307b97d1e676342164,RENESSANS CONSULTING GROUP,"ООО «""RENESSANS CONSULTING GROUP"" MCHJ»",generic,https://test-pay.gatedparking.uz/api/payme/callback
6a39458b6d6de05b313874a9,BigBoss,"ООО «""OASIS 171"" MCHJ»",generic,https://app.akatsuki.uz/api/payme/callback
6a3a25c76d6de05b31387dfb,ЗЭТТА,"ООО «""ZETTACODE"" MCHJ»",generic,https://api.woody.uz/api/v1/webhooks/payme
6a3a270c7b97d1e67634219f,PORTENKO BOGDAN BORISOVICH,ЧП «PORTENKO BOGDAN»,generic,https://stilistim.uz/api/payme
6a3a6048f532e26655f0672d,NORMAMADOV ELBEK NURALI O‘G‘LI,ЧП «NORMAMADOV ELBEK»,generic,https://daraja24.uz/api/payme
6a3a6dd909d2fa917d48c6e1,ASHUROVA MAXZUNA AVAZBEKOVNA,ЧП «ASHUROVA MAXZUNA»,generic,https://backend.admin.tgshop.io/api/v1/payme/webhook
6a3a72f9f532e26655f06744,BOBOY,"ООО «""MODERN BOBOY"" MCHJ»",generic,https://sbob.zoomda.uz/backend/payme/
6a3a7445f532e26655f06747,Soul Artisan Bakery,"ООО «""SOUL ARTISAN BAKERY"" MCHJ»",generic,https://ssb.zoomda.uz/backend/payme/
6a3b6ec1c1ede391a9eab99e,HILOL EDU,ООО «HILOL EDU MCHJ»,generic,https://api.exode.biz/api/v2/payment/rpc/acquiring/ae37456c-3f24-447d-99fc-deb99fb8503d
6a3b6facc1ede391a9eab99f,NEW FASHION PLUS,"ООО «""NEW    FASHION    PLUS"" MCHJ»",generic,https://api.exode.biz/api/v2/payment/rpc/acquiring/ba2cc0a1-78c5-461a-87f1-8a4e03a0bb4d
6a3b751972f56e8346c5848b,ZOKIROV SALOHIDDIN NIZOMITDINOVICH,ЧП «ZOKIROV SALOHIDDIN»,generic,https://api.exode.biz/api/v2/payment/rpc/acquiring/16552593-9670-4446-a62d-f19795ca90ca
6a3b859df532e26655f06799,SMART FOOD,"ООО «""SAYPIYEV BIZNES"" MAS'ULIYATI CHEKLANGAN JAMIYAT»",generic,https://164-92-169-119.sslip.io/api/v1/payment/payme/callback
6a3b9b9887e3e4daca638fef,MegaGo,"ООО «""TOTMEGA"" MCHJ»",generic,https://megago.uz/api/common/payme/merchant
6a3ba2d9f532e26655f067b3,SARMISH-SOY,"ООО «""SARMISH-SOY"" MCHJ»",generic,https://sarmisheats.uz/api/payme/webhook
6a3ba81c87e3e4daca63926a,SHUKRONA AISH,"ООО «""SHUKRONA AISH"" MCHJ»",generic,https://apiv1.meshkob.uz/api/v1/billing/payme/1/
6a3ba8f618bb94e86cf81a5a,ZOLOTOY market,"ООО «""ZOLOTOY MARKET"" MCHJ»",arca,https://api-qr.uzcard.uz
6a3ba91f87e3e4daca639291,ZOLOTOY market,"ООО «""ZOLOTOY MARKET"" MCHJ»",arca,https://api-qr.uzcard.uz
6a3bab2bf532e26655f067bf,Kasbiy ta`lim agentligi,"ГУП «""O‘ZBEKISTON RESPUBLIKASI OLIY TA’LIM FAN VA INNOVATSIYALAR VAZIRLIGI HUZURIDAGI KASBIY TA’LIM AGENT»",generic,https://api.kasbedu.uz/api/payment/payme/
6a3bb52ff532e26655f067c9,Qodirov,ЧП «QODIROV AZAMAT»,generic,https://b.ivend.uz/payme/api/v1/GKD71gmeIbMiEkoOzxXZ/rpc
6a3bb85218bb94e86cf81a6b,WEST,"ООО «""WEST-BURGERS"" MAS'ULIYATI CHEKLANGAN JAMIYAT»",generic,https://api.westburger.uz/api/shop/payments/payme
6a3bb99ff532e26655f067cb,Osh Tracker,"ООО «""AQLWISE"" MCHJ»",generic,https://oshtracker.uz/webhooks/payme
6a3bbe26a2b8a50c9102f701,KABIROV ILYAS RASHIDOVICH,ЧП «Kabirov Ilias»,generic,https://kabirov.uz/api/payments/payme
6a3bcc200bbbdbd1dba03842,RAVSHAN Court,ЧП «KARIMOV BOBIRBEK»,generic,https://b.ivend.uz/payme/api/v1/dzX8HegfZ387AFRGlvRy/rpc
6a3be00356ac2e799953f48b,COMFORT GARDENS,"ООО «""COMFORT GARDENS"" MCHJ»",generic,https://istiqlol-park.uz/api/v1/payments/payme/merchant
6a3cd7680e25b94deccaca17,WATERBOX,"ООО «""WATERBOX"" XK»",generic,https://my.vionet.uz/api/billing/payme/merchant/
6a3cf54e7a794fb03185485d,IMINOVS,"ООО «""IMINOVS"" MCHJ»",generic,https://order.mazami.uz/api/payments/payme
6a3e10920e9b1970e02062e3,FERATECH,"ООО «""FERATECH"" MCHJ»",generic,https://api.salom-ai.uz/subscriptions/payme/merchant
6a3e142f5dedc4a2bf197b38,CLOUD FORGE,"ООО «""CLOUD FORGE"" MCHJ»",generic,https://qalqonuz.com/api/payme
6a3e16c6d3b3f652ad07c0e5,KUVANDIKOV LOCHIN UCHKUNOVICH,ЧП «KUVANDIKOV LOCHIN»,generic,https://pravatest-edu.uz/api/plans/webhook/payme
6a3e2836d3b3f652ad07c0fa,MARIIYAM MANSUROVNA ACADEMY,"ООО «""MARIIYAM MANSUROVNA ACADEMY"" MCHJ»",generic,https://api.mariiyam-akademiya.uz/api/payment/callbacks/payme/
6a3e2e86f3e36925cdac78a8,LOOPS,ЧП «GAZIZOV DANIIL»,generic,https://app.adstat.uz/api/v1/payments/payme
6a3e754158dea1f74b878e7f,GFC ENERGY ООО,"ООО «""GFC ENERGY"" MCHJ»",generic,https://app.flexa.jobs/api/payme/merchant
6a3e774358dea1f74b878e82,AIVEND,"ООО «""AIVEND"" MCHJ»",generic,https://api.2pay.uz/api/payments/payme/
6a3f91e458dea1f74b878eb6,"""SVOTINA AGATA ASKAROVNA",ЧП «SVOTINA AGATA»,generic,https://www.svojewelry.uz/api/payme
6a3ff38c4f328f9a2e8d64bd,Birgo,ЧП «BAHODIROV BEHRUZ»,generic,https://api.birgo.app/api/v1/payments/payme
6a3ff98b8918394011266b8a,MULTIWAY,"ООО «""MULTIWAY"" MCHJ»",generic,https://youtube.com/
6a40014d4f328f9a2e8d64bf,MULTIWAY,"ООО «""MULTIWAY"" MCHJ»",generic,https://us-central1-ustabor-129ae.cloudfunctions.net/api/payme
6a420dea5e298ab1aff921a4,Zumex,"ООО «""AUTOMATIC TECHNOLOGY SOLUTIONS"" MCHJ»",generic,https://api.zumex.uz/payme/webhook
6a4234de5e298ab1aff9273f,PROFESSIONAL MALAKA OSHIRISH,"НОУ «""PROFESSIONAL MALAKA OSHIRISH"" NTM»",generic,https://finn.uz/payments/payme
6a42495a5e298ab1aff92a9d,"""UNWANTED BOYS"" MCHJ","ООО «""UNWANTED BOYS"" MCHJ»",generic,https://unwantedboys.uz/api/payments/payme
6a425739eaec1251d7724e4e,Onalik Baxti,"ООО «""ABU IT HUB"" MCHJ»",generic,https://api.onalikbaxti.uz/api/payment/payme
6a425d7858dea1f74b878fc3,Topla,"ООО «""VELUNA MARKET"" MAS'ULIYATI CHEKLANGAN JAMIYAT»",generic,https://api.topla.uz/api/v1/payme
6a42609358dea1f74b878fc7,"""UBASE"" MCHJ","ООО «""UBASE"" MCHJ»",generic,https://pay.ubase.uz/api/v1/payments/payme
6a4266588918394011266c59,CHORTOQ ICHIMLIK SUV SERVIS,"ООО «""CHORTOQ ICHIMLIK SUV SERVIS"" MCHJ»",generic,https://wcontrol.uz/API-PaymeChortoq/
6a4268a05e298ab1aff933dd,"""IP AVATARIYA"" MCHJ XK","ООО «""IP AVATARIYA"" MCHJ XK»",generic,https://pay-api.avatariya.uz/api/v1/webhooks/payme
6a4268c18918394011266c5c,"""IP AVATARIYA"" MCHJ XK","ООО «""IP AVATARIYA"" MCHJ XK»",generic,https://pay-api.avatariya.uz/api/v1/webhooks/payme
6a4365c30931cfd22e95954a,PROFMED LOR,"ООО «""PROFMED LOR"" MCHJ»",arca,https://api-qr.uzcard.uz
6a4368aea1d5ace888f748aa,HABIT HERO,ЧП «BORODKINA ALBINA»,generic,https://promptw.ru/api/pay/payme
6a437ed7a1d5ace888f74ba9,Ezoz Optical ,ЧП «ABDULLAYEVA MANZURA»,generic,https://ezozoptical.magicstore.ai/handle/payme/87ac1326-b602-4d16-98aa-819b6cf97ba2
6a43911b528b2a1dcdc59493,Bellissimo Pizza Ko'kcha,"ООО «ООО ""MAYFAIR-PIZZA""»",generic,https://pay.bpnet.uz/api/payment/payme
6a4394010931cfd22e959577,"HAYDAROV MUHAMMAD RUSTAM O‘G‘LI""",ЧП «HAYDAROV MUHAMMAD»,generic,https://api.exode.biz/api/v2/payment/rpc/acquiring/36728ee5-aee0-477f-8e8d-1d4b7738d8d7
6a4395440931cfd22e959578,XOLIKNAZAROV PO‘LATBEK ALISHER O‘G‘LI,ЧП «XOLIKNAZAROV PO‘LATBEK»,generic,https://api.exode.biz/api/v2/payment/rpc/acquiring/0f294bef-fdba-4944-a985-9c1dbfe5a3c5
6a4399c8528b2a1dcdc5949d,Ziaja Uzbekistan,ООО «EURO TRADE CA»,generic,https://ziajashop.work/wp-json/ziaja/v1/payments/payme
6a44bca15ce262ad583d1d2a,PAY AND STROY,"ООО «""PAY AND STROY"" MCHJ»",generic,https://stage.savdona.uz/api/payments/payme/v1
6a44c09d3e8536ae674a1a35,AGROSTAR KONSALTING,"ООО «""AGROSTAR KONSALTING"" MCHJ»",generic,https://bot.agrostarconsulting.uz/api/payments/payme/callback
6a44fed58a90a8abffe2cf2c,Школа актуальных профессий TEHNIKUM,"ООО «ООО ""TEHNIKUM SCHOOL""»",generic,https://api.exode.biz/api/v2/payment/rpc/acquiring/01cedfea-9ad9-4381-8203-6e28f0cbd115
6a45ff0a0164c95298d285ff,AIBURCHAK,"ООО «""AIBURCHAK"" XK»",generic,https://bandscore.uz/v1/payments/payme/webhook
6a45ffd2350f0920e54595c3,BERUNIY AVTOGAZ NAZORAT,"ООО «""BERUNIY AVTOGAZ NAZORAT"" MCHJ»",generic,https://api.yangidex.bdm.uz/api/payments/paycom
6a460f03005d846d7bdbc079,TOSHMUXAMEDOV RUSTAM TOIR O'G'LI,ЧП «TOSHMUXAMEDOV RUSTAM»,generic,https://babydiary-production.up.railway.app/payme
6a461047ba6ad5fd2b6d115e,"""TRITON SUPPLY CHAIN"" MCHJ","ООО «""TRITON SUPPLY CHAIN"" MCHJ»",generic,https://tgbot-dev-api.cargosoft.uz/api/payme/3/
6a4611520164c95298d28618,"""DUBLYAJ AI","ООО «""DUBLYAJ AI"" MCHJ»",generic,https://api.dublyaj.ai/api/payments/payme
6a461344e098dc36c0bbc568,OLTIN CAY,"ООО «""OLTIN CAY"" MCHJ»",generic,https://airbaby.uz/paycom/merchant
6a461395ba6ad5fd2b6d1164,TARGET REKLAMA,"ООО «""TARGET REKLAMA"" MCHJ»",generic,https://lms-up.uz/api/webhooks/saas-payments/payme
6a462b180164c95298d28644,"""FOREXCLUB TASHKENT""",НОУ «NTM FOREXCLUB TASHKENT»,generic,https://api.exode.biz/api/v2/payment/rpc/acquiring/1c0e24a5-40c0-45bb-81a8-2c1259c2a2c9
6a462be90164c95298d28646,ABA BUXARA,"ООО «""ABA BUXARA"" MCHJ»",generic,https://api.exode.biz/api/v2/payment/rpc/acquiring/388e316f-abb4-4339-9207-b10e8c92f0db
6a462d1dba6ad5fd2b6d118c,TGROUP,"ООО «""TGROUP"" MCHJ»",generic,https://dilleradm.uz/api/v1/payme
6a462e1b005d846d7bdbc0f7,УМАРОВА РОБИЯ,ЧП «UMAROVA ROBIYA»,generic,https://payment2.azbicoffee.uz/api/partner/webhook/payme/umart
6a463911350f0920e5459612,Octa AI,ЧП «MUSAYEV KOMRONBEK»,generic,https://digio.uz/api/billing/payme/jsonrpc/
6a464691c8a82e6c0e6b8013,FALAQ NASHR,"ООО «""FALAQ NASHR"" MCHJ»",generic,https://api.falaqnashr.uz/api/v1/payments/payme
6a4656715b81a7278e142bc7,"""LAZIZDEV"" MCHJ","ООО «""LAZIZDEV"" MCHJ»",generic,https://api.uzmanychat.com/api/billing/webhook/payme
6a465d3a27634c3e345b0088,XURSHID BARAKA OMAD,"СП «""XURSHID BARAKA OMAD"" OK»",generic,https://payment.api.delever.uz/payme
6a465f75b42f7c214f5dbeaf,YOSHLAR SPORT VA SOGLOMLASHTIRISH PayConnectBE,"ООО «""YOSHLAR SPORT VA SOGLOMLASHTIRISH"" MCHJ»",generic,https://test.uz/
6a466b7da1a970076bfa3ddd,"""TRITON SUPPLY CHAIN"" MCHJ","ООО «""TRITON SUPPLY CHAIN"" MCHJ»",generic,https://dev-api.unicorngo.uz/api/payment/payme
6a466db6035dc5f3317c6c5f,SAGATOV NAMAZ BAXADIROVICH,ЧП «SAGATOV NAMAZ»,generic,https://muminovdigital.uz/payments/payme
6a469becb18f08ffdbdc7fd4,LETI EDU,"ООО «""LETI EDU"" MAS'ULIYATI CHEKLANGAN JAMIYAT»",generic,https://api.letiedu.uz/api/payments/payme
6a46b561b42f7c214f5dbee4,TOOLS24,"ООО «""AB PARTNERS"" MCHJ»",generic,https://toolbox-backend-eight.vercel.app/api/payments/payme
6a472cdab42f7c214f5dbeec,ALIF24 AI TEXNOLOGIES,"ООО «""ALIF24 AI TEXNOLOGIES"" MCHJ»",generic,https://bbazar.uz/api/webhook/payme
6a4750dda1a970076bfa3e23,CAKE LAB,ООО «MCHJ CAKE LABORATORY»,generic,https://cl.zoomda.uz/backend/payme/
6a475bde27634c3e345b00df,City Of Magicians PayConnectBE,"ООО «""CITY OF MAGICIANS"" MCHJ»",generic,https://test.uz/
6a4773cdb18f08ffdbdc8015,Litebox,ЧП «ISHANKULOVA KAMOLA»,generic,https://www.domreklami.uz/api/payments/payme/callback
6a47794f27634c3e345b00f5,"""SPITAMEN INVEST"" MCHJ","ООО «""SPITAMEN INVEST"" MCHJ»",generic,https://api.prism-ai.uz/payments/payme/callback
6a477cc20d530da71e1d4d08,City Inn Travel PayConnectBE,"ООО «""CITY INN TRAVEL"" MCHJ»",generic,https://test.uz/
6a47959727634c3e345b010f,Movlonov Oybek Nasrulla Ogli,ЧП «MOVLONOV OYBEK»,generic,https://device.radiomer.uz/api/payment/payme/v2
6a47a469c4280d87cd6aebf4,GAMING,"ООО «""GAMING"" MAS'ULIYATI CHEKLANGAN JAMIYAT»",generic,https://payment-service.d.enes.tech/payment_service/paycom/hook/
6a4b3f97ffae39a0f63eedd0,DEFT MOTO,ЧП «MAMANIYOZOV ABDULATIF»,generic,https://deftmoto.uz/api/payment/payme
6a4b470e5971972b93467ef9,YERTUGANOVA MAXSUMA MAXSUTOVNA,ЧП «YERTUGANOVA MAXSUMA»,generic,https://api-kuychiai.innobek.uz/webhooks/payme
6a4b72600b06800e9b3e62b1,INFIN CLASS,"ООО «""INFIN CLASS"" MCHJ»",generic,https://nil.taxi1313.ru/api/payme
6a4b867e6772ce30a057d9c7,FASTAGO,ООО «FASTAGO»,generic,https://api.uztender.com/api/billing/payme
6a4b86b9d2c54dc870b00036,TOIROV RUSTAMBEK UTKIR-O‘G‘LI,ЧП «TOIROV RUSTAMBEK»,generic,https://old.idealsmm.com/payme/merchant-new-test
6a4b874e5d7a5a452b60b9e8,FREEZY SMM,"ООО «""FREEZY SMM"" MCHJ»",generic,https://freezysmm.uz/payme/merchant
6a4b8a9dd2c54dc870b0003a,ALCHORVA,"ООО «""CAMUNA BIZNES"" MCHJ»",generic,https://api.alchorva.uz/api/payments/payme
6a4b8c1e0b06800e9b3e676e,AQLWISE,"ООО «""AQLWISE"" MCHJ»",generic,https://ovozmind.aqlwise.dev/webhooks/payme
6a4bb6c20f2f9887b1ea3404,Mercuriy products,"ООО «""SAMOINUR LTD MCHJ"" MCHJ»",generic,https://web-production-f1b0.up.railway.app/pay
6a4c90370b06800e9b3e7af7,"""LAZIZDEV"" MCHJ","ООО «""LAZIZDEV"" MCHJ»",generic,https://uzmanychat.com/api/billing/webhook/payme
6a4c93340b06800e9b3e7b77,WELL PHARM STORES,"ООО «ООО ""WELL PHARM STORES""»",generic,https://api.vitamentor.uz/payme
6a4cd55a0f2f9887b1ea3479,ELMURODOV ISKANDAR,ЧП «ELMURODOV ISKANDAR»,generic,https://b.ivend.uz/payme/api/v1/0TeWfLURzuNgbEjX5Sq5/rpc
6a4cec165d7a5a452b60bac4,TOKYO.PC,"ООО «ООО ""ASOSMAN""»",generic,https://payment.api.delever.uz/payme
6a4cf75a0b06800e9b3e8d53,HORIZON LABS,"ООО «""HORIZON LABS"" MCHJ»",generic,https://api.arkpos.uz/api/webhooks/payme
6a4cf8575d7a5a452b60bad5,AQLION AI GROUP,"ООО «""AQLION AI GROUP"" MCHJ»",generic,https://bot.aqlion.uz/webhook/payme
6a4d03ed0f2f9887b1ea34b5,ALO TAKSI SERVIS,"СП «""ALO TAKSI SERVIS"" OILAVIY KORXONA»",generic,https://alov2.lidertaxi.uz/admin/pay-ment/payme-end-point
6a4dec18d2c54dc870b00168,NAMUNA INTERNATIONAL MONTESSORI SCHOOL,"ООО «""NAMUNA INTERNATIONAL MONTESSORI SCHOOL"" MCHJ»",generic,https://conference.namunamontessori.uz/api/payme
6a4dedbc19787653bf35b37a, RS PRODUCT LABS,"ООО «""RS PRODUCT LABS"" MCHJ»",generic,https://maslahat.ai/api/v1/payments/payme/webhook
6a4e1426d2c54dc870b00188,AladdinBek,"ООО «""ALADDIN BEK"" MCHJ»",generic,https://b.ivend.uz/payme/api/v1/DBjPRHfZYk67qF1TOHGt/rpc
6a4e1659d2c54dc870b0018b,BEYDJANOV RAVSHANBEK,ЧП «BEYDJANOV RAVSHANBEK»,generic,https://meetme-production-154a.up.railway.app/api/payme
6a4e1bced2c54dc870b00193,incustoms.ai,"ООО «""MEDOL AI LAB"" MCHJ»",generic,https://api.dev.incustoms.uz/v1/billing/webhooks/payme
6a4e1f546772ce30a057db07,VAKIL GROUP,"ООО «""VAKIL GROUP"" MCHJ»",alivewater,https://mobile.api.alivewater.online
6a4e1f635d7a5a452b60bb57,VAKIL GROUP,"ООО «""VAKIL GROUP"" MCHJ»",alivewater,https://mobile.api.alivewater.online
6a4e1f72d2c54dc870b0019c,VAKIL GROUP,"ООО «""VAKIL GROUP"" MCHJ»",alivewater,https://mobile.api.alivewater.online
6a4e1f810b06800e9b3ea308,VAKIL GROUP,"ООО «""VAKIL GROUP"" MCHJ»",alivewater,https://mobile.api.alivewater.online
6a4e1f915d7a5a452b60bb58,VAKIL GROUP,"ООО «""VAKIL GROUP"" MCHJ»",alivewater,https://mobile.api.alivewater.online
6a4e24bf19787653bf35bdd8,VerangePlus,ООО «DANIEL GROUP TELECOM MCHJ»,generic,https://tvbill.verangeplus.uz/paycom
6a4e2a950f2f9887b1ea352c,NICOLO,"ООО «""NICOLO"" MCHJ»",generic,https://nicolo.magicstore.ai/handle/payme/a5ec8fc4-7a61-48b6-a8ed-545e7a8f9917
6a4e38685d7a5a452b60bb7c,DAG TOUR,"ООО «""DAG TOUR"" MCHJ»",generic,https://dag-tour.uz/?wc-api=wc_payme
6a4e4b55d2c54dc870b001c6,fieldy.io,"ООО «""FIELDY"" MCHJ»",generic,https://api.fieldy.io/integrations/payme
6a4e67995d7a5a452b60bb9a,Salom AI Biznes,"ООО «""FERATECH"" MCHJ»",generic,https://api.business.salom-ai.uz/billing/payme
6a4e9deb6772ce30a057db47,e-zakon.uz,"ООО «""NOLBIR SERVICE CO"" MCHJ»",generic,https://lex-uz-backend-442230796698.europe-west3.run.app/api/payme
6a4f6e6094a836be1e745b7e,EZZY ,"ООО «""EZZY"" MCHJ»",generic,https://bzr.one/api/payments/payme/webhook
6a4f6fd994a836be1e745bb6,EZZY ,"ООО «""EZZY"" MCHJ»",generic,https://tel.ezzy.uz/billing/payments/payme
6a4f918430285cdb1afb9b0f,EGAMBERDIYEV DILSHODBEK OYBEK O‘G‘LI,ЧП «EGAMBERDIYEV DILSHODBEK»,generic,https://api.myyurist.uz/api/v1/payments/callback/payme
6a4f97cccd06b7cfb56b7127,Rajabov Nodirbek,ЧП «RAJABOV NODIRBEK»,generic,https://bot.project.afron.uz/api/payments/payme
6a4f9d03b5022b89126e035c,ENJOY LAVASH - TTZ,"ООО «ООО ""FRESHMEAT BURGERS""»",generic,https://api.enjoylavash.uz/payments/payme
6a509211b5022b89126e0393,SALIM NODIR SAVDO,"ООО «""SALIM NODIR SAVDO"" MCHJ»",generic,https://hamd.zoomda.uz/backend/payme/
6a50926994a836be1e746bac,КУРАНТЫ,"ООО «""KURANT"" MCHJ»",generic,https://delivery.kurantibar.uz/api/payments/payme/callback
6a50a620cd06b7cfb56b7190,ELHISOB,"ООО «""ELHISOB"" MCHJ»",generic,https://yul-yul.elmed.uz/driver/balance/topup/provider/payme/merchant
6a50abc66f518dc479c60cec,NICE CLUB,"ООО «""NICE CLUB"" XK»",arca,https://api-qr.uzcard.uz
6a50bede60f2be85ee2c415e,RASULOVA ROBIYAXON AKMAL QIZI,ЧП «RASULOVA ROBIYAXON»,generic,https://pay.donat-x.uz/api/v1/webhooks/payme/payme-1/
6a50d1c1fff40668938deecd,ZAHRATUN FOOD 1,"ООО «""ZAHRATUN FOOD 1"" MCHJ»",generic,https://payment.api.delever.uz/payme
6a514403fff40668938df939,Vr lab online,ЧП «ABDURAYIMOV FURQATJON»,generic,https://medlearn.uz/payme.php
6a546eba60f2be85ee2c4279,EVOS,ООО «MCHJ MAK FOOD SERVIS»,generic,https://payment.api.delever.uz/payme
6a546f5230285cdb1afb9c85,EVOS,ООО «MCHJ MAK FOOD SERVIS»,generic,https://qr.evos.uz/api/payme/callback
6a547226cd06b7cfb56b72a4,EVOS,ООО «MCHJ MAK FOOD SERVIS»,generic,https://qr.evos.uz/api/payme/callback
6a5472a260f2be85ee2c427b,EVOS,ООО «MCHJ MAK FOOD SERVIS»,generic,https://payment.api.delever.uz/payme
6a548605fff40668938e260f,RTX,"ООО «""ESS PERFECT COMMUNICATION "" MAS'ULIYATI CHEKLANGAN JAMIYAT»",generic,https://bots.simcard.uz/raqamtanlash/payments/payme.php
6a54bd6bfff40668938e2ecf,SHANARAQ,"ООО «""SHAŃARAQ"" MCHJ»",generic,https://shanaraqgo.lidertaxi.uz/admin/pay-ment/payme-end-point
6a54e77c60f2be85ee2c42eb,Kornet.uz,"ООО «""FIND WORK NEW SERVICE"" MCHJ»",generic,https://staging-payment.kornet.uz/api/payme-system/pay
